


*** RESULTS OF CROP GROWTH MODEL NWHEAT *** SUMMARY OF OUTPUT FOR WINTER WHEAT AND YIELD STATISTICS ***

Name of run: RHVP1, Station= UKHIV, Soil=   1, Crop=   1, Organic M.=   1, Nsoil=   1, IRR=   1, Runof=  .00
 Roth., UKHI scen.(normal),Var.change, pot. prod., CO2 353 ppm                   


YEAR     SOW EMERG  ANTH  HALT   WRT   WLV    WST   WGR    TAGB     HI  LAIM PARAB  RUE   DWAV RAIN  ESOIL   TRANS DRAIN RUNOF IRR  WUE MINOM MINFM DNTOT NRAIN NGIFT NUPT  NLEACH NIMMO  NUE  DNFM  NBIOM
1902     283   290   137   178  1446.  2261.  7315.  9358. 18934.   .49  5.20  689.  2.75   68.  635.  102.    349. 390.   0. 137.  4.21 152.5   6.6-134.5  12.7 260.0 263.9  28.9    .0  71.7  39.8  33.1
1903     283   291   135   171  1144.  1949.  6787.  8335. 17071.   .49  4.50  607.  2.81   77.  523.  114.    326. 317.   0. 157.  3.88 135.7   6.6-147.7  10.5 260.0 243.1  18.8    .0  70.2  39.6  33.0
1904     283   294   130   186   626.  1069.  5435.  7805. 14310.   .55  2.54  560.  2.56   55.  748.  189.    218. 495.   0. 100.  3.52 138.9   6.6-177.6  15.0 260.0 188.9  53.7    .0  75.7  39.6  33.0
1905     283   290   136   174  1122.  1817.  6617.  8161. 16596.   .49  4.14  613.  2.71   69.  973.  149.    291. 661.   0.  59.  3.77 140.2   6.6-129.1  19.5 260.0 235.6  58.6    .0  70.5  39.6  33.0
1906     283   297   136   182   504.   846.  4560.  5541. 10947.   .51  1.98  439.  2.49   99.  875.  195.    168. 671.   0.  60.  3.02 132.6   6.6-194.2  17.5 260.0 140.7  81.2    .0  77.8  39.5  32.9
1907     283   292   133   175  1231.  1997.  6848.  8811. 17656.   .50  4.65  655.  2.70   74.  589.  130.    367. 372.   0. 206.  3.55 151.8   6.6-140.2  11.8 260.0 257.8  27.4    .0  68.5  39.8  33.1
1908     283   291   128   171   960.  1520.  6056.  7811. 15386.   .51  3.48  564.  2.73   81.  530.  151.    311. 286.   0. 136.  3.33 144.1   6.6-198.8  10.6 260.0 197.5  22.9    .0  77.9  39.7  33.1
1909     283   291   136   181   781.  1292.  5753.  8164. 15210.   .54  3.02  542.  2.80   57.  863.  186.    243. 561.   0.  70.  3.55 140.8   6.6-171.2  17.3 260.0 190.8  61.4    .0  79.7  39.6  33.0
1910     283   290   128   177   781.  1278.  5699.  8188. 15165.   .54  2.96  574.  2.64   88.  832.  184.    231. 602.   0.  97.  3.65 145.1   6.6-172.0  16.6 260.0 195.7  59.7    .0  77.5  39.7  33.1
1911     283   294   133   182   713.  1155.  5564.  7849. 14567.   .54  2.69  583.  2.50   66.  563.  216.    254. 318.   0. 160.  3.10 156.6   6.6-221.6  11.3 260.0 183.2  29.0    .0  79.5  39.8  33.2
1912     283   295   130   174   581.  1001.  4519.  6380. 11899.   .54  2.34  434.  2.74   80.  915.  185.    213. 615.   0.  17.  2.99 133.7   6.6-194.7  18.3 260.0 156.3  66.6    .0  76.1  39.5  32.9
1913     283   293   133   183   774.  1341.  5642.  8430. 15413.   .55  3.14  569.  2.71   91. 1020.  223.    287. 672.   0.  70.  3.02 140.0   6.6-164.4  20.4 260.0 190.3  71.2    .0  81.0  39.6  33.0
1914     283   292   130   181   958.  1576.  6287.  9142. 17005.   .54  3.66  631.  2.69   87.  709.  156.    293. 487.   0. 140.  3.78 146.1   6.6-157.1  14.2 260.0 219.1  48.0    .0  77.6  39.7  33.1
1915     283   293   129   176   874.  1457.  6116.  8412. 15984.   .53  3.37  581.  2.75   92.  751.  166.    279. 497.   0. 100.  3.59 141.1   6.6-157.4  15.0 260.0 215.2  48.0    .0  74.3  39.6  33.0
1916     283   301   125   180   476.   810.  3905.  6856. 11570.   .59  1.90  445.  2.60  100.  700.  220.    184. 465.   0.  70.  2.86 138.1   6.6-226.2  14.0 260.0 144.2  48.5    .0  80.2  39.6  33.0
1917     283   294   130   186   625.  1031.  4700.  7130. 12860.   .55  2.42  486.  2.65  101.  812.  238.    238. 516.   0.  80.  2.70 142.8   6.6-220.2  16.2 260.0 150.5  54.7    .0  85.5  39.7  33.0
1918     283   291   124   189   613.   987.  5062.  8514. 14563.   .58  2.33  583.  2.50   81.  719.  254.    245. 391.   0.  90.  2.92 153.6   6.6-213.6  14.4 260.0 181.4  39.1    .0  80.3  39.8  33.1
1919     283   292   134   176   939.  1527.  6413.  8313. 16252.   .51  3.54  636.  2.56   78.  792.  164.    273. 483.   0.  50.  3.72 143.0   6.6-166.8  15.8 260.0 215.0  41.8    .0  75.6  39.7  33.1
1920     283   290   128   184   805.  1221.  5437.  8292. 14951.   .55  2.79  581.  2.58   92.  687.  200.    250. 406.   0.  78.  3.32 150.1   6.6-205.6  13.7 260.0 182.8  41.2    .0  81.8  39.7  33.1
1921     283   292   130   178   914.  1527.  6207.  9265. 16999.   .55  3.58  617.  2.76   79.  609.  169.    268. 379.   0. 127.  3.90 148.3   6.6-183.6  12.2 260.0 212.0  29.7    .0  80.2  39.7  33.1
1922     283   290   131   168   730.  1214.  5284.  6850. 13349.   .51  2.81  506.  2.64   89.  627.  169.    255. 412.   0. 120.  3.14 146.4   6.6-212.0  12.5 260.0 173.2  38.9    .0  77.1  39.7  33.1
1923     283   293   136   174  1131.  1939.  6752.  8306. 16997.   .49  4.48  597.  2.85   73.  618.  115.    340. 356.   0. 120.  3.74 133.1   6.6-142.1  12.4 260.0 244.1  22.6    .0  69.6  39.5  32.9
1924     283   293   139   180  1106.  1941.  7733.  9208. 18882.   .49  4.57  659.  2.87   81.  905.  152.    379. 536.   0.  80.  3.56 157.5   6.6-129.1  18.1 260.0 257.5  53.0    .0  73.3  39.8  33.2
1925     283   297   130   174   815.  1367.  6122.  7713. 15202.   .51  3.13  579.  2.62   71.  804.  192.    318. 564.   0. 200.  2.98 151.6   6.6-171.8  16.1 260.0 198.8  62.2    .0  76.5  39.7  33.1
1926     283   293   134   177  1151.  1985.  6688.  9159. 17833.   .51  4.54  676.  2.64   87.  702.  121.    339. 539.   0. 210.  3.88 140.5   6.6-128.8  14.0 260.0 240.1  48.7    .0  74.3  39.6  33.0
1927     283   290   129   176   603.  1065.  4748.  6826. 12638.   .54  2.52  462.  2.74   93.  792.  188.    191. 554.   0.  47.  3.34 131.0   6.6-193.5  15.8 260.0 161.8  57.5    .0  78.1  39.5  32.9
1928     283   291   124   179   847.  1342.  5644.  8693. 15680.   .55  3.12  584.  2.69   83.  915.  179.    301. 689.   0. 170.  3.27 153.3   6.6-158.2  18.3 260.0 203.1  75.7    .0  77.2  39.8  33.1
1929     283   297   132   169   911.  1536.  6205.  7120. 14861.   .48  3.55  535.  2.78   76.  954.  163.    283. 604.   0.  20.  3.33 137.7   6.6-152.0  19.1 260.0 204.6  64.7    .0  72.6  39.6  33.0
1930     283   295   126   177   616.   978.  4718.  6784. 12480.   .54  2.28  469.  2.66   64. 1077.  211.    224. 735.   0.  30.  2.86 148.0   6.6-193.2  21.5 260.0 162.7  79.9    .0  76.7  39.7  33.1
1931     283   291   132   178   976.  1664.  7021.  9216. 17901.   .51  3.87  645.  2.78   45.  610.  151.    302. 352.   0. 150.  3.96 137.2   6.6-150.1  12.2 260.0 230.6  33.4    .0  77.6  39.6  33.0

 MEANS over  30 years  :
        283.  293.  131.  178.   858.  1423.  5861.  8021. 15305.   .53  3.30  570.  2.68   79.  762.  174.    274. 498.   0. 105.  3.41 143.7   6.6-173.6  15.2 260.0 201.4  48.9    .0  76.5  39.7  33.1
 STANDARD DEVIATIONS  :
          0.    3.    4.    5.   231.   380.   904.   951.  2093.   .03   .87   70.   .10   13.  147.   37.     53. 123.   0.  53.   .39   7.3    .0  29.4   2.9    .0  34.2  17.2    .0   3.9    .1    .1
 VARIATION COEFFICIENTS (%)  : 
          .0    .9   2.9   2.8   26.9   26.7   15.4   11.9   13.7   5.4  26.2  12.3   3.7  16.8  19.3  21.1    19.3 24.7   .0 50.2  11.3   5.1    .2  16.9  19.3    .0  17.0  35.3    .0   5.0    .2    .2



*** RESULTS OF CROP GROWTH MODEL NWHEAT *** SUMMARY OF OUTPUT FOR WINTER WHEAT AND YIELD STATISTICS ***

Name of run: RHVW1, Station= UKHIV, Soil=   1, Crop=   1, Organic M.=   1, Nsoil=   1, IRR=   0, Runof=  .00
 Roth., UKHI scen.(normal),Var.change, waterlim. prod., CO2 353 ppm              


YEAR     SOW EMERG  ANTH  HALT   WRT   WLV    WST   WGR    TAGB     HI  LAIM PARAB  RUE   DWAV RAIN  ESOIL   TRANS DRAIN RUNOF IRR  WUE MINOM MINFM DNTOT NRAIN NGIFT NUPT  NLEACH NIMMO  NUE  DNFM  NBIOM
1902     283   290   137   178  1424.  2238.  7246.  9113. 18596.   .49  5.15  685.  2.71  192.  635.  102.    340. 385.   0.   0.  4.21 147.2   6.6-122.0  12.7 260.0 270.9  29.0    .0  68.7  39.7  33.1
1903     283   291   135   171  1115.  1913.  6701.  7771. 16385.   .47  4.42  601.  2.72  207.  523.  111.    307. 311.   0.   0.  3.91 126.8   6.6-148.7  10.5 260.0 234.0  18.4    .0  70.0  39.4  32.8
1904     283   294   130   186   626.  1069.  5435.  7805. 14309.   .55  2.54  560.  2.56  138.  748.  172.    218. 495.   0.   0.  3.67 133.8   6.6-172.3  15.0 260.0 189.1  53.7    .0  75.7  39.5  32.9
1905     283   290   136   174  1107.  1801.  6607.  8146. 16554.   .49  4.11  611.  2.71  118.  973.  148.    289. 654.   0.   0.  3.79 137.2   6.6-126.0  19.5 260.0 235.8  58.4    .0  70.2  39.6  33.0
1906     283   297   136   182   504.   846.  4560.  5540. 10946.   .51  1.98  439.  2.49  142.  875.  178.    168. 671.   0.   0.  3.17 127.3   6.6-188.7  17.5 260.0 141.1  81.2    .0  77.6  39.4  32.8
1907     283   292   133   175  1206.  1968.  6778.  6316. 15062.   .42  4.59  642.  2.35  208.  589.  112.    316. 369.   0.   0.  3.52 140.5   6.6-142.7  11.8 260.0 245.7  27.6    .0  61.3  39.6  33.0
1908     283   291   128   171   920.  1469.  5952.  7709. 15130.   .51  3.37  553.  2.73  173.  530.  119.    302. 282.   0.   0.  3.59 138.0   6.6-198.0  10.6 260.0 192.4  22.9    .0  78.7  39.6  33.0
1909     283   291   136   181   781.  1292.  5753.  8164. 15210.   .54  3.02  542.  2.80  117.  863.  175.    243. 561.   0.   0.  3.64 137.9   6.6-168.3  17.3 260.0 190.8  61.4    .0  79.7  39.6  33.0
1910     283   290   128   177   781.  1278.  5698.  8196. 15172.   .54  2.96  574.  2.64  150.  832.  156.    231. 595.   0.   0.  3.92 140.6   6.6-168.3  16.6 260.0 195.5  59.0    .0  77.6  39.6  33.0
1911     283   294   133   182   713.  1155.  5565.  7850. 14569.   .54  2.69  583.  2.50  175.  563.  166.    254. 318.   0.   0.  3.47 147.0   6.6-214.4  11.3 260.0 180.8  29.0    .0  80.6  39.7  33.1
1912     283   295   130   174   576.   993.  4496.  6347. 11836.   .54  2.32  432.  2.74   90.  915.  185.    211. 609.   0.   0.  2.98 133.2   6.6-195.6  18.3 260.0 155.6  66.0    .0  76.1  39.5  32.9
1913     283   293   133   183   774.  1341.  5642.  8430. 15413.   .55  3.14  569.  2.71  135. 1020.  196.    287. 672.   0.   0.  3.19 137.5   6.6-161.8  20.4 260.0 190.4  71.2    .0  81.0  39.6  33.0
1914     283   292   130   181   958.  1576.  6284.  8566. 16425.   .52  3.66  630.  2.61  202.  709.  140.    284. 487.   0.   0.  3.87 135.9   6.6-145.4  14.2 260.0 220.5  48.0    .0  74.5  39.6  33.0
1915     283   293   129   176   874.  1457.  6114.  8410. 15981.   .53  3.37  581.  2.75  171.  751.  146.    279. 497.   0.   0.  3.76 138.3   6.6-152.5  15.0 260.0 217.0  48.0    .0  73.6  39.6  33.0
1916     283   301   125   180   476.   810.  3906.  6856. 11572.   .59  1.90  445.  2.60  126.  700.  176.    184. 465.   0.   0.  3.21 136.1   6.6-226.2  14.0 260.0 142.4  48.5    .0  81.3  39.6  33.0
1917     283   294   130   186   625.  1031.  4698.  7130. 12858.   .55  2.42  486.  2.65  161.  812.  218.    238. 516.   0.   0.  2.82 138.4   6.6-214.6  16.2 260.0 151.6  54.7    .0  84.8  39.6  33.0
1918     283   291   124   189   613.   987.  5062.  8514. 14563.   .58  2.33  583.  2.50  151.  719.  234.    245. 391.   0.   0.  3.04 146.4   6.6-205.6  14.4 260.0 182.2  39.1    .0  79.9  39.7  33.1
1919     283   292   134   176   939.  1527.  6413.  8312. 16252.   .51  3.54  636.  2.56  126.  792.  162.    273. 483.   0.   0.  3.73 141.6   6.6-164.7  15.8 260.0 215.6  41.8    .0  75.4  39.6  33.0
1920     283   290   128   184   805.  1221.  5437.  8292. 14951.   .55  2.79  581.  2.58  137.  687.  175.    250. 398.   0.   0.  3.51 146.2   6.6-201.5  13.7 260.0 184.0  40.2    .0  81.3  39.7  33.1
1921     283   292   130   178   906.  1517.  6192.  9234. 16943.   .54  3.56  615.  2.76  174.  609.  144.    266. 372.   0.   0.  4.13 142.6   6.6-180.5  12.2 260.0 210.3  29.0    .0  80.6  39.7  33.0
1922     283   290   131   168   730.  1214.  5285.  6850. 13350.   .51  2.81  506.  2.64  171.  627.  132.    255. 412.   0.   0.  3.45 140.9   6.6-207.3  12.5 260.0 172.4  38.9    .0  77.4  39.6  33.0
1923     283   293   136   174  1131.  1939.  6749.  8244. 16933.   .49  4.48  597.  2.84  183.  618.  107.    339. 356.   0.   0.  3.80 129.0   6.6-130.4  12.4 260.0 251.6  22.6    .0  67.3  39.5  32.9
1924     283   293   139   180  1106.  1941.  7729.  9203. 18874.   .49  4.57  659.  2.87  160.  905.  150.    379. 536.   0.   0.  3.57 155.0   6.6-120.6  18.1 260.0 263.4  53.0    .0  71.7  39.8  33.1
1925     283   297   130   174   815.  1367.  5283.  5606. 12256.   .46  3.13  560.  2.19  197.  804.  171.    265. 564.   0.   0.  2.81 137.6   6.6-162.5  16.1 260.0 194.0  62.2    .0  63.2  39.6  33.0
1926     283   293   134   177  1151.  1985.  6653.  5508. 14146.   .39  4.54  648.  2.18  214.  702.  107.    270. 539.   0.   0.  3.75 127.2   6.6-142.7  14.0 260.0 213.9  48.7    .0  66.1  39.4  32.9
1927     283   290   129   176   585.  1037.  4675.  6721. 12433.   .54  2.46  454.  2.74  112.  792.  169.    186. 548.   0.   0.  3.49 129.8   6.6-195.3  15.8 260.0 159.3  57.2    .0  78.1  39.5  32.9
1928     283   291   124   179   847.  1342.  5603.  7510. 14456.   .52  3.12  578.  2.50  208.  915.  162.    273. 689.   0.   0.  3.32 141.2   6.6-152.0  18.3 260.0 197.5  75.7    .0  73.2  39.6  33.0
1929     283   297   132   169   911.  1536.  6205.  7120. 14861.   .48  3.55  535.  2.78   95.  954.  162.    283. 604.   0.   0.  3.34 137.5   6.6-151.7  19.1 260.0 204.7  64.7    .0  72.6  39.6  33.0
1930     283   295   126   177   616.   978.  4718.  6784. 12480.   .54  2.28  469.  2.66   89. 1077.  206.    224. 735.   0.   0.  2.90 147.3   6.6-192.5  21.5 260.0 162.6  79.9    .0  76.8  39.7  33.1
1931     283   291   132   178   976.  1664.  7003.  8333. 17000.   .49  3.87  644.  2.64  171.  610.  144.    285. 352.   0.   0.  3.96 129.8   6.6-133.4  12.2 260.0 239.5  33.4    .0  71.0  39.5  32.9

 MEANS over  30 years  :
        283.  293.  131.  178.   853.  1416.  5815.  7619. 14851.   .51  3.29  567.  2.62  156.  762.  158.    265. 496.   0.   0.  3.52 138.3   6.6-169.5  15.2 260.0 200.2  48.8    .0  74.9  39.6  33.0
 STANDARD DEVIATIONS  :
          0.    3.    4.    5.   227.   376.   900.  1041.  1965.   .04   .86   68.   .16   36.  147.   32.     46. 123.   0.   0.   .37   6.7    .0  30.0   2.9    .0  34.3  17.3    .0   5.7    .1    .1
 VARIATION COEFFICIENTS (%)  : 
          .0    .9   2.9   2.8   26.6   26.5   15.5   13.7   13.2   8.3  26.1  12.1   6.3  23.2  19.3  20.6    17.5 24.9   .0   .0  10.6   4.9    .2  17.7  19.3    .0  17.1  35.4    .0   7.5    .2    .2



*** RESULTS OF CROP GROWTH MODEL NWHEAT *** SUMMARY OF OUTPUT FOR WINTER WHEAT AND YIELD STATISTICS ***

Name of run: RHVP5, Station= UKHIV, Soil=   1, Crop=   5, Organic M.=   1, Nsoil=   1, IRR=   1, Runof=  .00
 Roth., UKHI scen.(normal),Var.change, pot. prod., CO2 560 ppm                   


YEAR     SOW EMERG  ANTH  HALT   WRT   WLV    WST   WGR    TAGB     HI  LAIM PARAB  RUE   DWAV RAIN  ESOIL   TRANS DRAIN RUNOF IRR  WUE MINOM MINFM DNTOT NRAIN NGIFT NUPT  NLEACH NIMMO  NUE  DNFM  NBIOM
1902     283   290   137   178  1592.  2517.  9176. 10348. 22041.   .47  5.42  691.  3.19   78.  635.   99.    333. 398.   0. 117.  5.11 152.3   6.6-115.2  12.7 260.0 284.8  26.6    .0  77.4  39.8  33.1
1903     283   291   135   171  1232.  2133.  8349.  9307. 19789.   .47  4.62  606.  3.27   74.  523.  113.    306. 326.   0. 147.  4.73 135.8   6.6-132.5  10.5 260.0 258.3  18.6    .0  76.6  39.6  33.0
1904     283   294   130   186   681.  1173.  6854.  8789. 16816.   .52  2.62  567.  2.97   56.  748.  180.    204. 499.   0.  80.  4.38 138.3   6.6-157.2  15.0 260.0 209.3  52.9    .0  80.3  39.6  33.0
1905     283   290   136   174  1229.  2015.  7729.  9582. 19327.   .50  4.31  617.  3.13   71.  973.  146.    275. 672.   0.  49.  4.59 139.7   6.6-110.7  19.5 260.0 255.2  56.6    .0  75.7  39.6  33.0
1906     283   297   136   182   541.   915.  5116.  6765. 12795.   .53  2.01  443.  2.89   98.  875.  194.    154. 674.   0.  50.  3.67 131.6   6.6-181.0  17.5 260.0 153.3  80.7    .0  83.5  39.5  32.9
1907     283   292   133   175  1366.  2236.  7988. 10229. 20453.   .50  4.88  659.  3.10   80.  589.  126.    348. 380.   0. 186.  4.31 151.7   6.6-118.2  11.8 260.0 281.5  25.5    .0  72.7  39.7  33.1
1908     283   291   128   171  1062.  1709.  8174.  8693. 18576.   .47  3.68  573.  3.24   80.  530.  145.    296. 295.   0. 126.  4.22 144.0   6.6-172.9  10.6 260.0 223.2  22.5    .0  83.2  39.7  33.1
1909     283   291   136   181   862.  1441.  7122.  9358. 17921.   .52  3.17  552.  3.25   56.  863.  181.    230. 568.   0.  60.  4.37 141.0   6.6-153.0  17.3 260.0 210.1  60.2    .0  85.3  39.6  33.0
1910     283   290   128   177   853.  1412.  6666.  9607. 17685.   .54  3.07  581.  3.04   87.  832.  180.    216. 611.   0.  87.  4.47 144.4   6.6-150.9  16.6 260.0 217.1  58.4    .0  81.5  39.7  33.1
1911     283   294   133   182   799.  1306.  6870.  9345. 17522.   .53  2.86  598.  2.93   73.  563.  210.    241. 325.   0. 140.  3.88 156.7   6.6-199.6  11.3 260.0 205.4  28.4    .0  85.3  39.8  33.2
1912     283   295   130   174   633.  1099.  5509.  7571. 14180.   .53  2.42  438.  3.23   72.  915.  184.    197. 623.   0.  17.  3.72 133.8   6.6-179.7  18.3 260.0 172.1  66.1    .0  82.4  39.5  32.9
1913     283   293   133   183   857.  1502.  7270.  9534. 18306.   .52  3.30  578.  3.17  100. 1020.  218.    270. 682.   0.  50.  3.75 139.7   6.6-144.0  20.4 260.0 211.7  69.7    .0  86.5  39.6  33.0
1914     283   292   130   181  1041.  1740.  7193. 10653. 19585.   .54  3.79  634.  3.09   83.  709.  154.    274. 493.   0. 130.  4.57 146.2   6.6-137.4  14.2 260.0 240.3  46.9    .0  81.5  39.7  33.1
1915     283   293   129   176   956.  1617.  7143.  9822. 18582.   .53  3.51  585.  3.18   98.  751.  164.    260. 505.   0.  80.  4.38 141.3   6.6-140.5  15.0 260.0 232.9  47.2    .0  79.8  39.6  33.0
1916     283   301   125   180   523.   902.  5309.  7629. 13841.   .55  2.00  456.  3.04   96.  700.  211.    172. 472.   0.  60.  3.61 137.8   6.6-211.5  14.0 260.0 160.2  46.8    .0  86.4  39.6  33.0
1917     283   294   130   186   699.  1163.  6632.  7926. 15721.   .50  2.57  501.  3.14   99.  812.  231.    227. 523.   0.  70.  3.43 143.0   6.6-198.1  16.2 260.0 174.5  52.6    .0  90.1  39.7  33.1
1918     283   291   124   189   683.  1117.  6043. 10073. 17233.   .58  2.48  601.  2.87   79.  719.  247.    232. 399.   0.  80.  3.60 153.8   6.6-192.6  14.4 260.0 203.2  38.4    .0  84.8  39.8  33.1
1919     283   292   134   176  1044.  1707.  8254.  9357. 19318.   .48  3.71  646.  2.99   77.  792.  158.    259. 492.   0.  40.  4.63 143.2   6.6-140.5  15.8 260.0 242.0  40.7    .0  79.8  39.7  33.1
1920     283   290   128   184   894.  1376.  7249.  9153. 17777.   .51  2.96  594.  2.99   89.  687.  191.    237. 416.   0.  68.  4.16 150.1   6.6-186.3  13.7 260.0 202.9  40.1    .0  87.6  39.7  33.1
1921     283   292   130   178  1019.  1714.  8180. 10339. 20233.   .51  3.76  628.  3.22   77.  609.  163.    254. 387.   0. 117.  4.85 148.4   6.6-160.9  12.2 260.0 236.0  28.3    .0  85.7  39.7  33.1
1922     283   290   131   168   814.  1367.  7297.  7528. 16192.   .46  2.97  518.  3.13   87.  627.  163.    244. 417.   0. 110.  3.98 146.3   6.6-195.6  12.5 260.0 191.2  36.9    .0  84.7  39.7  33.1
1923     283   293   136   174  1228.  2134.  7992.  9656. 19781.   .49  4.63  596.  3.32   78.  618.  114.    319. 364.   0. 100.  4.58 132.8   6.6-130.3  12.4 260.0 256.1  21.8    .0  77.2  39.5  32.9
1924     283   293   139   180  1235.  2201.  8989. 10754. 21944.   .49  4.86  666.  3.30   78.  905.  147.    362. 545.   0.  70.  4.31 157.7   6.6-108.2  18.1 260.0 280.2  50.8    .0  78.3  39.8  33.2
1925     283   297   130   174   913.  1551.  7963.  8495. 18008.   .47  3.34  592.  3.04   75.  804.  185.    304. 570.   0. 180.  3.69 151.5   6.6-154.5  16.1 260.0 218.2  59.6    .0  82.5  39.7  33.1
1926     283   293   134   177  1256.  2199.  8113. 10326. 20639.   .50  4.73  681.  3.03   82.  702.  118.    322. 544.   0. 200.  4.69 140.4   6.6-112.8  14.0 260.0 257.2  47.3    .0  80.2  39.6  33.0
1927     283   290   129   176   662.  1184.  5580.  8207. 14971.   .55  2.64  469.  3.19   93.  792.  182.    178. 561.   0.  37.  4.15 131.0   6.6-174.9  15.8 260.0 180.4  57.4    .0  83.0  39.5  32.9
1928     283   291   124   179   939.  1501.  7194. 10096. 18790.   .54  3.30  600.  3.13   78.  915.  171.    289. 694.   0. 160.  4.09 153.4   6.6-137.5  18.3 260.0 227.4  71.9    .0  82.6  39.8  33.1
1929     283   297   132   169   994.  1701.  7118.  8364. 17182.   .49  3.68  539.  3.19   75.  954.  160.    265. 614.   0.  10.  4.04 137.6   6.6-136.0  19.1 260.0 221.1  63.8    .0  77.7  39.6  33.0
1930     283   295   126   177   677.  1092.  5514.  8086. 14692.   .55  2.40  481.  3.05   64. 1077.  206.    211. 744.   0.  20.  3.52 148.0   6.6-174.8  21.5 260.0 182.5  78.2    .0  80.5  39.7  33.1
1931     283   291   132   178  1071.  1859.  8016. 10785. 20660.   .52  4.05  650.  3.18   49.  610.  147.    284. 357.   0. 130.  4.79 137.4   6.6-131.3  12.2 260.0 249.1  33.5    .0  82.9  39.6  33.0

 MEANS over  30 years  :
        283.  293.  131.  178.   945.  1586.  7220.  9213. 18019.   .51  3.46  578.  3.12   79.  762.  170.    259. 505.   0.  92.  4.21 143.6   6.6-154.6  15.2 260.0 221.3  47.6    .0  81.9  39.7  33.1
 STANDARD DEVIATIONS  :
          0.    3.    4.    5.   254.   422.  1057.  1064.  2319.   .03   .90   69.   .12   13.  147.   35.     51. 123.   0.  51.   .44   7.4    .0  29.2   2.9    .0  34.9  17.0    .0   3.8    .1    .1
 VARIATION COEFFICIENTS (%)  : 
          .0    .9   2.9   2.8   26.8   26.6   14.6   11.5   12.9   5.8  26.0  12.0   3.8  15.8  19.3  20.8    19.8 24.3   .0 54.7  10.5   5.1    .2  18.9  19.3    .0  15.8  35.7    .0   4.7    .2    .2



*** RESULTS OF CROP GROWTH MODEL NWHEAT *** SUMMARY OF OUTPUT FOR WINTER WHEAT AND YIELD STATISTICS ***

Name of run: RHVW5, Station= UKHIV, Soil=   1, Crop=   5, Organic M.=   1, Nsoil=   1, IRR=   0, Runof=  .00
 Roth., UKHI scen.(normal),Var.change, waterlim. prod., CO2 560 ppm              


YEAR     SOW EMERG  ANTH  HALT   WRT   WLV    WST   WGR    TAGB     HI  LAIM PARAB  RUE   DWAV RAIN  ESOIL   TRANS DRAIN RUNOF IRR  WUE MINOM MINFM DNTOT NRAIN NGIFT NUPT  NLEACH NIMMO  NUE  DNFM  NBIOM
1902     283   290   137   178  1575.  2499.  9008. 10329. 21836.   .47  5.39  689.  3.17  185.  635.   99.    328. 393.   0.   0.  5.11 148.2   6.6-103.5  12.7 260.0 292.2  26.6    .0  74.7  39.7  33.1
1903     283   291   135   171  1202.  2093.  7999.  9247. 19339.   .48  4.54  601.  3.22  204.  523.  111.    295. 320.   0.   0.  4.75 127.3   6.6-129.5  10.5 260.0 253.5  18.3    .0  76.3  39.4  32.9
1904     283   294   130   186   681.  1173.  6853.  8789. 16816.   .52  2.62  567.  2.97  127.  748.  171.    204. 499.   0.   0.  4.49 134.4   6.6-152.9  15.0 260.0 209.6  52.9    .0  80.2  39.5  33.0
1905     283   290   136   174  1212.  1996.  7709.  9572. 19277.   .50  4.27  614.  3.14  111.  973.  146.    273. 666.   0.   0.  4.61 137.5   6.6-108.7  19.5 260.0 255.1  56.5    .0  75.6  39.6  33.0
1906     283   297   136   182   541.   915.  5116.  6765. 12795.   .53  2.01  443.  2.89  131.  875.  178.    154. 674.   0.   0.  3.85 127.8   6.6-177.1  17.5 260.0 153.6  80.7    .0  83.3  39.4  32.9
1907     283   292   133   175  1342.  2208.  7826.  8011. 18045.   .44  4.83  650.  2.78  207.  589.  109.    310. 377.   0.   0.  4.30 141.2   6.6-116.8  11.8 260.0 273.7  25.6    .0  65.9  39.6  33.0
1908     283   291   128   171  1019.  1654.  8109.  8581. 18343.   .47  3.57  564.  3.25  166.  530.  116.    288. 291.   0.   0.  4.53 138.3   6.6-171.6  10.6 260.0 218.9  22.6    .0  83.8  39.6  33.0
1909     283   291   136   181   862.  1441.  7122.  9358. 17921.   .52  3.17  552.  3.25  107.  863.  172.    230. 568.   0.   0.  4.47 138.3   6.6-150.4  17.3 260.0 210.1  60.2    .0  85.3  39.6  33.0
1910     283   290   128   177   853.  1412.  6663.  9611. 17686.   .54  3.07  581.  3.05  142.  832.  155.    215. 604.   0.   0.  4.78 141.1   6.6-148.5  16.6 260.0 216.8  57.8    .0  81.6  39.6  33.0
1911     283   294   133   182   799.  1306.  6872.  9345. 17523.   .53  2.86  598.  2.93  167.  563.  164.    241. 325.   0.   0.  4.33 147.5   6.6-191.8  11.3 260.0 204.0  28.4    .0  85.9  39.7  33.1
1912     283   295   130   174   629.  1092.  5486.  7548. 14126.   .53  2.40  437.  3.23   82.  915.  184.    196. 616.   0.   0.  3.71 133.4   6.6-180.6  18.3 260.0 171.4  65.4    .0  82.4  39.5  32.9
1913     283   293   133   183   857.  1502.  7270.  9534. 18306.   .52  3.30  578.  3.17  125. 1020.  194.    270. 682.   0.   0.  3.95 137.8   6.6-142.1  20.4 260.0 211.6  69.7    .0  86.5  39.6  33.0
1914     283   292   130   181  1041.  1740.  7191. 10540. 19470.   .54  3.79  634.  3.07  197.  709.  140.    272. 493.   0.   0.  4.73 137.1   6.6-123.9  14.2 260.0 243.8  46.9    .0  79.9  39.6  33.0
1915     283   293   129   176   956.  1617.  7142.  9820. 18579.   .53  3.51  585.  3.18  158.  751.  144.    260. 505.   0.   0.  4.60 139.1   6.6-136.7  15.0 260.0 234.3  47.2    .0  79.3  39.6  33.0
1916     283   301   125   180   523.   902.  5311.  7629. 13843.   .55  2.00  456.  3.04  120.  700.  175.    172. 472.   0.   0.  3.99 136.5   6.6-212.4  14.0 260.0 158.1  46.8    .0  87.6  39.6  33.0
1917     283   294   130   186   699.  1163.  6631.  7926. 15720.   .50  2.57  501.  3.14  153.  812.  215.    227. 523.   0.   0.  3.56 139.2   6.6-193.3  16.2 260.0 175.4  52.6    .0  89.6  39.6  33.0
1918     283   291   124   189   683.  1117.  6042. 10073. 17232.   .58  2.48  601.  2.87  142.  719.  229.    232. 399.   0.   0.  3.73 147.0   6.6-185.0  14.4 260.0 203.8  38.4    .0  84.5  39.7  33.1
1919     283   292   134   176  1044.  1707.  8253.  9357. 19318.   .48  3.71  646.  2.99  116.  792.  157.    259. 492.   0.   0.  4.64 142.0   6.6-139.1  15.8 260.0 242.3  40.7    .0  79.7  39.7  33.0
1920     283   290   128   184   894.  1375.  7250.  9150. 17776.   .51  2.96  594.  2.99  131.  687.  172.    237. 408.   0.   0.  4.34 146.7   6.6-183.3  13.7 260.0 203.6  39.1    .0  87.3  39.7  33.1
1921     283   292   130   178  1010.  1701.  8170. 10309. 20181.   .51  3.74  626.  3.23  165.  609.  142.    252. 380.   0.   0.  5.12 143.4   6.6-158.5  12.2 260.0 234.2  27.5    .0  86.2  39.7  33.1
1922     283   290   131   168   814.  1367.  7298.  7528. 16193.   .46  2.97  518.  3.13  162.  627.  128.    244. 417.   0.   0.  4.35 141.3   6.6-191.5  12.5 260.0 190.4  36.9    .0  85.0  39.6  33.0
1923     283   293   136   174  1228.  2134.  7987.  9656. 19776.   .49  4.63  596.  3.32  171.  618.  106.    319. 364.   0.   0.  4.65 129.7   6.6-122.1  12.4 260.0 261.0  21.8    .0  75.8  39.5  32.9
1924     283   293   139   180  1235.  2201.  8987. 10751. 21938.   .49  4.86  666.  3.30  147.  905.  146.    362. 545.   0.   0.  4.32 155.6   6.6-102.5  18.1 260.0 283.8  50.8    .0  77.3  39.8  33.2
1925     283   297   130   174   913.  1551.  6037.  7323. 14911.   .49  3.34  578.  2.58  195.  804.  167.    262. 570.   0.   0.  3.48 138.4   6.6-144.1  16.1 260.0 215.5  59.6    .0  69.2  39.6  33.0
1926     283   293   134   177  1256.  2199.  7425.  7185. 16809.   .43  4.73  661.  2.54  214.  702.  106.    266. 544.   0.   0.  4.52 127.9   6.6-118.6  14.0 260.0 239.6  47.3    .0  70.1  39.4  32.9
1927     283   290   129   176   643.  1152.  5494.  8097. 14744.   .55  2.57  462.  3.19  104.  792.  167.    174. 554.   0.   0.  4.32 130.4   6.6-177.7  15.8 260.0 177.4  57.1    .0  83.1  39.5  32.9
1928     283   291   124   179   939.  1500.  6511.  9465. 17476.   .54  3.30  598.  2.92  207.  915.  159.    269. 694.   0.   0.  4.08 142.2   6.6-128.0  18.3 260.0 226.0  71.9    .0  77.3  39.7  33.0
1929     283   297   132   169   994.  1701.  7118.  8364. 17182.   .49  3.68  539.  3.19   85.  954.  160.    265. 614.   0.   0.  4.04 137.6   6.6-135.8  19.1 260.0 221.3  63.8    .0  77.7  39.6  33.0
1930     283   295   126   177   677.  1092.  5514.  8086. 14692.   .55  2.40  481.  3.05   80. 1077.  202.    211. 744.   0.   0.  3.55 147.5   6.6-174.5  21.5 260.0 182.4  78.2    .0  80.6  39.7  33.1
1931     283   291   132   178  1071.  1859.  7969. 10317. 20145.   .51  4.05  650.  3.10  165.  610.  142.    277. 357.   0.   0.  4.82 131.3   6.6-116.2  12.2 260.0 257.8  33.5    .0  78.2  39.5  32.9

 MEANS over  30 years  :
        283.  293.  131.  178.   940.  1579.  7079.  8942. 17600.   .51  3.44  575.  3.06  149.  762.  155.    252. 503.   0.   0.  4.32 138.9   6.6-150.5  15.2 260.0 220.7  47.5    .0  80.3  39.6  33.0
 STANDARD DEVIATIONS  :
          0.    3.    4.    5.   250.   418.  1034.  1097.  2232.   .03   .89   68.   .19   38.  147.   32.     46. 123.   0.   0.   .44   6.7    .0  30.3   2.9    .0  35.3  17.0    .0   5.6    .1    .1
 VARIATION COEFFICIENTS (%)  : 
          .0    .9   2.9   2.8   26.6   26.5   14.6   12.3   12.7   6.8  25.9  11.8   6.2  25.7  19.3  20.7    18.3 24.5   .0   .0  10.1   4.8    .2  20.1  19.3    .0  16.0  35.9    .0   7.0    .2    .2



*** RESULTS OF CROP GROWTH MODEL NWHEAT *** SUMMARY OF OUTPUT FOR WINTER WHEAT AND YIELD STATISTICS ***

Name of run: RHIP1, Station= UKHI , Soil=   1, Crop=   1, Organic M.=   1, Nsoil=   1, IRR=   1, Runof=  .00
 Roth., UKHI scen.(normal),no Var.change, pot. prod., CO2 353 ppm                


YEAR     SOW EMERG  ANTH  HALT   WRT   WLV    WST   WGR    TAGB     HI  LAIM PARAB  RUE   DWAV RAIN  ESOIL   TRANS DRAIN RUNOF IRR  WUE MINOM MINFM DNTOT NRAIN NGIFT NUPT  NLEACH NIMMO  NUE  DNFM  NBIOM
1902     283   290   132   182  1040.  1645.  5971.  9317. 16933.   .55  3.80  620.  2.73   37.  522.  130.    293. 254.   0. 120.  4.00 148.9   6.6-189.1  10.4 260.0 215.5  19.1    .0  78.6  39.7  33.1
1903     283   292   132   176  1025.  1632.  5588.  8488. 15709.   .54  3.79  547.  2.87   75.  877.  142.    304. 546.   0.  40.  3.52 145.8   6.6-166.2  17.5 260.0 210.8  50.6    .0  74.5  39.7  33.1
1904     283   292   126   179   652.  1169.  5244.  8157. 14569.   .56  2.79  513.  2.84   76.  635.  167.    237. 336.   0.  30.  3.60 139.3   6.6-204.9  12.7 260.0 181.8  31.4    .0  80.1  39.6  33.0
1905     283   292   131   171  1289.  2107.  6646.  8464. 17217.   .49  4.84  608.  2.83   57.  717.  123.    326. 426.   0. 100.  3.83 145.3   6.6-138.1  14.3 260.0 245.5  38.7    .0  70.1  39.7  33.1
1906     283   293   136   176   747.  1210.  5454.  7191. 13855.   .52  2.83  505.  2.75   87.  678.  167.    236. 442.   0.  80.  3.44 138.7   6.6-186.6  13.6 260.0 181.7  49.1    .0  76.2  39.6  33.0
1907     283   291   137   177  1445.  2410.  7568.  8739. 18717.   .47  5.57  689.  2.72   78.  635.   95.    369. 380.   0. 130.  4.04 143.0   6.6-106.4  12.7 260.0 279.5  31.9    .0  67.0  39.7  33.1
1908     283   292   134   184  1282.  2162.  7977. 10708. 20848.   .51  5.05  758.  2.75   34.  657.  110.    347. 353.   0. 120.  4.56 145.6   6.6-114.4  13.1 260.0 276.6  31.3    .0  75.4  39.7  33.1
1909     283   293   135   178   625.  1065.  5115.  6554. 12734.   .51  2.53  470.  2.71   93.  535.  183.    212. 274.   0.  40.  3.22 134.8   6.6-216.7  10.7 260.0 171.0  23.7    .0  74.5  39.6  33.0
1910     283   291   132   184   848.  1427.  6033.  9039. 16500.   .55  3.35  633.  2.61   59.  687.  152.    233. 381.   0.  20.  4.29 144.7   6.6-177.7  13.7 260.0 208.0  38.1    .0  79.3  39.7  33.1
1911     283   291   134   178  1074.  1786.  7170.  9371. 18327.   .51  4.17  636.  2.88   81.  581.  125.    299. 307.   0.  70.  4.32 146.7   6.6-158.1  11.6 260.0 240.8  23.6    .0  76.1  39.7  33.1
1912     283   294   128   174   788.  1368.  5824.  8198. 15390.   .53  3.23  510.  3.02   46.  599.  156.    272. 307.   0.  90.  3.60 141.2   6.6-198.4  12.0 260.0 191.6  28.5    .0  80.3  39.6  33.0
1913     283   293   138   189   857.  1493.  6865.  9016. 17374.   .52  3.53  692.  2.51   64.  786.  200.    294. 466.   0. 110.  3.52 140.0   6.6-145.3  15.7 260.0 224.2  51.5    .0  77.5  39.6  33.0
1914     283   293   126   179   809.  1373.  5352.  8406. 15132.   .56  3.24  529.  2.86   87.  609.  150.    262. 325.   0.  40.  3.68 143.5   6.6-205.7  12.2 260.0 191.2  24.3    .0  79.1  39.7  33.1
1915     283   291   129   171   886.  1423.  6147.  7403. 14973.   .49  3.31  548.  2.73   62.  773.  152.    290. 443.   0.  50.  3.39 147.5   6.6-188.4  15.5 260.0 193.4  46.0    .0  77.4  39.7  33.1
1916     283   289   121   172   696.  1169.  4890.  7099. 13158.   .54  2.75  456.  2.89   71.  519.  177.    248. 285.   0. 120.  3.10 144.2   6.6-225.0  10.4 260.0 171.4  24.2    .0  76.8  39.7  33.1
1917     283   294   129   186  1050.  1764.  6386.  9827. 17977.   .55  4.12  638.  2.82   71.  629.  151.    345. 294.   0.  90.  3.62 145.6   6.6-171.5  12.6 260.0 225.1  26.3    .0  79.9  39.7  33.1
1918     283   291   127   169   735.  1221.  5556.  6825. 13602.   .50  2.87  483.  2.82  100.  601.  181.    277. 323.   0.  80.  2.97 142.9   6.6-207.3  12.0 260.0 182.1  30.9    .0  74.7  39.7  33.1
1919     283   291   128   173  1073.  1686.  6459.  8905. 17050.   .52  3.89  601.  2.84   81.  612.  146.    327. 340.   0. 120.  3.60 150.1   6.6-171.7  12.2 260.0 226.0  28.6    .0  75.4  39.7  33.1
1920     283   294   132   181  1100.  1865.  6855.  9184. 17904.   .51  4.35  651.  2.75   60.  768.  128.    308. 461.   0.  70.  4.10 149.7   6.6-146.9  15.4 260.0 239.8  42.5    .0  74.7  39.7  33.1
1921     283   293   130   179  1188.  2030.  7330. 10471. 19832.   .53  4.70  739.  2.68   78.  492.  118.    321. 287.   0. 156.  4.51 143.8   6.6-136.4   9.8 260.0 256.4  24.6    .0  77.3  39.7  33.1
1922     283   290   128   174  1161.  1720.  6135.  8300. 16156.   .51  3.96  598.  2.70   73.  625.  128.    336. 374.   0. 140.  3.48 155.6   6.6-176.7  12.5 260.0 224.9  30.0    .0  71.8  39.8  33.1
1923     283   291   127   170  1164.  1881.  6221.  8603. 16705.   .52  4.35  568.  2.94   77.  590.  129.    368. 289.   0. 119.  3.36 146.5   6.6-175.5  11.8 260.0 225.9  20.0    .0  74.0  39.7  33.1
1924     283   292   129   175   814.  1413.  5745.  8138. 15296.   .53  3.34  538.  2.84   87.  646.  152.    277. 403.   0. 100.  3.56 141.6   6.6-179.9  12.9 260.0 202.0  37.8    .0  75.7  39.6  33.0
1925     283   292   127   181   696.  1189.  5330.  7922. 14441.   .55  2.82  533.  2.71   74.  600.  201.    282. 321.   0. 130.  2.99 147.0   6.6-209.5  12.0 260.0 186.5  28.2    .0  77.4  39.7  33.1
1926     283   292   124   169   807.  1305.  5442.  7153. 13900.   .51  3.03  483.  2.88   71.  800.  164.    268. 488.   0.  50.  3.22 145.7   6.6-192.8  16.0 260.0 190.9  43.2    .0  72.8  39.7  33.1
1927     283   292   131   176  1045.  1814.  6574.  9072. 17460.   .52  4.27  580.  3.01   79.  622.  127.    266. 324.   0.  16.  4.44 145.8   6.6-163.9  12.4 260.0 238.0  20.6    .0  73.4  39.7  33.1
1928     283   293   125   168   954.  1535.  5536.  7075. 14146.   .50  3.52  477.  2.97   90.  717.  139.    316. 382.   0.  30.  3.11 147.8   6.6-182.7  14.3 260.0 206.5  37.4    .0  68.5  39.7  33.1
1929     283   292   134   177  1125.  1870.  7380.  9688. 18938.   .51  4.37  690.  2.74   79.  629.  141.    314. 340.   0.  87.  4.16 145.3   6.6-145.9  12.6 260.0 243.9  32.0    .0  77.6  39.7  33.1
1930     283   292   136   172  1105.  1849.  6546.  7720. 16115.   .48  4.30  597.  2.70   57.  639.  114.    330. 311.   0.  60.  3.62 143.5   6.6-163.4  12.8 260.0 233.7  22.6    .0  69.0  39.7  33.1
1931     283   292   132   173  1030.  1780.  6763.  8141. 16684.   .49  4.16  585.  2.85   41.  613.  130.    320. 294.   0.  90.  3.71 139.8   6.6-151.1  12.3 260.0 239.6  25.4    .0  69.6  39.6  33.0

 MEANS over  30 years  :
        283.  292.  130.  176.   970.  1612.  6203.  8439. 16255.   .52  3.76  582.  2.80   71.  646.  146.    296. 359.   0.  83.  3.69 144.7   6.6-173.2  12.9 260.0 216.8  32.1    .0  75.2  39.7  33.1
 STANDARD DEVIATIONS  :
          0.    1.    4.    5.   206.   331.   785.  1026.  1984.   .02   .75   80.   .11   16.   87.   26.     40.  71.   0.  38.   .44   3.9    .0  28.7   1.7    .0  28.9   9.2    .0   3.6    .0    .0
 VARIATION COEFFICIENTS (%)  : 
          .0    .4   3.1   3.0   21.2   20.5   12.6   12.2   12.2   4.3  19.9  13.7   4.0  22.9  13.5  17.5    13.4 19.8   .0 45.9  12.1   2.7    .1  16.5  13.5    .0  13.3  28.8    .0   4.7    .1    .1



*** RESULTS OF CROP GROWTH MODEL NWHEAT *** SUMMARY OF OUTPUT FOR WINTER WHEAT AND YIELD STATISTICS ***

Name of run: RHIW1, Station= UKHI , Soil=   1, Crop=   1, Organic M.=   1, Nsoil=   1, IRR=   0, Runof=  .00
 Roth., UKHI scen.(normal),no Var.change, waterlim. prod., CO2 353 ppm           


YEAR     SOW EMERG  ANTH  HALT   WRT   WLV    WST   WGR    TAGB     HI  LAIM PARAB  RUE   DWAV RAIN  ESOIL   TRANS DRAIN RUNOF IRR  WUE MINOM MINFM DNTOT NRAIN NGIFT NUPT  NLEACH NIMMO  NUE  DNFM  NBIOM
1902     283   290   132   182  1040.  1645.  5942.  9140. 16727.   .55  3.80  620.  2.70  150.  522.  128.    289. 254.   0.   0.  4.01 143.8   6.6-173.5  10.4 260.0 225.3  19.1    .0  74.2  39.7  33.1
1903     283   292   132   176  1025.  1632.  5588.  8488. 15708.   .54  3.79  547.  2.87  109.  877.  136.    304. 546.   0.   0.  3.57 145.2   6.6-164.9  17.5 260.0 211.4  50.6    .0  74.3  39.7  33.1
1904     283   292   126   179   652.  1169.  5244.  8157. 14569.   .56  2.79  513.  2.84  105.  635.  167.    237. 336.   0.   0.  3.61 138.3   6.6-203.8  12.7 260.0 181.9  31.4    .0  80.1  39.6  33.0
1905     283   292   131   171  1289.  2107.  6643.  8454. 17204.   .49  4.84  608.  2.83  157.  717.  123.    326. 426.   0.   0.  3.84 141.8   6.6-127.4  14.3 260.0 252.3  38.7    .0  68.2  39.6  33.0
1906     283   293   136   176   747.  1210.  5454.  7190. 13854.   .52  2.83  505.  2.75  160.  678.  160.    236. 442.   0.   0.  3.50 132.8   6.6-179.3  13.6 260.0 183.0  49.1    .0  75.7  39.5  32.9
1907     283   291   137   177  1445.  2410.  7563.  7703. 17675.   .44  5.57  689.  2.57  190.  635.   95.    351. 380.   0.   0.  3.96 137.9   6.6 -95.0  12.7 260.0 285.5  31.9    .0  61.9  39.6  33.0
1908     283   292   134   184  1282.  2162.  7963. 10156. 20282.   .50  5.05  758.  2.67  143.  657.  110.    337. 353.   0.   0.  4.54 138.6   6.6 -96.5  13.1 260.0 287.2  31.3    .0  70.6  39.6  33.0
1909     283   293   135   178   625.  1065.  5115.  6554. 12734.   .51  2.53  470.  2.71  124.  535.  174.    212. 274.   0.   0.  3.30 134.4   6.6-216.0  10.7 260.0 171.3  23.7    .0  74.3  39.5  33.0
1910     283   291   132   184   848.  1427.  6033.  9039. 16500.   .55  3.35  633.  2.61   79.  687.  152.    233. 381.   0.   0.  4.29 144.6   6.6-177.7  13.7 260.0 207.9  38.1    .0  79.3  39.7  33.1
1911     283   291   134   178  1074.  1786.  7169.  9370. 18325.   .51  4.17  636.  2.88  150.  581.  124.    299. 307.   0.   0.  4.33 144.2   6.6-154.0  11.6 260.0 242.4  23.6    .0  75.6  39.7  33.1
1912     283   294   128   174   788.  1368.  5818.  8198. 15384.   .53  3.23  510.  3.01  135.  599.  155.    272. 307.   0.   0.  3.60 137.8   6.6-190.0  12.0 260.0 196.5  28.5    .0  78.3  39.6  33.0
1913     283   293   138   189   857.  1493.  6855.  8506. 16854.   .50  3.53  692.  2.44  163.  786.  199.    285. 466.   0.   0.  3.49 134.7   6.6-128.1  15.7 260.0 235.0  51.5    .0  71.7  39.6  33.0
1914     283   293   126   179   809.  1373.  5352.  8406. 15131.   .56  3.24  529.  2.86  127.  609.  149.    262. 325.   0.   0.  3.69 139.9   6.6-201.5  12.2 260.0 191.8  24.3    .0  78.9  39.6  33.0
1915     283   291   129   171   886.  1423.  6146.  7403. 14972.   .49  3.31  548.  2.73  111.  773.  152.    290. 443.   0.   0.  3.39 146.6   6.6-186.6  15.5 260.0 194.2  46.0    .0  77.1  39.7  33.1
1916     283   289   121   172   696.  1169.  4888.  7045. 13102.   .54  2.75  456.  2.87  183.  519.  170.    247. 285.   0.   0.  3.14 134.8   6.6-210.2  10.4 260.0 176.4  24.2    .0  74.3  39.6  33.0
1917     283   294   129   186  1050.  1764.  6380.  9818. 17963.   .55  4.12  638.  2.82  161.  629.  151.    345. 294.   0.   0.  3.62 140.8   6.6-157.5  12.6 260.0 233.1  26.3    .0  77.0  39.6  33.0
1918     283   291   127   169   735.  1221.  5554.  6821. 13596.   .50  2.87  483.  2.81  171.  601.  172.    277. 323.   0.   0.  3.03 141.1   6.6-201.3  12.0 260.0 186.2  30.9    .0  73.0  39.6  33.0
1919     283   291   128   173  1073.  1686.  6454.  8744. 16884.   .52  3.89  601.  2.81  196.  612.  144.    323. 340.   0.   0.  3.61 141.4   6.6-154.7  12.2 260.0 234.1  28.6    .0  72.1  39.6  33.0
1920     283   294   132   181  1100.  1865.  6853.  9182. 17899.   .51  4.35  651.  2.75  130.  768.  128.    308. 461.   0.   0.  4.10 147.1   6.6-139.9  15.4 260.0 244.2  42.5    .0  73.3  39.7  33.1
1921     283   293   130   179  1184.  2026.  7263.  9703. 18993.   .51  4.69  737.  2.58  207.  492.  117.    301. 281.   0.   0.  4.54 135.6   6.6-136.9   9.8 260.0 248.6  23.9    .0  76.4  39.6  33.0
1922     283   290   128   174  1161.  1720.  6128.  7700. 15548.   .50  3.96  598.  2.60  195.  625.  127.    319. 374.   0.   0.  3.48 148.3   6.6-161.8  12.5 260.0 232.1  30.0    .0  67.0  39.7  33.1
1923     283   291   127   170  1145.  1860.  6119.  8573. 16551.   .52  4.30  564.  2.93  185.  590.  129.    364. 282.   0.   0.  3.36 142.4   6.6-166.6  11.8 260.0 230.3  19.3    .0  71.9  39.7  33.0
1924     283   292   129   175   814.  1413.  5742.  8069. 15224.   .53  3.34  538.  2.83  184.  646.  151.    275. 403.   0.   0.  3.57 136.8   6.6-169.6  12.9 260.0 207.4  37.8    .0  73.4  39.6  33.0
1925     283   292   127   181   696.  1189.  5326.  7712. 14228.   .54  2.82  533.  2.67  176.  600.  178.    277. 321.   0.   0.  3.12 140.9   6.6-197.3  12.0 260.0 192.5  28.2    .0  73.9  39.6  33.0
1926     283   292   124   169   807.  1305.  5442.  7153. 13900.   .51  3.03  483.  2.88  120.  800.  163.    268. 488.   0.   0.  3.22 144.0   6.6-190.9  16.0 260.0 191.0  43.2    .0  72.8  39.7  33.1
1927     283   292   131   176  1002.  1753.  6506.  8966. 17225.   .52  4.13  570.  3.02   78.  622.  120.    259. 321.   0.   0.  4.55 144.7   6.6-167.8  12.4 260.0 233.1  20.7    .0  73.9  39.7  33.1
1928     283   293   125   168   954.  1535.  5535.  7074. 14144.   .50  3.52  477.  2.97  120.  717.  139.    316. 382.   0.   0.  3.11 147.7   6.6-181.0  14.3 260.0 208.0  37.4    .0  68.0  39.7  33.1
1929     283   292   134   177  1114.  1856.  7366.  9670. 18893.   .51  4.34  688.  2.75  158.  629.  141.    312. 334.   0.   0.  4.17 141.9   6.6-143.1  12.6 260.0 244.2  31.2    .0  77.4  39.6  33.0
1930     283   292   136   172  1105.  1849.  6545.  7719. 16113.   .48  4.30  597.  2.70  116.  639.  114.    330. 311.   0.   0.  3.63 142.3   6.6-161.0  12.8 260.0 234.8  22.6    .0  68.6  39.7  33.0
1931     283   292   132   173  1030.  1780.  6757.  8131. 16667.   .49  4.16  585.  2.85  131.  613.  129.    320. 294.   0.   0.  3.71 137.4   6.6-137.4  12.3 260.0 249.4  25.4    .0  66.8  39.6  33.0

 MEANS over  30 years  :
        283.  292.  130.  176.   968.  1609.  6191.  8295. 16095.   .52  3.75  582.  2.78  147.  646.  143.    293. 358.   0.   0.  3.70 140.9   6.6-165.7  12.9 260.0 220.4  32.0    .0  73.3  39.6  33.0
 STANDARD DEVIATIONS  :
          0.    1.    4.    5.   204.   329.   779.   945.  1850.   .03   .75   80.   .13   34.   87.   23.     37.  72.   0.   0.   .44   4.2    .0  30.4   1.7    .0  29.9   9.3    .0   4.1    .1    .0
 VARIATION COEFFICIENTS (%)  : 
          .0    .4   3.1   3.0   21.1   20.4   12.6   11.4   11.5   5.0  19.9  13.7   4.9  23.0  13.5  16.1    12.8 20.0   .0   .0  11.8   3.0    .1  18.3  13.5    .0  13.6  29.0    .0   5.6    .1    .1



*** RESULTS OF CROP GROWTH MODEL NWHEAT *** SUMMARY OF OUTPUT FOR WINTER WHEAT AND YIELD STATISTICS ***

Name of run: RHIP5, Station= UKHI , Soil=   1, Crop=   5, Organic M.=   1, Nsoil=   1, IRR=   1, Runof=  .00
 Roth., UKHI scen.(normal),no Var.change, pot. prod., CO2 560 ppm                


YEAR     SOW EMERG  ANTH  HALT   WRT   WLV    WST   WGR    TAGB     HI  LAIM PARAB  RUE   DWAV RAIN  ESOIL   TRANS DRAIN RUNOF IRR  WUE MINOM MINFM DNTOT NRAIN NGIFT NUPT  NLEACH NIMMO  NUE  DNFM  NBIOM
1902     283   290   132   182  1114.  1787.  7162. 10477. 19427.   .54  3.88  620.  3.13   39.  522.  129.    274. 257.   0. 100.  4.82 148.6   6.6-169.7  10.4 260.0 234.3  19.3    .0  82.9  39.7  33.1
1903     283   292   132   176  1127.  1824.  7237.  9487. 18549.   .51  3.98  554.  3.35   84.  877.  138.    288. 555.   0.  20.  4.36 145.8   6.6-144.2  17.5 260.0 233.2  49.9    .0  79.5  39.7  33.1
1904     283   292   126   179   709.  1286.  6644.  9169. 17098.   .54  2.89  520.  3.29   81.  635.  164.    222. 341.   0.  10.  4.43 138.9   6.6-185.1  12.7 260.0 200.7  31.7    .0  85.2  39.6  33.0
1905     283   292   131   171  1421.  2347.  7749. 10030. 20125.   .50  5.06  613.  3.28   64.  717.  119.    311. 431.   0.  80.  4.68 144.4   6.6-117.3  14.3 260.0 266.3  37.6    .0  75.6  39.7  33.1
1906     283   293   136   176   813.  1336.  6622.  8474. 16432.   .52  2.94  512.  3.21   82.  678.  164.    221. 445.   0.  70.  4.27 138.8   6.6-168.6  13.6 260.0 199.9  49.0    .0  82.2  39.6  33.0
1907     283   291   137   177  1555.  2620.  8579. 10231. 21430.   .48  5.68  689.  3.11   81.  635.   94.    347. 386.   0. 110.  4.86 143.1   6.6 -88.2  12.7 260.0 297.7  31.7    .0  72.0  39.7  33.1
1908     283   292   134   184  1395.  2366.  9249. 12762. 24377.   .52  5.22  767.  3.18   28.  657.  105.    333. 358.   0. 110.  5.57 145.6   6.6 -86.2  13.1 260.0 304.6  31.1    .0  80.0  39.7  33.1
1909     283   293   135   178   677.  1164.  5885.  7904. 14953.   .53  2.60  474.  3.15   99.  535.  181.    196. 277.   0.  20.  3.96 135.2   6.6-199.7  10.7 260.0 187.9  24.0    .0  79.6  39.6  33.0
1910     283   291   132   184   911.  1546.  7608.  9830. 18984.   .52  3.41  634.  2.99   55.  687.  151.    215. 385.   0.  10.  5.18 144.9   6.6-161.6  13.7 260.0 224.2  38.0    .0  84.7  39.7  33.1
1911     283   291   134   178  1170.  1966.  8207. 10980. 21153.   .52  4.32  640.  3.31   86.  581.  122.    282. 312.   0.  50.  5.23 146.7   6.6-138.9  11.6 260.0 260.1  23.2    .0  81.3  39.7  33.1
1912     283   294   128   174   874.  1535.  7659.  9125. 18319.   .50  3.40  519.  3.53   40.  599.  151.    258. 310.   0.  80.  4.48 141.2   6.6-176.3  12.0 260.0 213.1  28.7    .0  86.0  39.6  33.0
1913     283   293   138   189   923.  1624.  7650. 10633. 19906.   .53  3.61  697.  2.86   63.  786.  197.    273. 469.   0.  90.  4.23 139.7   6.6-126.7  15.7 260.0 242.2  51.6    .0  82.2  39.6  33.0
1914     283   293   126   179   879.  1514.  6271.  9875. 17660.   .56  3.36  533.  3.31   88.  609.  147.    245. 335.   0.  30.  4.51 142.8   6.6-184.7  12.2 260.0 211.7  23.9    .0  83.4  39.7  33.0
1915     283   291   129   171   974.  1591.  7889.  8083. 17563.   .46  3.47  555.  3.16   60.  773.  147.    274. 452.   0.  40.  4.17 147.7   6.6-171.5  15.5 260.0 210.5  45.5    .0  83.4  39.7  33.1
1916     283   289   121   172   769.  1310.  5754.  8616. 15680.   .55  2.91  466.  3.37   66.  519.  171.    235. 289.   0. 110.  3.86 144.4   6.6-204.5  10.4 260.0 191.7  24.3    .0  81.8  39.7  33.1
1917     283   294   129   186  1157.  1972.  7802. 11194. 20968.   .53  4.33  647.  3.24   61.  629.  146.    329. 296.   0.  80.  4.42 145.8   6.6-146.6  12.6 260.0 249.7  26.5    .0  84.0  39.7  33.1
1918     283   291   127   169   805.  1350.  6381.  8397. 16128.   .52  2.99  491.  3.28   94.  601.  177.    262. 326.   0.  70.  3.67 143.1   6.6-186.7  12.0 260.0 202.5  31.1    .0  79.6  39.7  33.1
1919     283   291   128   173  1193.  1902.  7535. 10500. 19937.   .53  4.12  608.  3.28   87.  612.  140.    310. 348.   0. 100.  4.43 150.0   6.6-149.7  12.2 260.0 248.0  28.1    .0  80.4  39.7  33.1
1920     283   294   132   181  1203.  2057.  7899. 10698. 20654.   .52  4.52  658.  3.14   58.  768.  124.    293. 469.   0.  60.  4.95 149.6   6.6-124.1  15.4 260.0 263.2  41.5    .0  78.5  39.7  33.1
1921     283   293   130   179  1311.  2256.  9558. 11705. 23518.   .50  4.94  751.  3.13   73.  492.  110.    311. 289.   0. 146.  5.58 144.1   6.6-109.8   9.8 260.0 283.0  24.5    .0  83.1  39.7  33.1
1922     283   290   128   174  1283.  1917.  7075.  9768. 18761.   .52  4.13  603.  3.11   78.  625.  125.    318. 380.   0. 120.  4.23 155.5   6.6-155.6  12.5 260.0 247.2  28.4    .0  75.9  39.8  33.1
1923     283   291   127   170  1279.  2097.  8018.  9566. 19681.   .49  4.54  571.  3.45   81.  590.  126.    347. 296.   0.  99.  4.16 146.6   6.6-153.9  11.8 260.0 248.0  19.4    .0  79.4  39.7  33.1
1924     283   292   129   175   884.  1551.  6783.  9507. 17840.   .53  3.44  541.  3.30   91.  646.  150.    259. 408.   0.  80.  4.37 141.6   6.6-160.8  12.9 260.0 221.2  37.3    .0  80.6  39.6  33.0
1925     283   292   127   181   765.  1318.  6153.  9599. 17070.   .56  2.94  542.  3.15   78.  600.  197.    265. 327.   0. 110.  3.69 147.0   6.6-189.9  12.0 260.0 205.8  28.2    .0  83.0  39.7  33.1
1926     283   292   124   169   880.  1445.  6346.  8423. 16213.   .52  3.15  488.  3.33   68.  800.  161.    250. 497.   0.  40.  3.94 145.9   6.6-173.4  16.0 260.0 211.3  42.1    .0  76.7  39.7  33.1
1927     283   292   131   176  1155.  2036.  7612. 10544. 20192.   .52  4.49  584.  3.45   69.  622.  124.    252. 331.   0.  16.  5.38 145.9   6.6-145.4  12.4 260.0 256.7  20.1    .0  78.7  39.7  33.1
1928     283   293   125   168  1058.  1733.  6480.  8314. 16527.   .50  3.74  482.  3.43   88.  717.  134.    301. 390.   0.  20.  3.80 148.0   6.6-162.0  14.3 260.0 227.6  36.8    .0  72.6  39.7  33.1
1929     283   292   134   177  1232.  2082.  8555. 11272. 21909.   .51  4.57  695.  3.15   87.  629.  138.    296. 349.   0.  67.  5.05 145.2   6.6-122.8  12.6 260.0 266.4  32.0    .0  82.2  39.7  33.1
1930     283   292   136   172  1208.  2046.  7681.  9099. 18826.   .48  4.47  602.  3.12   58.  639.  111.    314. 322.   0.  50.  4.44 143.5   6.6-140.2  12.8 260.0 256.4  22.7    .0  73.4  39.7  33.1
1931     283   292   132   173  1117.  1955.  7757.  9567. 19279.   .50  4.29  586.  3.29   35.  613.  128.    299. 300.   0.  80.  4.51 139.8   6.6-134.0  12.3 260.0 256.2  25.6    .0  75.2  39.6  33.0

 MEANS over  30 years  :
        283.  292.  130.  176.  1061.  1784.  7393.  9794. 18972.   .52  3.91  588.  3.24   71.  646.  142.    279. 364.   0.  69.  4.51 144.6   6.6-152.6  12.9 260.0 237.4  31.8    .0  80.1  39.7  33.1
 STANDARD DEVIATIONS  :
          0.    1.    4.    5.   226.   365.   924.  1134.  2232.   .02   .78   80.   .14   18.   87.   26.     39.  72.   0.  37.   .52   3.9    .0  29.8   1.7    .0  30.2   9.1    .0   3.7    .0    .0
 VARIATION COEFFICIENTS (%)  : 
          .0    .4   3.1   3.0   21.3   20.4   12.5   11.6   11.8   4.4  19.8  13.6   4.3  25.5  13.5  17.9    14.0 19.8   .0 53.0  11.5   2.7    .1  19.5  13.5    .0  12.7  28.6    .0   4.6    .1    .1



*** RESULTS OF CROP GROWTH MODEL NWHEAT *** SUMMARY OF OUTPUT FOR WINTER WHEAT AND YIELD STATISTICS ***

Name of run: RHIW5, Station= UKHI , Soil=   1, Crop=   5, Organic M.=   1, Nsoil=   1, IRR=   0, Runof=  .00
 Roth., UKHI scen.(normal),no Var.change, waterlim. prod., CO2 560 ppm           


YEAR     SOW EMERG  ANTH  HALT   WRT   WLV    WST   WGR    TAGB     HI  LAIM PARAB  RUE   DWAV RAIN  ESOIL   TRANS DRAIN RUNOF IRR  WUE MINOM MINFM DNTOT NRAIN NGIFT NUPT  NLEACH NIMMO  NUE  DNFM  NBIOM
1902     283   290   132   182  1114.  1787.  7153. 10477. 19417.   .54  3.88  620.  3.13  137.  522.  128.    274. 257.   0.   0.  4.84 145.0   6.6-160.2  10.4 260.0 239.8  19.3    .0  81.0  39.7  33.1
1903     283   292   132   176  1127.  1824.  7237.  9487. 18549.   .51  3.98  554.  3.35   99.  877.  133.    288. 555.   0.   0.  4.41 145.5   6.6-143.6  17.5 260.0 233.5  49.9    .0  79.4  39.7  33.1
1904     283   292   126   179   709.  1286.  6644.  9169. 17098.   .54  2.89  520.  3.29   91.  635.  164.    222. 341.   0.   0.  4.43 138.7   6.6-184.9  12.7 260.0 200.8  31.7    .0  85.2  39.6  33.0
1905     283   292   131   171  1421.  2347.  7746. 10025. 20118.   .50  5.06  613.  3.28  144.  717.  119.    311. 431.   0.   0.  4.68 142.4   6.6-109.5  14.3 260.0 271.8  37.6    .0  74.0  39.7  33.0
1906     283   293   136   176   813.  1336.  6620.  8474. 16430.   .52  2.94  512.  3.21  146.  678.  158.    221. 445.   0.   0.  4.33 133.6   6.6-162.4  13.6 260.0 200.7  49.0    .0  81.9  39.5  32.9
1907     283   291   137   177  1555.  2620.  8574.  9785. 20978.   .47  5.68  689.  3.05  184.  635.   94.    340. 386.   0.   0.  4.83 138.8   6.6 -75.4  12.7 260.0 305.8  31.7    .0  68.6  39.6  33.0
1908     283   292   134   184  1395.  2366.  9104. 12688. 24159.   .53  5.22  767.  3.15  135.  657.  104.    331. 358.   0.   0.  5.56 139.9   6.6 -71.2  13.1 260.0 313.7  31.1    .0  77.0  39.6  33.0
1909     283   293   135   178   677.  1164.  5885.  7904. 14953.   .53  2.60  474.  3.15  110.  535.  172.    196. 277.   0.   0.  4.06 134.7   6.6-198.9  10.7 260.0 188.3  24.0    .0  79.4  39.6  33.0
1910     283   291   132   184   911.  1546.  7608.  9830. 18984.   .52  3.41  634.  2.99   65.  687.  151.    215. 385.   0.   0.  5.18 144.9   6.6-161.6  13.7 260.0 224.2  38.0    .0  84.7  39.7  33.1
1911     283   291   134   178  1170.  1966.  8207. 10980. 21152.   .52  4.32  640.  3.31  135.  581.  122.    282. 312.   0.   0.  5.24 144.7   6.6-136.5  11.6 260.0 260.5  23.2    .0  81.2  39.7  33.1
1912     283   294   128   174   874.  1535.  7655.  9125. 18315.   .50  3.40  519.  3.53  119.  599.  150.    258. 310.   0.   0.  4.49 138.3   6.6-168.9  12.0 260.0 217.5  28.7    .0  84.2  39.6  33.0
1913     283   293   138   189   922.  1624.  7644. 10622. 19891.   .53  3.61  697.  2.85  152.  786.  196.    273. 469.   0.   0.  4.24 136.4   6.6-113.3  15.7 260.0 251.8  51.6    .0  79.0  39.6  33.0
1914     283   293   126   179   879.  1514.  6270.  9875. 17659.   .56  3.36  533.  3.31  117.  609.  146.    245. 335.   0.   0.  4.52 140.3   6.6-181.6  12.2 260.0 212.2  23.9    .0  83.2  39.6  33.0
1915     283   291   129   171   974.  1591.  7889.  8083. 17563.   .46  3.47  555.  3.16   99.  773.  147.    274. 452.   0.   0.  4.18 147.0   6.6-170.5  15.5 260.0 210.8  45.5    .0  83.3  39.7  33.1
1916     283   289   121   172   769.  1310.  5754.  8616. 15680.   .55  2.91  466.  3.37  172.  519.  166.    235. 289.   0.   0.  3.91 136.0   6.6-195.8  10.4 260.0 192.1  24.3    .0  81.6  39.6  33.0
1917     283   294   129   186  1157.  1972.  7793. 11194. 20959.   .53  4.33  647.  3.24  141.  629.  146.    329. 296.   0.   0.  4.41 142.2   6.6-138.2  12.6 260.0 254.1  26.5    .0  82.5  39.7  33.0
1918     283   291   127   169   805.  1350.  6380.  8396. 16126.   .52  2.99  491.  3.28  156.  601.  169.    262. 326.   0.   0.  3.74 141.6   6.6-184.3  12.0 260.0 203.5  31.1    .0  79.3  39.6  33.0
1919     283   291   128   173  1193.  1902.  7531. 10497. 19929.   .53  4.12  608.  3.28  186.  612.  140.    310. 348.   0.   0.  4.43 142.7   6.6-136.0  12.2 260.0 254.2  28.1    .0  78.4  39.7  33.0
1920     283   294   132   181  1203.  2057.  7898. 10696. 20652.   .52  4.52  658.  3.14  118.  768.  124.    293. 469.   0.   0.  4.95 147.7   6.6-119.3  15.4 260.0 266.1  41.5    .0  77.6  39.7  33.1
1921     283   293   130   179  1307.  2252.  8856. 11704. 22811.   .51  4.93  750.  3.04  201.  492.  110.    300. 283.   0.   0.  5.57 136.7   6.6-104.3   9.8 260.0 281.8  23.8    .0  80.9  39.6  33.0
1922     283   290   128   174  1283.  1917.  7065.  9432. 18414.   .51  4.13  603.  3.05  190.  625.  124.    311. 380.   0.   0.  4.24 149.7   6.6-139.6  12.5 260.0 256.8  28.4    .0  71.7  39.7  33.1
1923     283   291   127   170  1263.  2079.  7994.  9541. 19614.   .49  4.51  569.  3.45  170.  590.  126.    345. 289.   0.   0.  4.17 143.2   6.6-142.0  11.8 260.0 255.7  18.7    .0  76.7  39.7  33.1
1924     283   292   129   175   884.  1551.  6775.  9507. 17832.   .53  3.44  541.  3.30  170.  646.  149.    259. 408.   0.   0.  4.37 138.0   6.6-151.2  12.9 260.0 227.2  37.3    .0  78.5  39.6  33.0
1925     283   292   127   181   765.  1318.  6151.  9576. 17046.   .56  2.94  542.  3.14  165.  600.  175.    265. 327.   0.   0.  3.88 142.6   6.6-181.3  12.0 260.0 209.9  28.2    .0  81.2  39.7  33.0
1926     283   292   124   169   880.  1445.  6345.  8423. 16213.   .52  3.15  488.  3.33  108.  800.  161.    250. 497.   0.   0.  3.95 144.5   6.6-171.9  16.0 260.0 211.4  42.1    .0  76.7  39.7  33.1
1927     283   292   131   176  1111.  1971.  7542. 10436. 19949.   .52  4.36  575.  3.47   68.  622.  116.    245. 329.   0.   0.  5.53 144.8   6.6-148.5  12.4 260.0 252.7  20.2    .0  78.9  39.7  33.1
1928     283   293   125   168  1058.  1733.  6480.  8313. 16526.   .50  3.74  482.  3.43  108.  717.  134.    301. 390.   0.   0.  3.80 147.9   6.6-161.3  14.3 260.0 228.3  36.8    .0  72.4  39.7  33.1
1929     283   292   134   177  1221.  2067.  8552. 11260. 21879.   .51  4.54  692.  3.16  147.  629.  138.    294. 343.   0.   0.  5.06 142.6   6.6-121.1  12.6 260.0 266.4  31.2    .0  82.1  39.7  33.0
1930     283   292   136   172  1208.  2046.  7680.  9099. 18825.   .48  4.47  602.  3.12  107.  639.  110.    314. 322.   0.   0.  4.44 142.5   6.6-138.5  12.8 260.0 257.0  22.7    .0  73.3  39.7  33.0
1931     283   292   132   173  1117.  1955.  7753.  9560. 19269.   .50  4.29  586.  3.29  115.  613.  128.    299. 300.   0.   0.  4.51 138.1   6.6-125.0  12.3 260.0 263.2  25.6    .0  73.2  39.6  33.0

 MEANS over  30 years  :
        283.  292.  130.  176.  1059.  1781.  7360.  9759. 18900.   .52  3.91  588.  3.23  135.  646.  140.    278. 364.   0.   0.  4.53 141.7   6.6-146.6  12.9 260.0 240.4  31.7    .0  78.9  39.6  33.0
 STANDARD DEVIATIONS  :
          0.    1.    4.    5.   224.   362.   865.  1124.  2149.   .02   .77   80.   .15   35.   87.   23.     38.  73.   0.   0.   .51   4.1    .0  31.8   1.7    .0  31.7   9.1    .0   4.1    .1    .0
 VARIATION COEFFICIENTS (%)  : 
          .0    .4   3.1   3.0   21.2   20.3   11.8   11.5   11.4   4.5  19.7  13.6   4.6  25.7  13.5  16.7    13.7 20.0   .0   .0  11.2   2.9    .1  21.7  13.5    .0  13.2  28.8    .0   5.2    .1    .1



*** RESULTS OF CROP GROWTH MODEL NWHEAT *** SUMMARY OF OUTPUT FOR WINTER WHEAT AND YIELD STATISTICS ***

Name of run: RLOP1, Station= UKLO , Soil=   1, Crop=   1, Organic M.=   1, Nsoil=   1, IRR=   1, Runof=  .00
 Roth., UKLO scen.(normal),no Var.change, pot. prod., CO2 353 ppm                


YEAR     SOW EMERG  ANTH  HALT   WRT   WLV    WST   WGR    TAGB     HI  LAIM PARAB  RUE   DWAV RAIN  ESOIL   TRANS DRAIN RUNOF IRR  WUE MINOM MINFM DNTOT NRAIN NGIFT NUPT  NLEACH NIMMO  NUE  DNFM  NBIOM
1902     283   289   132   171  1854.  2950.  6687.  8507. 18144.   .47  6.69  718.  2.53   60.  461.   63.    371. 247.   0. 160.  4.18 149.3   6.6-113.8   9.2 260.0 290.0  14.8    .0  62.6  39.7  33.1
1903     283   291   133   169  1883.  3011.  6214.  7647. 16872.   .45  6.84  620.  2.72   67.  917.   71.    400. 543.   0.  30.  3.59 149.7   6.6-113.3  18.3 260.0 273.3  40.9    .0  61.7  39.7  33.1
1904     283   291   125   171  1261.  2314.  6619.  9120. 18053.   .51  5.40  650.  2.78   49.  657.   81.    341. 334.   0.  50.  4.27 142.4   6.6-140.4  13.1 260.0 249.5  29.1    .0  72.4  39.7  33.0
1905     283   291   132   164  2162.  3467.  6809.  6569. 16845.   .39  7.82  667.  2.52   64.  754.   69.    392. 436.   0.  80.  3.65 147.9   6.6 -99.1  15.1 260.0 290.7  29.8    .0  57.9  39.7  33.1
1906     283   292   134   166  1441.  2461.  7199.  7193. 16854.   .43  5.65  609.  2.77   69.  651.   80.    339. 421.   0. 120.  4.03 140.5   6.6-115.0  13.0 260.0 261.5  38.4    .0  64.4  39.6  33.0
1907     283   290   137   168  2286.  3711.  7248.  6369. 17327.   .37  8.37  725.  2.39   61.  637.   52.    430. 375.   0. 160.  3.59 145.5   6.6 -85.1  12.7 260.0 302.8  26.2    .0  57.2  39.7  33.1
1908     283   291   134   174  2144.  3551.  8004.  8888. 20443.   .43  8.15  812.  2.52   60.  589.   53.    418. 358.   0. 180.  4.34 147.8   6.6 -66.2  11.8 260.0 326.8  25.5    .0  62.6  39.7  33.1
1909     283   292   134   169  1326.  2331.  6850.  7163. 16344.   .44  5.41  591.  2.77   64.  574.   85.    327. 284.   0.  57.  3.97 136.6   6.6-140.3  11.5 260.0 247.5  22.7    .0  66.0  39.6  33.0
1910     283   291   134   174  1647.  2839.  7224.  8665. 18729.   .46  6.54  720.  2.60   33.  700.   80.    325. 369.   0.  40.  4.62 147.4   6.6-107.7  14.0 260.0 285.8  29.2    .0  65.5  39.7  33.1
1911     283   290   134   167  1873.  3120.  7946.  7601. 18667.   .41  7.14  695.  2.68   52.  604.   65.    391. 297.   0.  96.  4.09 147.6   6.6 -97.2  12.1 260.0 304.4  17.4    .0  61.3  39.7  33.1
1912     283   293   128   165  1531.  2690.  6539.  8311. 17540.   .47  6.21  613.  2.86   46.  584.   73.    378. 319.   0. 140.  3.89 143.0   6.6-120.9  11.7 260.0 267.2  28.1    .0  65.6  39.7  33.1
1913     283   292   137   176  1576.  2758.  7971.  8721. 19450.   .45  6.38  767.  2.53   63.  726.  101.    406. 473.   0. 190.  3.84 141.2   6.6 -68.9  14.5 260.0 302.4  46.2    .0  64.3  39.6  33.0
1914     283   292   128   168  1639.  2784.  6570.  8079. 17434.   .46  6.42  633.  2.75   65.  605.   62.    379. 299.   0.  70.  3.96 144.7   6.6-127.4  12.1 260.0 276.5  14.2    .0  63.0  39.7  33.1
1915     283   290   129   165  1664.  2684.  6726.  7992. 17402.   .46  6.14  645.  2.70   34.  777.   73.    392. 436.   0.  90.  3.74 151.1   6.6-124.8  15.5 260.0 266.3  36.0    .0  65.4  39.7  33.1
1916     283   289   122   158  1441.  2517.  6899.  6520. 15937.   .41  5.81  559.  2.85   66.  482.   77.    382. 279.   0. 190.  3.47 144.5   6.6-138.3   9.6 260.0 256.8  20.7    .0  62.0  39.7  33.1
1917     283   293   130   174  1904.  3190.  7098.  8523. 18811.   .45  7.32  706.  2.67   46.  620.   74.    454. 299.   0. 160.  3.57 147.3   6.6 -85.3  12.4 260.0 309.6  24.7    .0  60.8  39.7  33.1
1918     283   290   128   161  1524.  2562.  7244.  6326. 16132.   .39  5.88  597.  2.70   69.  641.   87.    413. 320.   0. 110.  3.22 146.3   6.6-133.3  12.8 260.0 261.9  25.2    .0  61.6  39.7  33.1
1919     283   290   129   165  1977.  3144.  7399.  7797. 18341.   .43  7.17  680.  2.70   58.  601.   66.    427. 336.   0. 170.  3.72 153.7   6.6-107.9  12.0 260.0 294.4  22.6    .0  62.3  39.8  33.1
1920     283   293   133   174  1925.  3227.  7118.  8767. 19111.   .46  7.42  735.  2.60   54.  737.   66.    372. 453.   0. 100.  4.36 152.4   6.6 -93.1  14.7 260.0 303.4  30.7    .0  63.0  39.8  33.1
1921     283   291   130   171  2067.  3436.  7595.  9458. 20490.   .46  7.88  813.  2.52   61.  484.   55.    406. 279.   0. 196.  4.44 146.1   6.6 -74.4   9.7 260.0 321.8  18.8    .0  63.7  39.7  33.1
1922     283   290   130   167  2053.  3159.  6812.  7134. 17105.   .42  7.20  675.  2.53   61.  592.   61.    422. 349.   0. 180.  3.54 158.0   6.6-116.4  11.8 260.0 294.5  17.8    .0  58.1  39.8  33.2
1923     283   290   128   162  2067.  3247.  6116.  6938. 16302.   .43  7.32  625.  2.61   61.  594.   68.    466. 271.   0. 149.  3.06 148.9   6.6-138.9  11.9 260.0 268.0  11.3    .0  60.8  39.7  33.1
1924     283   291   128   167  1473.  2572.  6588.  7892. 17052.   .46  5.97  631.  2.70   68.  644.   75.    371. 397.   0. 130.  3.83 143.5   6.6-127.4  12.9 260.0 261.7  28.9    .0  65.1  39.7  33.1
1925     283   291   126   168  1348.  2342.  6796.  7901. 17038.   .46  5.43  614.  2.78   75.  606.   89.    404. 307.   0. 120.  3.45 146.7   6.6-137.0  12.1 260.0 262.6  21.6    .0  64.9  39.7  33.1
1926     283   291   126   161  1652.  2723.  7160.  6474. 16358.   .40  6.25  590.  2.77   60.  793.   70.    388. 474.   0.  80.  3.57 149.8   6.6-121.0  15.9 260.0 275.8  29.7    .0  59.3  39.7  33.1
1927     283   291   132   167  1917.  3272.  7180.  7329. 17781.   .41  7.48  659.  2.70   63.  637.   67.    349. 301.   0.  17.  4.27 147.1   6.6-113.1  12.7 260.0 293.3  12.5    .0  60.6  39.7  33.1
1928     283   292   127   161  1830.  2996.  6574.  5856. 15426.   .38  6.80  571.  2.70   55.  744.   64.    435. 370.   0.  70.  3.09 150.8   6.6-125.0  14.9 260.0 273.4  26.7    .0  56.4  39.7  33.1
1929     283   291   134   169  1908.  3142.  7428.  8482. 19051.   .45  7.18  761.  2.50   59.  653.   78.    397. 344.   0. 108.  4.01 148.1   6.6-103.4  13.1 260.0 290.6  26.5    .0  65.5  39.7  33.1
1930     283   291   137   165  1982.  3280.  7194.  5626. 16100.   .35  7.39  669.  2.41   53.  645.   57.    415. 315.   0.  90.  3.41 146.6   6.6-112.1  12.9 260.0 284.9  19.0    .0  56.5  39.7  33.1
1931     283   291   133   165  1861.  3190.  7076.  6360. 16626.   .38  7.24  654.  2.54   56.  580.   67.    415. 284.   0. 130.  3.45 142.5   6.6-107.1  11.6 260.0 285.9  20.5    .0  58.2  39.7  33.0

 MEANS over  30 years  :
        283.  291.  131.  167.  1774.  2956.  7029.  7607. 17592.   .43  6.76  667.  2.65   58.  643.   71.    394. 352.   0. 115.  3.81 146.9   6.6-111.8  12.9 260.0 282.8  25.2    .0  62.3  39.7  33.1
 STANDARD DEVIATIONS  :
          0.    1.    4.    4.   270.   376.   464.  1015.  1285.   .04   .82   66.   .12    9.   95.   11.     34.  72.   0.  50.   .40   4.2    .0  20.6   1.9    .0  20.2   8.1    .0   3.4    .0    .0
 VARIATION COEFFICIENTS (%)  : 
          .0    .4   2.8   2.6   15.2   12.7    6.6   13.3    7.3   8.3  12.1   9.9   4.6  16.0  14.7  15.5     8.7 20.3   .0 43.6  10.4   2.8    .1  18.5  14.7    .0   7.1  32.0    .0   5.5    .1    .1



*** RESULTS OF CROP GROWTH MODEL NWHEAT *** SUMMARY OF OUTPUT FOR WINTER WHEAT AND YIELD STATISTICS ***

Name of run: RLOW1, Station= UKLO , Soil=   1, Crop=   1, Organic M.=   1, Nsoil=   1, IRR=   0, Runof=  .00
 Roth., UKLO scen.(normal),no Var.change, waterlim. prod., CO2 353 ppm           


YEAR     SOW EMERG  ANTH  HALT   WRT   WLV    WST   WGR    TAGB     HI  LAIM PARAB  RUE   DWAV RAIN  ESOIL   TRANS DRAIN RUNOF IRR  WUE MINOM MINFM DNTOT NRAIN NGIFT NUPT  NLEACH NIMMO  NUE  DNFM  NBIOM
1902     283   289   132   171  1854.  2950.  6687.  7457. 17094.   .44  6.69  717.  2.38  199.  461.   63.    350. 247.   0.   0.  4.14 142.7   6.6-110.4   9.2 260.0 287.0  14.8    .0  59.6  39.7  33.1
1903     283   291   133   169  1883.  3011.  6214.  7646. 16871.   .45  6.84  620.  2.72   97.  917.   71.    400. 543.   0.   0.  3.59 148.8   6.6-111.3  18.3 260.0 274.3  40.9    .0  61.5  39.7  33.1
1904     283   291   125   171  1261.  2314.  6619.  9120. 18052.   .51  5.40  650.  2.78   99.  657.   81.    341. 334.   0.   0.  4.27 141.1   6.6-138.7  13.1 260.0 249.8  29.1    .0  72.3  39.6  33.0
1905     283   291   132   164  2162.  3467.  6808.  6562. 16837.   .39  7.82  667.  2.52  140.  754.   69.    392. 433.   0.   0.  3.65 145.3   6.6 -91.3  15.1 260.0 295.5  29.7    .0  57.0  39.7  33.1
1906     283   292   134   166  1441.  2461.  7196.  6969. 16626.   .42  5.65  609.  2.73  184.  651.   79.    334. 421.   0.   0.  4.02 135.6   6.6-104.4  13.0 260.0 267.0  38.4    .0  62.3  39.6  33.0
1907     283   290   137   168  2286.  3711.  7247.  5153. 16111.   .32  8.37  725.  2.22  193.  637.   53.    402. 375.   0.   0.  3.54 140.5   6.6 -81.5  12.7 260.0 301.6  26.2    .0  53.4  39.6  33.0
1908     283   291   134   174  2143.  3560.  7969.  5902. 17431.   .34  8.15  811.  2.15  189.  589.   54.    366. 358.   0.   0.  4.15 138.3   6.6 -54.4  11.8 260.0 329.2  25.5    .0  53.0  39.6  33.0
1909     283   292   134   169  1326.  2330.  6851.  7166. 16347.   .44  5.41  591.  2.77  114.  574.   85.    327. 277.   0.   0.  3.98 136.0   6.6-137.8  11.5 260.0 250.2  21.8    .0  65.3  39.6  33.0
1910     283   291   134   174  1647.  2839.  7224.  8664. 18727.   .46  6.54  720.  2.60   72.  700.   80.    325. 368.   0.   0.  4.62 147.2   6.6-106.5  14.0 260.0 286.5  29.2    .0  65.4  39.7  33.1
1911     283   290   134   167  1874.  3121.  7947.  7599. 18667.   .41  7.14  695.  2.68  142.  604.   65.    391. 290.   0.   0.  4.10 144.9   6.6 -90.7  12.1 260.0 308.6  16.7    .0  60.5  39.7  33.1
1912     283   293   128   165  1531.  2690.  6507.  6857. 16055.   .43  6.21  613.  2.62  162.  584.   73.    354. 319.   0.   0.  3.76 136.7   6.6-105.9  11.7 260.0 275.7  28.1    .0  58.2  39.6  33.0
1913     283   292   137   176  1576.  2758.  7888.  5504. 16150.   .34  6.38  761.  2.12  200.  726.  104.    350. 473.   0.   0.  3.56 132.2   6.6 -57.8  14.5 260.0 304.4  46.2    .0  53.1  39.5  32.9
1914     283   292   128   168  1639.  2784.  6570.  8078. 17432.   .46  6.42  633.  2.75  135.  605.   62.    379. 299.   0.   0.  3.96 141.9   6.6-123.0  12.1 260.0 278.1  14.2    .0  62.7  39.7  33.0
1915     283   290   129   165  1664.  2684.  6724.  7987. 17395.   .46  6.14  645.  2.70  124.  777.   73.    392. 436.   0.   0.  3.74 149.3   6.6-116.5  15.5 260.0 272.6  36.0    .0  63.8  39.7  33.1
1916     283   289   122   158  1441.  2517.  6900.  4448. 13865.   .32  5.81  555.  2.50  199.  482.   80.    323. 279.   0.   0.  3.44 136.5   6.6-138.7   9.6 260.0 248.7  20.7    .0  55.8  39.6  33.0
1917     283   293   130   174  1904.  3193.  7034.  6244. 16471.   .38  7.32  705.  2.34  169.  620.   74.    416. 299.   0.   0.  3.36 140.7   6.6 -72.7  12.4 260.0 313.9  24.7    .0  52.5  39.6  33.0
1918     283   290   128   161  1524.  2562.  7241.  6318. 16121.   .39  5.88  597.  2.70  179.  641.   87.    413. 320.   0.   0.  3.22 144.0   6.6-120.5  12.8 260.0 271.9  25.2    .0  59.3  39.7  33.1
1919     283   290   129   165  1977.  3144.  7382.  5688. 16214.   .35  7.17  678.  2.39  185.  601.   67.    383. 336.   0.   0.  3.60 144.1   6.6 -95.6  12.0 260.0 297.2  22.6    .0  54.6  39.7  33.1
1920     283   293   133   174  1925.  3227.  7116.  8762. 19105.   .46  7.42  735.  2.60  154.  737.   66.    372. 453.   0.   0.  4.36 149.9   6.6 -84.1  14.7 260.0 309.6  30.7    .0  61.7  39.7  33.1
1921     283   291   130   171  2057.  3427.  7598.  7074. 18100.   .39  7.86  810.  2.24  200.  484.   57.    353. 273.   0.   0.  4.41 138.0   6.6 -68.8   9.7 260.0 320.2  18.3    .0  56.5  39.6  33.0
1922     283   290   130   167  2052.  3158.  6808.  5462. 15428.   .35  7.20  674.  2.29  201.  592.   62.    382. 349.   0.   0.  3.48 150.1   6.6-117.0  11.8 260.0 286.3  17.8    .0  53.9  39.7  33.1
1923     283   290   128   162  2049.  3232.  6114.  6446. 15791.   .41  7.29  623.  2.54  180.  594.   66.    454. 254.   0.   0.  3.04 143.0   6.6-123.3  11.9 260.0 278.4  10.3    .0  56.7  39.7  33.1
1924     283   291   128   167  1473.  2572.  6586.  7055. 16213.   .44  5.97  631.  2.57  181.  644.   75.    354. 397.   0.   0.  3.78 138.5   6.6-115.9  12.9 260.0 268.0  28.9    .0  60.5  39.6  33.0
1925     283   291   126   168  1348.  2342.  6792.  6819. 15953.   .43  5.43  613.  2.60  176.  606.   89.    385. 307.   0.   0.  3.36 141.6   6.6-123.5  12.1 260.0 270.0  21.6    .0  59.1  39.6  33.0
1926     283   291   126   161  1652.  2723.  7158.  6470. 16351.   .40  6.25  590.  2.77  140.  793.   70.    388. 474.   0.   0.  3.57 147.3   6.6-111.2  15.9 260.0 282.9  29.7    .0  57.8  39.7  33.1
1927     283   291   132   167  1874.  3226.  7182.  7343. 17750.   .41  7.39  654.  2.71   62.  637.   56.    346. 297.   0.   0.  4.42 145.8   6.6-113.8  12.7 260.0 291.5  12.4    .0  60.9  39.7  33.1
1928     283   292   127   161  1830.  2996.  6572.  5851. 15419.   .38  6.80  571.  2.70  125.  744.   64.    435. 370.   0.   0.  3.09 150.4   6.6-118.8  14.9 260.0 278.8  26.7    .0  55.3  39.7  33.1
1929     283   291   134   169  1895.  3130.  7431.  8483. 19044.   .45  7.15  759.  2.51  159.  653.   78.    396. 337.   0.   0.  4.02 145.2   6.6 -96.3  13.1 260.0 295.4  25.8    .0  64.5  39.7  33.1
1930     283   291   137   165  1983.  3280.  7194.  5623. 16097.   .35  7.39  669.  2.41  143.  645.   57.    415. 315.   0.   0.  3.41 144.8   6.6-106.1  12.9 260.0 289.1  19.0    .0  55.7  39.7  33.1
1931     283   291   133   165  1861.  3190.  7075.  5648. 15913.   .35  7.24  654.  2.43  171.  580.   67.    400. 284.   0.   0.  3.41 137.5   6.6 -95.1  11.6 260.0 292.6  20.5    .0  54.4  39.6  33.0

 MEANS over  30 years  :
        283.  291.  131.  167.  1771.  2953.  7021.  6813. 16788.   .40  6.76  666.  2.53  156.  643.   71.    377. 351.   0.   0.  3.77 142.6   6.6-104.4  12.9 260.0 285.8  25.1    .0  58.9  39.7  33.0
 STANDARD DEVIATIONS  :
          0.    1.    4.    4.   268.   374.   458.  1143.  1176.   .05   .81   66.   .19   38.   95.   11.     33.  73.   0.   0.   .41   4.8    .0  21.7   1.9    .0  19.6   8.2    .0   4.5    .1    .0
 VARIATION COEFFICIENTS (%)  : 
          .0    .4   2.8   2.6   15.1   12.7    6.5   16.8    7.0  11.7  12.0   9.9   7.6  24.6  14.7  16.2     8.6 20.8   .0   .0  10.9   3.4    .1  20.8  14.7    .0   6.9  32.6    .0   7.7    .1    .1



*** RESULTS OF CROP GROWTH MODEL NWHEAT *** SUMMARY OF OUTPUT FOR WINTER WHEAT AND YIELD STATISTICS ***

Name of run: RLOP5, Station= UKLO , Soil=   1, Crop=   5, Organic M.=   1, Nsoil=   1, IRR=   1, Runof=  .00
 Roth., UKLO scen.(normal),no Var.change, pot. prod., CO2 560 ppm                


YEAR     SOW EMERG  ANTH  HALT   WRT   WLV    WST   WGR    TAGB     HI  LAIM PARAB  RUE   DWAV RAIN  ESOIL   TRANS DRAIN RUNOF IRR  WUE MINOM MINFM DNTOT NRAIN NGIFT NUPT  NLEACH NIMMO  NUE  DNFM  NBIOM
1902     283   289   132   171  1999.  3213.  7603. 10075. 20891.   .48  6.86  717.  2.91   66.  461.   62.    355. 250.   0. 140.  5.01 149.3   6.6 -92.5   9.2 260.0 311.1  14.5    .0  67.1  39.7  33.1
1903     283   291   133   169  2075.  3353.  7275.  9015. 19643.   .46  7.17  622.  3.16   64.  917.   68.    386. 556.   0.  30.  4.32 149.8   6.6 -88.7  18.3 260.0 298.8  39.2    .0  65.7  39.7  33.1
1904     283   291   125   171  1361.  2520.  7514. 10923. 20957.   .52  5.57  653.  3.21   47.  657.   78.    326. 340.   0.  40.  5.19 142.4   6.6-113.3  13.1 260.0 276.0  29.3    .0  75.9  39.7  33.0
1905     283   291   132   164  2390.  3849.  7893.  7907. 19649.   .40  8.15  669.  2.94   71.  754.   68.    379. 438.   0.  60.  4.40 147.6   6.6 -77.4  15.1 260.0 314.2  27.3    .0  62.5  39.7  33.1
1906     283   292   134   166  1571.  2717.  8045.  8663. 19425.   .45  5.86  611.  3.18   76.  651.   77.    324. 425.   0. 100.  4.84 140.4   6.6-101.5  13.0 260.0 275.6  37.3    .0  70.5  39.6  33.0
1907     283   290   137   168  2486.  4058.  8287.  7710. 20055.   .38  8.61  725.  2.77   59.  637.   52.    413. 380.   0. 150.  4.31 145.5   6.6 -70.3  12.7 260.0 318.7  25.1    .0  62.9  39.7  33.1
1908     283   291   134   174  2333.  3893.  9058. 10585. 23535.   .45  8.39  811.  2.90   57.  589.   52.    402. 362.   0. 170.  5.18 147.8   6.6 -43.8  11.8 260.0 349.6  24.6    .0  67.3  39.7  33.1
1909     283   292   134   169  1426.  2539.  7740.  8505. 18784.   .45  5.54  591.  3.18   60.  574.   84.    309. 289.   0.  47.  4.78 136.8   6.6-120.3  11.5 260.0 267.1  22.8    .0  70.3  39.6  33.0
1910     283   291   134   174  1777.  3088.  8094. 10105. 21287.   .47  6.68  720.  2.96   30.  700.   79.    309. 372.   0.  30.  5.49 147.6   6.6 -89.8  14.0 260.0 304.0  28.7    .0  70.0  39.7  33.1
1911     283   290   134   167  2038.  3415.  8895.  9099. 21409.   .43  7.35  696.  3.07   50.  604.   64.    375. 301.   0.  86.  4.88 147.7   6.6 -78.8  12.1 260.0 322.9  16.9    .0  66.3  39.7  33.1
1912     283   293   128   165  1679.  2978.  7560.  9816. 20353.   .48  6.48  616.  3.31   42.  584.   70.    364. 321.   0. 130.  4.68 142.9   6.6 -94.1  11.7 260.0 293.3  28.1    .0  69.4  39.7  33.1
1913     283   292   137   176  1690.  2982.  8805. 10338. 22125.   .47  6.49  768.  2.88   63.  726.   99.    384. 476.   0. 170.  4.58 141.3   6.6 -50.5  14.5 260.0 321.0  45.8    .0  68.9  39.6  33.0
1914     283   292   128   168  1785.  3065.  7582.  9676. 20324.   .48  6.68  635.  3.20   68.  605.   59.    365. 310.   0.  60.  4.79 144.9   6.6 -98.5  12.1 260.0 305.4  13.8    .0  66.5  39.7  33.1
1915     283   290   129   165  1822.  2962.  7732.  9364. 20058.   .47  6.37  648.  3.10   39.  777.   70.    377. 439.   0.  70.  4.49 150.9   6.6-102.9  15.5 260.0 288.8  34.4    .0  69.5  39.7  33.1
1916     283   289   122   158  1579.  2790.  7883.  7945. 18618.   .43  6.08  562.  3.32   64.  482.   74.    368. 284.   0. 180.  4.21 144.5   6.6-113.0   9.6 260.0 281.7  20.8    .0  66.1  39.7  33.1
1917     283   293   130   174  2088.  3538.  8023.  9988. 21549.   .46  7.63  707.  3.05   49.  620.   72.    436. 301.   0. 140.  4.24 147.2   6.6 -63.9  12.4 260.0 331.0  24.5    .0  65.1  39.7  33.1
1918     283   290   128   161  1664.  2813.  8184.  7751. 18749.   .41  6.09  600.  3.13   74.  641.   84.    397. 323.   0.  90.  3.89 146.4   6.6-109.3  12.8 260.0 285.9  24.6    .0  65.6  39.7  33.1
1919     283   290   129   165  2212.  3540.  8388.  9442. 21370.   .44  7.60  684.  3.13   55.  601.   62.    416. 339.   0. 160.  4.48 153.6   6.6 -82.3  12.0 260.0 320.7  20.9    .0  66.6  39.8  33.1
1920     283   293   133   174  2118.  3565.  8124. 10225. 21915.   .47  7.69  737.  2.97   56.  737.   64.    359. 460.   0.  90.  5.18 152.4   6.6 -72.4  14.7 260.0 326.1  28.0    .0  67.2  39.8  33.1
1921     283   291   130   171  2272.  3812.  8541. 11060. 23413.   .47  8.20  813.  2.88   66.  484.   54.    391. 281.   0. 176.  5.26 146.2   6.6 -57.5   9.7 260.0 338.8  18.0    .0  69.1  39.7  33.1
1922     283   290   130   167  2277.  3505.  7809.  8523. 19838.   .43  7.50  678.  2.93   60.  592.   59.    409. 355.   0. 170.  4.24 157.9   6.6 -93.7  11.8 260.0 318.6  15.5    .0  62.3  39.8  33.2
1923     283   290   128   162  2268.  3592.  7086.  8323. 19001.   .44  7.61  625.  3.04   59.  594.   66.    448. 278.   0. 139.  3.69 149.0   6.6-116.4  11.9 260.0 290.9  10.2    .0  65.3  39.7  33.1
1924     283   291   128   167  1592.  2798.  7525.  9554. 19877.   .48  6.13  633.  3.14   64.  644.   72.    354. 401.   0. 120.  4.66 143.4   6.6-102.1  12.9 260.0 286.9  28.7    .0  69.3  39.7  33.1
1925     283   291   126   168  1473.  2574.  7810.  9591. 19976.   .48  5.63  618.  3.23   81.  606.   86.    387. 314.   0. 100.  4.23 146.7   6.6-113.6  12.1 260.0 286.1  21.2    .0  69.8  39.7  33.1
1926     283   291   126   161  1806.  3009.  8211.  7769. 18989.   .41  6.49  590.  3.22   50.  793.   68.    371. 483.   0.  80.  4.32 149.8   6.6 -99.4  15.9 260.0 297.6  29.0    .0  63.8  39.7  33.1
1927     283   291   132   167  2109.  3628.  8233.  8755. 20615.   .42  7.80  661.  3.12   56.  637.   64.    337. 308.   0.  17.  5.13 147.2   6.6 -85.3  12.7 260.0 320.9  11.9    .0  64.3  39.7  33.1
1928     283   292   127   161  2024.  3344.  7571.  7056. 17970.   .39  7.14  572.  3.14   62.  744.   62.    421. 374.   0.  50.  3.72 150.8   6.6-100.2  14.9 260.0 299.1  25.1    .0  60.1  39.7  33.1
1929     283   291   134   169  2090.  3471.  8487. 10154. 22112.   .46  7.46  762.  2.90   56.  653.   76.    381. 349.   0.  98.  4.83 148.0   6.6 -78.8  13.1 260.0 315.3  25.6    .0  70.1  39.7  33.1
1930     283   291   137   165  2157.  3590.  8033.  6803. 18425.   .37  7.61  670.  2.75   55.  645.   55.    399. 326.   0.  80.  4.06 146.7   6.6 -97.5  12.9 260.0 299.7  18.5    .0  61.5  39.7  33.1
1931     283   291   133   165  2019.  3494.  8094.  7627. 19216.   .40  7.47  653.  2.94   52.  580.   66.    397. 288.   0. 120.  4.14 142.4   6.6 -88.1  11.6 260.0 304.5  20.1    .0  63.1  39.7  33.0

 MEANS over  30 years  :
        283.  291.  131.  167.  1939.  3257.  8003.  9078. 20338.   .45  7.01  668.  3.05   58.  643.   69.    378. 357.   0. 103.  4.58 146.9   6.6 -89.9  12.9 260.0 305.0  24.3    .0  66.7  39.7  33.1
 STANDARD DEVIATIONS  :
          0.    1.    4.    4.   303.   422.   457.  1140.  1396.   .03   .86   66.   .15   11.   95.   11.     34.  72.   0.  48.   .46   4.1    .0  19.2   1.9    .0  19.5   7.9    .0   3.3    .0    .0
 VARIATION COEFFICIENTS (%)  : 
          .0    .4   2.8   2.6   15.6   12.9    5.7   12.6    6.9   7.8  12.2   9.8   4.9  18.4  14.7  15.6     9.0 20.2   .0 46.9  10.1   2.8    .1  21.4  14.7    .0   6.4  32.6    .0   5.0    .1    .1



*** RESULTS OF CROP GROWTH MODEL NWHEAT *** SUMMARY OF OUTPUT FOR WINTER WHEAT AND YIELD STATISTICS ***

Name of run: RLOW5, Station= UKLO , Soil=   1, Crop=   5, Organic M.=   1, Nsoil=   1, IRR=   0, Runof=  .00
 Roth., UKLO scen.(normal),no Var.change, waterlim. prod., CO2 560 ppm           


YEAR     SOW EMERG  ANTH  HALT   WRT   WLV    WST   WGR    TAGB     HI  LAIM PARAB  RUE   DWAV RAIN  ESOIL   TRANS DRAIN RUNOF IRR  WUE MINOM MINFM DNTOT NRAIN NGIFT NUPT  NLEACH NIMMO  NUE  DNFM  NBIOM
1902     283   289   132   171  1999.  3213.  7586.  9386. 20186.   .46  6.86  717.  2.81  194.  461.   61.    343. 250.   0.   0.  4.99 143.7   6.6 -85.0   9.2 260.0 312.9  14.5    .0  64.5  39.7  33.1
1903     283   291   133   169  2075.  3353.  7275.  9015. 19642.   .46  7.17  622.  3.16   94.  917.   68.    386. 556.   0.   0.  4.32 149.0   6.6 -87.0  18.3 260.0 299.7  39.2    .0  65.5  39.7  33.1
1904     283   291   125   171  1361.  2520.  7514. 10923. 20957.   .52  5.57  653.  3.21   87.  657.   78.    326. 340.   0.   0.  5.19 141.3   6.6-112.1  13.1 260.0 276.1  29.3    .0  75.9  39.6  33.0
1905     283   291   132   164  2390.  3849.  7892.  7903. 19643.   .40  8.15  669.  2.94  131.  754.   68.    379. 438.   0.   0.  4.40 145.6   6.6 -72.3  15.1 260.0 317.0  27.3    .0  62.0  39.7  33.1
1906     283   292   134   166  1571.  2717.  8043.  8624. 19384.   .44  5.86  611.  3.17  175.  651.   77.    324. 425.   0.   0.  4.84 136.3   6.6 -91.2  13.0 260.0 281.5  37.3    .0  68.9  39.6  33.0
1907     283   290   137   168  2486.  4058.  8286.  6716. 19059.   .35  8.61  725.  2.63  189.  637.   52.    394. 380.   0.   0.  4.27 141.0   6.6 -64.1  12.7 260.0 320.5  25.1    .0  59.5  39.6  33.0
1908     283   291   134   174  2332.  3895.  9013.  7950. 20859.   .38  8.39  811.  2.57  187.  589.   52.    362. 362.   0.   0.  5.04 138.8   6.6 -30.5  11.8 260.0 353.8  24.6    .0  59.0  39.6  33.0
1909     283   292   134   169  1427.  2540.  7742.  8501. 18783.   .45  5.54  590.  3.18  100.  574.   84.    309. 282.   0.   0.  4.78 136.4   6.6-118.9  11.5 260.0 268.9  21.9    .0  69.8  39.6  33.0
1910     283   291   134   174  1777.  3088.  8094. 10105. 21287.   .47  6.68  720.  2.96   60.  700.   79.    309. 372.   0.   0.  5.49 147.5   6.6 -89.7  14.0 260.0 304.1  28.7    .0  70.0  39.7  33.1
1911     283   290   134   167  2039.  3416.  8898.  9098. 21412.   .42  7.35  696.  3.07  130.  604.   64.    375. 295.   0.   0.  4.88 145.3   6.6 -74.1  12.1 260.0 325.7  16.2    .0  65.7  39.7  33.1
1912     283   293   128   165  1679.  2978.  7428.  8899. 19305.   .46  6.48  616.  3.14  159.  584.   70.    351. 321.   0.   0.  4.58 137.7   6.6 -80.9  11.7 260.0 301.2  28.1    .0  64.1  39.6  33.0
1913     283   292   137   176  1690.  2982.  8699.  7608. 19289.   .39  6.49  765.  2.52  195.  726.  101.    344. 476.   0.   0.  4.34 133.5   6.6 -40.8  14.5 260.0 322.7  45.8    .0  59.8  39.5  32.9
1914     283   292   128   168  1785.  3065.  7582.  9675. 20322.   .48  6.68  635.  3.20  128.  605.   59.    365. 310.   0.   0.  4.79 142.2   6.6 -94.6  12.1 260.0 306.6  13.8    .0  66.3  39.7  33.0
1915     283   290   129   165  1822.  2962.  7728.  9364. 20054.   .47  6.37  648.  3.10  109.  777.   70.    377. 439.   0.   0.  4.48 149.8   6.6 -98.1  15.5 260.0 292.3  34.4    .0  68.6  39.7  33.1
1916     283   289   122   158  1579.  2790.  7882.  5744. 16416.   .35  6.08  559.  2.94  197.  482.   75.    320. 284.   0.   0.  4.15 137.3   6.6-110.3   9.6 260.0 277.2  20.8    .0  59.2  39.6  33.0
1917     283   293   130   174  2088.  3538.  7962.  8299. 19799.   .42  7.63  707.  2.80  167.  620.   72.    414. 301.   0.   0.  4.08 141.5   6.6 -49.3  12.4 260.0 338.5  24.5    .0  58.5  39.6  33.0
1918     283   290   128   161  1664.  2813.  8182.  7745. 18740.   .41  6.09  600.  3.12  164.  641.   84.    397. 323.   0.   0.  3.89 144.5   6.6-100.1  12.8 260.0 293.1  24.6    .0  63.9  39.7  33.1
1919     283   290   129   165  2211.  3540.  8378.  7650. 19568.   .39  7.60  683.  2.86  182.  601.   62.    382. 339.   0.   0.  4.40 145.2   6.6 -68.6  12.0 260.0 325.8  20.9    .0  60.1  39.7  33.1
1920     283   293   133   174  2118.  3565.  8123. 10222. 21910.   .47  7.69  737.  2.97  146.  737.   64.    359. 460.   0.   0.  5.18 150.2   6.6 -63.6  14.7 260.0 332.4  28.0    .0  65.9  39.7  33.1
1921     283   291   130   171  2262.  3804.  8545.  8986. 21335.   .42  8.19  812.  2.63  198.  484.   55.    352. 276.   0.   0.  5.25 138.7   6.6 -50.3   9.7 260.0 339.2  17.5    .0  62.9  39.6  33.0
1922     283   290   130   167  2276.  3505.  7796.  7096. 18396.   .39  7.50  678.  2.71  199.  592.   59.    378. 355.   0.   0.  4.22 150.6   6.6 -91.9  11.8 260.0 313.3  15.5    .0  58.7  39.7  33.1
1923     283   290   128   162  2251.  3578.  7077.  8038. 18694.   .43  7.58  624.  3.00  173.  594.   65.    442. 261.   0.   0.  3.69 143.7   6.6-101.8  11.9 260.0 301.0   9.3    .0  62.1  39.7  33.1
1924     283   291   128   167  1592.  2798.  7516.  9041. 19355.   .47  6.13  633.  3.06  175.  644.   72.    346. 401.   0.   0.  4.63 139.7   6.6 -90.8  12.9 260.0 294.2  28.7    .0  65.8  39.6  33.0
1925     283   291   126   168  1473.  2574.  7798.  8997. 19369.   .46  5.63  618.  3.13  171.  606.   86.    378. 314.   0.   0.  4.18 142.9   6.6 -99.5  12.1 260.0 295.6  21.2    .0  65.5  39.7  33.1
1926     283   291   126   161  1806.  3009.  8210.  7765. 18984.   .41  6.49  590.  3.22  130.  793.   68.    371. 483.   0.   0.  4.32 147.7   6.6 -91.0  15.9 260.0 303.7  29.0    .0  62.5  39.7  33.1
1927     283   291   132   167  2065.  3579.  8235.  8769. 20583.   .43  7.71  657.  3.13   55.  637.   54.    334. 305.   0.   0.  5.31 145.9   6.6 -86.1  12.7 260.0 319.1  11.8    .0  64.5  39.7  33.1
1928     283   292   127   161  2024.  3344.  7570.  7052. 17966.   .39  7.14  572.  3.14  112.  744.   62.    421. 374.   0.   0.  3.72 150.6   6.6 -95.9  14.9 260.0 303.0  25.1    .0  59.3  39.7  33.1
1929     283   291   134   169  2078.  3460.  8491. 10154. 22105.   .46  7.44  761.  2.91  146.  653.   76.    380. 342.   0.   0.  4.84 145.7   6.6 -74.1  13.1 260.0 318.4  25.0    .0  69.4  39.7  33.1
1930     283   291   137   165  2157.  3590.  8032.  6801. 18423.   .37  7.61  670.  2.75  135.  645.   55.    399. 326.   0.   0.  4.06 145.0   6.6 -92.5  12.9 260.0 302.9  18.5    .0  60.8  39.7  33.1
1931     283   291   133   165  2019.  3494.  8092.  7357. 18943.   .39  7.47  653.  2.90  166.  580.   66.    392. 288.   0.   0.  4.14 138.5   6.6 -75.6  11.6 260.0 312.9  20.1    .0  60.5  39.6  33.0

 MEANS over  30 years  :
        283.  291.  131.  167.  1937.  3254.  7989.  8449. 19692.   .43  7.01  668.  2.96  148.  643.   68.    367. 356.   0.   0.  4.55 143.2   6.6 -82.7  12.9 260.0 308.4  24.2    .0  64.0  39.7  33.1
 STANDARD DEVIATIONS  :
          0.    1.    4.    4.   301.   420.   455.  1172.  1229.   .04   .85   65.   .20   41.   95.   11.     32.  74.   0.   0.   .47   4.6    .0  20.6   1.9    .0  19.4   8.0    .0   4.2    .1    .0
 VARIATION COEFFICIENTS (%)  : 
          .0    .4   2.8   2.6   15.5   12.9    5.7   13.9    6.2   9.6  12.1   9.8   6.9  27.4  14.7  16.3     8.8 20.7   .0   .0  10.4   3.2    .1  25.0  14.7    .0   6.3  33.2    .0   6.5    .1    .1



*** RESULTS OF CROP GROWTH MODEL NWHEAT *** SUMMARY OF OUTPUT FOR WINTER WHEAT AND YIELD STATISTICS ***

Name of run: RG3P1, Station= G2534, Soil=   1, Crop=   1, Organic M.=   1, Nsoil=   1, IRR=   1, Runof=  .00
 Roth., GFDL scen. dec. 25-34, pot. prod., CO2 353 ppm                           


YEAR     SOW EMERG  ANTH  HALT   WRT   WLV    WST   WGR    TAGB     HI  LAIM PARAB  RUE   DWAV RAIN  ESOIL   TRANS DRAIN RUNOF IRR  WUE MINOM MINFM DNTOT NRAIN NGIFT NUPT  NLEACH NIMMO  NUE  DNFM  NBIOM
1902     283   291   167   212  1115.  2038.  6963.  7872. 16873.   .47  4.79  620.  2.72   57.  528.  136.    249. 230.   0.  30.  4.38 116.1   6.5-118.4  10.6 260.0 254.8  17.4    .0  66.2  39.2  32.6
1903     283   294   161   200   977.  1794.  7409.  8129. 17332.   .47  4.20  582.  2.98   83.  769.  154.    271. 507.   0.  80.  4.08 116.1   6.5-126.2  15.4 260.0 216.0  53.5    .0  80.3  39.2  32.6
1904     283   296   164   206   849.  1634.  6338.  8486. 16457.   .52  3.86  574.  2.87   83.  576.  168.    235. 295.   0.  40.  4.08 106.9   6.5-142.0  11.5 260.0 215.0  26.3    .0  76.5  38.9  32.4
1905     283   293   159   206  1392.  2584.  7137.  9610. 19332.   .50  6.00  672.  2.88   68.  651.  130.    298. 341.   0.  50.  4.52 118.0   6.5 -70.9  13.0 260.0 288.2  34.6    .0  67.1  39.2  32.7
1906     283   298   163   219   929.  1754.  6612.  7976. 16342.   .49  4.16  566.  2.88   32.  678.  165.    228. 338.   0.  20.  4.16 116.6   6.5-117.6  13.6 260.0 243.2  34.4    .0  67.2  39.2  32.7
1907     283   293   164   221  1406.  2604.  6774.  9926. 19304.   .51  6.02  692.  2.79   72.  559.  132.    332. 316.   0. 150.  4.16 121.7   6.6 -65.9  11.2 260.0 299.5  30.8    .0  64.5  39.3  32.8
1908     283   295   169   217  1403.  2676.  8522.  9089. 20286.   .45  6.24  753.  2.70    7.  703.  136.    318. 316.   0.  60.  4.47 114.4   6.5 -54.0  14.1 260.0 308.6  28.9    .0  65.7  39.1  32.6
1909     283   296   168   215   813.  1557.  5693.  8304. 15554.   .53  3.71  514.  3.02   30.  580.  171.    200. 239.   0.   0.  4.20 110.4   6.5-155.6  11.6 260.0 212.2  19.2    .0  73.3  39.0  32.5
1910     283   293   167   213   888.  1654.  6002.  8376. 16032.   .52  3.89  602.  2.67   93.  619.  164.    234. 344.   0.  30.  4.03 113.4   6.5-136.7  12.4 260.0 219.7  33.2    .0  73.0  39.1  32.6
1911     283   293   163   220  1095.  2072.  6862. 10699. 19632.   .54  4.91  710.  2.76   78.  536.  150.    317. 257.   0. 110.  4.21 121.1   6.5-100.4  10.7 260.0 273.6  21.7    .0  71.7  39.3  32.7
1912     283   297   160   215  1041.  1964.  6967.  8842. 17774.   .50  4.61  599.  2.97   21.  700.  153.    241. 326.   0.   0.  4.51 117.5   6.5-101.8  14.0 260.0 265.0  29.0    .0  67.1  39.2  32.7
1913     283   296   174   233  1008.  1937.  6988.  9803. 18728.   .52  4.60  722.  2.60   90.  757.  192.    287. 378.   0.  10.  3.91 114.0   6.5 -93.0  15.1 260.0 262.1  38.9    .0  71.5  39.1  32.6
1914     283   297   161   210   805.  1524.  6318.  8179. 16022.   .51  3.60  532.  3.01   82.  593.  174.    224. 286.   0.  10.  4.02 112.5   6.5-143.9  11.9 260.0 219.9  25.9    .0  72.9  39.1  32.6
1915     283   295   158   212   828.  1534.  5429.  8366. 15328.   .55  3.64  590.  2.60   75.  723.  161.    258. 389.   0.  10.  3.66 119.8   6.5-148.3  14.5 260.0 209.1  41.8    .0  73.3  39.3  32.7
1916     283   291   152   220   954.  1799.  6836. 10711. 19346.   .55  4.28  671.  2.88   66.  564.  165.    275. 221.   0.  30.  4.40 124.2   6.6-141.9  11.3 260.0 242.0  16.8    .0  79.9  39.4  32.8
1917     283   298   166   222  1094.  2090.  6398.  9904. 18392.   .54  4.92  658.  2.79   89.  573.  159.    273. 260.   0.  29.  4.26 115.8   6.5-116.4  11.5 260.0 253.3  22.0    .0  72.6  39.2  32.6
1918     283   293   156   220   832.  1591.  5942. 10366. 17900.   .58  3.83  644.  2.78   78.  572.  200.    298. 253.   0. 100.  3.59 122.9   6.6-152.3  11.4 260.0 226.0  21.0    .0  79.2  39.3  32.8
1919     283   293   158   204  1230.  2292.  7529.  9596. 19417.   .49  5.35  685.  2.83   84.  549.  123.    292. 308.   0.  90.  4.67 118.8   6.5 -75.8  11.0 260.0 288.2  29.3    .0  67.4  39.2  32.7
1920     283   296   165   218  1082.  2016.  6970.  9823. 18809.   .52  4.75  695.  2.71   61.  723.  146.    277. 372.   0.  10.  4.46 118.0   6.5 -90.6  14.4 260.0 267.2  39.2    .0  70.4  39.2  32.7
1921     283   296   162   210  1301.  2468.  8116.  9830. 20413.   .48  5.76  755.  2.70   76.  452.  125.    324. 219.   0. 140.  4.54 114.3   6.5 -69.6   9.0 260.0 300.5  16.6    .0  67.9  39.1  32.6
1922     283   292   160   203  1334.  2386.  7093.  9393. 18871.   .50  5.58  694.  2.72   83.  508.  114.    343. 275.   0. 140.  4.13 122.6   6.6 -89.4  10.2 260.0 282.1  24.0    .0  66.9  39.3  32.8
1923     283   292   157   205  1168.  2100.  6410.  9874. 18384.   .54  4.84  617.  2.98   77.  517.  145.    302. 225.   0.  78.  4.11 119.2   6.5-121.1  10.3 260.0 254.6  17.6    .0  72.2  39.3  32.7
1924     283   296   163   210   869.  1667.  6117.  8725. 16509.   .53  3.96  567.  2.91   90.  618.  188.    239. 311.   0.  30.  3.86 111.2   6.5-137.8  12.4 260.0 220.4  30.1    .0  74.9  39.0  32.5
1925     283   295   161   221   884.  1673.  7120. 11111. 19904.   .56  4.01  678.  2.93   48.  621.  187.    309. 252.   0.  80.  4.01 120.0   6.5-140.0  12.4 260.0 236.9  20.9    .0  84.0  39.3  32.7
1926     283   294   154   207   963.  1850.  7641.  9578. 19069.   .50  4.40  627.  3.04   90.  713.  149.    289. 416.   0.  50.  4.35 119.9   6.5-120.6  14.3 260.0 232.6  45.7    .0  82.0  39.3  32.7
1927     283   294   161   214  1157.  2155.  6615.  9192. 17962.   .51  4.98  600.  3.00   17.  720.  136.    264. 344.   0.   7.  4.49 120.6   6.5-109.9  14.4 260.0 260.7  28.4    .0  68.9  39.3  32.7
1928     283   295   153   213  1043.  1943.  5768. 10286. 17997.   .57  4.58  592.  3.04   75.  686.  138.    299. 344.   0.  20.  4.11 125.5   6.6-138.1  13.7 260.0 234.2  31.7    .0  76.8  39.4  32.8
1929     283   294   164   206  1249.  2350.  8119.  9185. 19654.   .47  5.40  686.  2.87   67.  589.  159.    299. 285.   0.  87.  4.29 115.6   6.5 -74.7  11.8 260.0 290.0  25.8    .0  67.8  39.2  32.6
1930     283   296   161   214   925.  1721.  5906.  7730. 15356.   .50  4.07  588.  2.61   12.  782.  171.    296. 327.   0.   0.  3.29 119.1   6.5-138.4  15.6 260.0 228.2  32.8    .0  67.3  39.2  32.7
1931     283   295   161   206   981.  1850.  6313.  8320. 16482.   .50  4.33  548.  3.01   67.  623.  156.    288. 246.   0.   0.  3.71 111.7   6.5-127.6  12.5 260.0 240.5  20.4    .0  68.5  39.0  32.5

 MEANS over  30 years  :
        283.  295.  162.  213.  1054.  1976.  6764.  9243. 17982.   .51  4.64  635.  2.84   65.  626.  155.    279. 307.   0.  50.  4.16 117.3   6.5-114.0  12.5 260.0 251.5  28.6    .0  71.9  39.2  32.7
 STANDARD DEVIATIONS  :
          0.    2.    5.    7.   184.   333.   737.   917.  1528.   .03   .74   63.   .14   25.   85.   21.     35.  64.   0.  45.   .31   4.3    .0  28.8   1.7    .0  29.1   8.9    .0   5.2    .1    .1
 VARIATION COEFFICIENTS (%)  : 
          .0    .6   2.9   3.3   17.5   16.8   10.9    9.9    8.5   6.1  16.0  10.0   4.9  38.6  13.6  13.6    12.4 20.9   .0 90.1   7.5   3.7    .3  25.3  13.6    .0  11.6  31.1    .0   7.2    .3    .3



*** RESULTS OF CROP GROWTH MODEL NWHEAT *** SUMMARY OF OUTPUT FOR WINTER WHEAT AND YIELD STATISTICS ***

Name of run: RG3W1, Station= G2534, Soil=   1, Crop=   1, Organic M.=   1, Nsoil=   1, IRR=   0, Runof=  .00
 Roth., GFDL scen. dec. 25-34, waterlim. prod., CO2 353 ppm                      


YEAR     SOW EMERG  ANTH  HALT   WRT   WLV    WST   WGR    TAGB     HI  LAIM PARAB  RUE   DWAV RAIN  ESOIL   TRANS DRAIN RUNOF IRR  WUE MINOM MINFM DNTOT NRAIN NGIFT NUPT  NLEACH NIMMO  NUE  DNFM  NBIOM
1902     283   291   167   212  1115.  2038.  6963.  7872. 16873.   .47  4.79  620.  2.72   57.  528.  136.    249. 200.   0.   0.  4.38 115.4   6.5-120.9  10.6 260.0 254.9  14.1    .0  66.2  39.1  32.6
1903     283   294   161   200   977.  1794.  7408.  8129. 17330.   .47  4.20  582.  2.98  161.  769.  152.    271. 507.   0.   0.  4.10 111.6   6.5-120.6  15.4 260.0 217.1  53.5    .0  79.8  39.0  32.5
1904     283   296   164   206   849.  1634.  6338.  8485. 16457.   .52  3.86  574.  2.87  113.  576.  159.    235. 295.   0.   0.  4.18 105.5   6.5-140.2  11.5 260.0 215.5  26.3    .0  76.4  38.8  32.3
1905     283   293   159   206  1392.  2584.  7137.  9610. 19331.   .50  6.00  672.  2.88  118.  651.  130.    298. 341.   0.   0.  4.52 115.9   6.5 -68.2  13.0 260.0 288.7  34.6    .0  66.9  39.2  32.6
1906     283   298   163   219   929.  1754.  6612.  7976. 16342.   .49  4.16  566.  2.88   52.  678.  164.    228. 338.   0.   0.  4.16 115.9   6.5-116.9  13.6 260.0 243.2  34.4    .0  67.2  39.2  32.6
1907     283   293   164   221  1406.  2604.  6766.  8527. 17897.   .48  6.02  688.  2.60  197.  559.  133.    306. 316.   0.   0.  4.07 113.9   6.5 -62.0  11.2 260.0 295.9  30.8    .0  60.5  39.1  32.6
1908     283   295   169   217  1403.  2676.  8522.  9089. 20286.   .45  6.24  753.  2.70   34.  703.  135.    318. 283.   0.   0.  4.48 112.8   6.5 -55.6  14.1 260.0 308.7  25.6    .0  65.7  39.1  32.6
1909     283   296   168   215   813.  1557.  5693.  8304. 15554.   .53  3.71  514.  3.02   30.  580.  171.    200. 239.   0.   0.  4.20 110.4   6.5-155.6  11.6 260.0 212.2  19.2    .0  73.3  39.0  32.5
1910     283   293   167   213   888.  1654.  6002.  8375. 16031.   .52  3.89  602.  2.66  123.  619.  164.    234. 344.   0.   0.  4.03 110.8   6.5-133.2  12.4 260.0 220.6  33.2    .0  72.7  39.0  32.5
1911     283   293   163   220  1095.  2072.  6859. 10695. 19626.   .54  4.91  710.  2.76  187.  536.  149.    317. 257.   0.   0.  4.21 115.5   6.5 -88.4  10.7 260.0 279.4  21.7    .0  70.2  39.2  32.6
1912     283   297   160   215  1041.  1964.  6967.  8842. 17774.   .50  4.61  599.  2.97   21.  700.  153.    241. 326.   0.   0.  4.51 117.5   6.5-101.8  14.0 260.0 265.0  29.0    .0  67.1  39.2  32.7
1913     283   296   174   233  1008.  1937.  6988.  9802. 18727.   .52  4.60  722.  2.60  100.  757.  192.    287. 378.   0.   0.  3.91 113.7   6.5 -91.9  15.1 260.0 262.8  38.9    .0  71.3  39.1  32.6
1914     283   297   161   210   805.  1524.  6318.  8179. 16022.   .51  3.60  532.  3.01   92.  593.  174.    224. 286.   0.   0.  4.02 112.3   6.5-143.6  11.9 260.0 219.9  25.9    .0  72.9  39.1  32.5
1915     283   295   158   212   828.  1534.  5429.  8366. 15328.   .55  3.64  590.  2.60   85.  723.  161.    258. 389.   0.   0.  3.66 119.7   6.5-148.2  14.5 260.0 209.1  41.8    .0  73.3  39.3  32.7
1916     283   291   152   220   954.  1799.  6831. 10711. 19341.   .55  4.28  671.  2.88   96.  564.  164.    275. 221.   0.   0.  4.40 122.8   6.6-137.9  11.3 260.0 244.5  16.8    .0  79.1  39.3  32.8
1917     283   298   166   222  1089.  2079.  6392.  9871. 18342.   .54  4.89  656.  2.79  108.  573.  157.    271. 253.   0.   0.  4.28 114.8   6.5-117.7  11.5 260.0 252.0  21.0    .0  72.8  39.1  32.6
1918     283   293   156   220   832.  1591.  5941. 10365. 17897.   .58  3.83  644.  2.78  177.  572.  199.    298. 253.   0.   0.  3.60 114.8   6.5-142.0  11.4 260.0 228.1  21.0    .0  78.5  39.1  32.6
1919     283   293   158   204  1230.  2292.  7526.  9592. 19411.   .49  5.35  685.  2.83  173.  549.  122.    292. 308.   0.   0.  4.68 116.3   6.5 -67.8  11.0 260.0 293.7  29.3    .0  66.1  39.2  32.6
1920     283   296   165   218  1082.  2016.  6970.  9823. 18809.   .52  4.75  695.  2.71   71.  723.  146.    277. 372.   0.   0.  4.46 117.9   6.5 -90.4  14.4 260.0 267.3  39.2    .0  70.4  39.2  32.7
1921     283   296   162   210  1301.  2468.  8103.  6932. 17503.   .40  5.76  751.  2.33  182.  452.  127.    288. 219.   0.   0.  4.22 104.7   6.5 -57.7   9.0 260.0 302.7  16.6    .0  57.8  38.8  32.3
1922     283   292   160   203  1334.  2386.  7065.  8179. 17629.   .46  5.58  693.  2.54  206.  508.  113.    326. 275.   0.   0.  4.01 115.6   6.5 -78.4  10.2 260.0 286.1  24.0    .0  61.6  39.2  32.6
1923     283   292   157   205  1155.  2080.  6393.  9835. 18308.   .54  4.80  614.  2.98  145.  517.  146.    300. 215.   0.   0.  4.10 116.4   6.5-119.5  10.3 260.0 254.4  16.5    .0  72.0  39.2  32.6
1924     283   296   163   210   869.  1667.  6116.  8724. 16507.   .53  3.96  567.  2.91  120.  618.  187.    239. 311.   0.   0.  3.87 110.3   6.5-135.8  12.4 260.0 221.4  30.1    .0  74.5  39.0  32.5
1925     283   295   161   221   884.  1673.  7108. 11111. 19893.   .56  4.01  678.  2.93  127.  621.  187.    309. 252.   0.   0.  4.01 118.0   6.5-131.3  12.4 260.0 242.8  20.9    .0  81.9  39.2  32.7
1926     283   294   154   207   963.  1850.  7639.  9578. 19067.   .50  4.40  627.  3.04  138.  713.  147.    289. 416.   0.   0.  4.37 116.8   6.5-116.2  14.3 260.0 233.8  45.7    .0  81.5  39.2  32.7
1927     283   294   161   214  1094.  2044.  6513.  9021. 17578.   .51  4.73  583.  3.02   17.  720.  142.    254. 341.   0.   0.  4.44 120.1   6.5-117.5  14.4 260.0 252.8  28.5    .0  69.5  39.3  32.7
1928     283   295   153   213  1043.  1943.  5767. 10286. 17996.   .57  4.58  592.  3.04   95.  686.  138.    299. 344.   0.   0.  4.12 124.9   6.6-137.3  13.7 260.0 234.4  31.7    .0  76.8  39.4  32.8
1929     283   294   164   206  1243.  2338.  8108.  9144. 19590.   .47  5.37  684.  2.86  146.  589.  160.    297. 278.   0.   0.  4.29 114.0   6.5 -69.8  11.8 260.0 294.3  24.8    .0  66.6  39.1  32.6
1930     283   296   161   214   925.  1721.  5906.  7730. 15356.   .50  4.07  588.  2.61   12.  782.  171.    296. 327.   0.   0.  3.29 119.1   6.5-138.4  15.6 260.0 228.2  32.8    .0  67.3  39.2  32.7
1931     283   295   161   206   981.  1850.  6313.  8320. 16482.   .50  4.33  548.  3.01   67.  623.  156.    288. 246.   0.   0.  3.71 111.7   6.5-127.6  12.5 260.0 240.5  20.4    .0  68.5  39.0  32.5

 MEANS over  30 years  :
        283.  295.  162.  213.  1051.  1971.  6756.  9049. 17776.   .51  4.63  633.  2.82  108.  626.  155.    275. 304.   0.   0.  4.14 115.0   6.5-111.1  12.5 260.0 252.3  28.3    .0  70.9  39.1  32.6
 STANDARD DEVIATIONS  :
          0.    2.    5.    7.   183.   331.   736.  1004.  1420.   .04   .74   63.   .18   55.   85.   21.     32.  66.   0.   0.   .30   4.3    .0  29.9   1.7    .0  29.5   9.1    .0   6.0    .1    .1
 VARIATION COEFFICIENTS (%)  : 
          .0    .6   2.9   3.3   17.4   16.8   10.9   11.1    8.0   7.6  15.9  10.0   6.2  51.2  13.6  13.3    11.5 21.8   .0   .0   7.3   3.7    .3  26.9  13.6    .0  11.7  32.3    .0   8.4    .3    .3



*** RESULTS OF CROP GROWTH MODEL NWHEAT *** SUMMARY OF OUTPUT FOR WINTER WHEAT AND YIELD STATISTICS ***

Name of run: RG3P2, Station= G2534, Soil=   1, Crop=   2, Organic M.=   1, Nsoil=   1, IRR=   1, Runof=  .00
 Roth., GFDL scen. dec. 25-34, pot. prod., CO2 454 ppm                           


YEAR     SOW EMERG  ANTH  HALT   WRT   WLV    WST   WGR    TAGB     HI  LAIM PARAB  RUE   DWAV RAIN  ESOIL   TRANS DRAIN RUNOF IRR  WUE MINOM MINFM DNTOT NRAIN NGIFT NUPT  NLEACH NIMMO  NUE  DNFM  NBIOM
1902     283   291   167   212  1150.  2108.  7354.  8659. 18122.   .48  4.81  617.  2.94   56.  528.  136.    242. 225.   0.  20.  4.79 115.8   6.5-108.3  10.6 260.0 265.2  16.6    .0  68.3  39.2  32.6
1903     283   294   161   200  1020.  1881.  8586.  8534. 19000.   .45  4.28  583.  3.26   88.  769.  153.    263. 511.   0.  70.  4.57 115.9   6.5-115.3  15.4 260.0 226.6  53.4    .0  83.8  39.2  32.6
1904     283   296   164   206   887.  1714.  7400.  8938. 18053.   .50  3.93  575.  3.14   80.  576.  167.    229. 299.   0.  40.  4.55 106.9   6.5-130.8  11.5 260.0 225.6  26.8    .0  80.0  38.9  32.4
1905     283   293   159   206  1454.  2722.  7669. 10435. 20825.   .50  6.13  671.  3.10   64.  651.  130.    291. 344.   0.  50.  4.95 117.9   6.5 -59.4  13.0 260.0 299.2  34.9    .0  69.6  39.2  32.7
1906     283   298   163   219   966.  1825.  7073.  8747. 17645.   .50  4.21  566.  3.12   26.  678.  164.    221. 339.   0.  20.  4.58 116.7   6.5-105.1  13.6 260.0 255.6  34.6    .0  69.0  39.2  32.7
1907     283   293   164   221  1467.  2741.  7319. 10634. 20694.   .51  6.15  690.  3.00   74.  559.  132.    324. 317.   0. 140.  4.54 121.6   6.6 -53.5  11.2 260.0 311.5  30.9    .0  66.4  39.3  32.8
1908     283   295   169   217  1445.  2767.  9048.  9888. 21704.   .46  6.27  750.  2.89    6.  703.  136.    309. 324.   0.  60.  4.88 114.3   6.5 -43.2  14.1 260.0 318.9  29.1    .0  68.1  39.1  32.6
1909     283   296   168   215   847.  1626.  6141.  9108. 16874.   .54  3.77  514.  3.29   28.  580.  171.    193. 244.   0.   0.  4.64 110.5   6.5-144.6  11.6 260.0 222.7  19.8    .0  75.8  39.0  32.5
1910     283   293   167   213   912.  1703.  6338.  9111. 17152.   .53  3.89  598.  2.87   90.  619.  165.    225. 348.   0.  30.  4.40 113.6   6.5-129.1  12.4 260.0 227.0  33.6    .0  75.6  39.1  32.6
1911     283   293   163   220  1130.  2141.  7355. 11700. 21197.   .55  4.93  707.  3.00   80.  536.  150.    306. 260.   0. 100.  4.65 121.3   6.6 -88.6  10.7 260.0 285.5  22.0    .0  74.2  39.3  32.8
1912     283   297   160   215  1088.  2060.  7464.  9735. 19259.   .51  4.70  600.  3.21   20.  700.  152.    235. 333.   0.   0.  4.97 117.6   6.5 -87.9  14.0 260.0 279.0  28.9    .0  69.0  39.2  32.7
1913     283   296   174   233  1038.  2000.  7386. 10634. 20020.   .53  4.62  719.  2.78   81.  757.  193.    276. 379.   0.  10.  4.27 114.1   6.5 -83.2  15.1 260.0 271.8  39.0    .0  73.7  39.1  32.6
1914     283   297   161   210   832.  1579.  6729.  8991. 17300.   .52  3.63  530.  3.26   77.  593.  174.    216. 289.   0.  10.  4.43 112.5   6.5-133.4  11.9 260.0 229.9  26.3    .0  75.3  39.1  32.6
1915     283   295   158   212   852.  1581.  5783.  9033. 16396.   .55  3.64  588.  2.79   78.  723.  161.    248. 391.   0.   0.  4.00 119.8   6.5-140.1  14.5 260.0 217.1  42.1    .0  75.5  39.3  32.7
1916     283   291   152   220   991.  1875.  7837. 11232. 20944.   .54  4.33  671.  3.12   58.  564.  164.    267. 222.   0.  30.  4.86 124.4   6.6-130.5  11.3 260.0 253.4  16.9    .0  82.6  39.4  32.8
1917     283   298   166   222  1134.  2178.  6767. 10761. 19707.   .55  4.98  658.  3.00   82.  573.  158.    265. 261.   0.  29.  4.66 115.6   6.5-106.6  11.5 260.0 262.6  22.1    .0  75.0  39.2  32.6
1918     283   293   156   220   855.  1638.  6549. 11032. 19219.   .57  3.83  641.  3.00   80.  572.  201.    286. 254.   0.  90.  3.94 122.8   6.6-142.9  11.4 260.0 235.0  21.2    .0  81.8  39.3  32.8
1919     283   293   158   204  1282.  2399.  8009. 10540. 20948.   .50  5.43  686.  3.05   77.  549.  122.    285. 309.   0.  90.  5.14 118.9   6.5 -62.8  11.0 260.0 301.0  29.5    .0  69.6  39.2  32.7
1920     283   296   165   218  1118.  2090.  7383. 10674. 20147.   .53  4.79  693.  2.91   55.  723.  146.    268. 373.   0.  10.  4.87 118.0   6.5 -79.4  14.4 260.0 278.1  39.5    .0  72.4  39.2  32.7
1921     283   296   162   210  1347.  2567.  8627. 10703. 21897.   .49  5.82  754.  2.91   69.  452.  125.    315. 221.   0. 140.  4.97 114.4   6.5 -57.4   9.0 260.0 312.3  16.8    .0  70.1  39.1  32.6
1922     283   292   160   203  1383.  2489.  7569. 10245. 20302.   .50  5.65  692.  2.93   85.  508.  114.    333. 277.   0. 130.  4.54 122.4   6.6 -79.1  10.2 260.0 292.0  24.2    .0  69.5  39.3  32.8
1923     283   292   157   205  1220.  2209.  7179. 10643. 20030.   .53  4.96  617.  3.25   83.  517.  145.    294. 229.   0.  68.  4.56 119.3   6.5-107.0  10.3 260.0 268.3  17.9    .0  74.7  39.3  32.7
1924     283   296   163   210   907.  1748.  6575.  9588. 17911.   .54  4.04  568.  3.15   83.  618.  187.    232. 312.   0.  30.  4.27 111.0   6.5-126.6  12.4 260.0 231.3  30.2    .0  77.4  39.0  32.5
1925     283   295   161   221   922.  1754.  8189. 11664. 21608.   .54  4.08  679.  3.18   49.  621.  186.    300. 253.   0.  70.  4.45 120.0   6.5-127.9  12.4 260.0 248.7  21.0    .0  86.9  39.3  32.7
1926     283   294   154   207   995.  1923.  8711.  9971. 20605.   .48  4.44  626.  3.29   83.  713.  149.    280. 417.   0.  50.  4.80 120.0   6.5-112.8  14.3 260.0 240.2  45.9    .0  85.8  39.3  32.7
1927     283   294   161   214  1204.  2252.  7066. 10088. 19406.   .52  5.07  600.  3.24   16.  720.  136.    257. 350.   0.   7.  4.94 120.6   6.5 -97.4  14.4 260.0 273.1  28.4    .0  71.1  39.3  32.7
1928     283   295   153   213  1090.  2043.  6742. 10784. 19570.   .55  4.68  594.  3.30   71.  686.  137.    292. 348.   0.  20.  4.57 125.4   6.6-126.5  13.7 260.0 245.6  31.8    .0  79.7  39.4  32.8
1929     283   294   164   206  1294.  2445.  8640. 10097. 21181.   .48  5.45  684.  3.10   71.  589.  160.    290. 288.   0.  77.  4.71 115.6   6.5 -61.6  11.8 260.0 302.6  26.2    .0  70.0  39.2  32.6
1930     283   296   161   214   953.  1776.  6327.  8365. 16468.   .51  4.08  585.  2.82   12.  782.  172.    284. 337.   0.   0.  3.61 119.2   6.5-128.6  15.6 260.0 237.0  33.8    .0  69.5  39.3  32.7
1931     283   295   161   206  1023.  1937.  6781.  9201. 17920.   .51  4.41  548.  3.27   65.  623.  155.    280. 253.   0.   0.  4.12 111.8   6.5-113.9  12.5 260.0 253.5  21.1    .0  70.7  39.0  32.5

 MEANS over  30 years  :
        283.  295.  162.  213.  1094.  2059.  7353.  9991. 19403.   .52  4.70  633.  3.07   63.  626.  155.    270. 310.   0.  46.  4.57 117.3   6.5-102.8  12.5 260.0 262.3  28.8    .0  74.4  39.2  32.7
 STANDARD DEVIATIONS  :
          0.    2.    5.    7.   192.   351.   815.   929.  1629.   .03   .76   63.   .16   25.   85.   21.     34.  65.   0.  42.   .34   4.3    .0  29.4   1.7    .0  29.9   8.9    .0   5.6    .1    .1
 VARIATION COEFFICIENTS (%)  : 
          .0    .6   2.9   3.3   17.6   17.0   11.1    9.3    8.4   5.6  16.1   9.9   5.2  39.5  13.6  13.7    12.5 20.9   .0 91.1   7.4   3.6    .3  28.6  13.6    .0  11.4  30.8    .0   7.5    .3    .3



*** RESULTS OF CROP GROWTH MODEL NWHEAT *** SUMMARY OF OUTPUT FOR WINTER WHEAT AND YIELD STATISTICS ***

Name of run: RG3W2, Station= G2534, Soil=   1, Crop=   2, Organic M.=   1, Nsoil=   1, IRR=   0, Runof=  .00
 Roth., GFDL scen. dec. 25-34, waterlim. prod., CO2 454 ppm                      


YEAR     SOW EMERG  ANTH  HALT   WRT   WLV    WST   WGR    TAGB     HI  LAIM PARAB  RUE   DWAV RAIN  ESOIL   TRANS DRAIN RUNOF IRR  WUE MINOM MINFM DNTOT NRAIN NGIFT NUPT  NLEACH NIMMO  NUE  DNFM  NBIOM
1902     283   291   167   212  1150.  2108.  7354.  8659. 18122.   .48  4.81  617.  2.94   56.  528.  136.    242. 205.   0.   0.  4.79 115.5   6.5-110.0  10.6 260.0 265.3  14.6    .0  68.3  39.2  32.6
1903     283   294   161   200  1020.  1881.  8584.  8534. 18999.   .45  4.28  583.  3.26  156.  769.  151.    263. 511.   0.   0.  4.58 111.8   6.5-110.2  15.4 260.0 227.6  53.4    .0  83.5  39.0  32.5
1904     283   296   164   206   887.  1714.  7400.  8938. 18052.   .50  3.93  575.  3.14  111.  576.  158.    229. 299.   0.   0.  4.66 105.7   6.5-129.2  11.5 260.0 226.0  26.8    .0  79.9  38.8  32.3
1905     283   293   159   206  1454.  2722.  7669. 10435. 20825.   .50  6.13  671.  3.10  113.  651.  129.    291. 344.   0.   0.  4.96 116.0   6.5 -57.1  13.0 260.0 299.6  34.9    .0  69.5  39.2  32.6
1906     283   298   163   219   966.  1825.  7073.  8747. 17645.   .50  4.21  566.  3.12   46.  678.  164.    221. 339.   0.   0.  4.58 116.1   6.5-104.4  13.6 260.0 255.6  34.6    .0  69.0  39.2  32.6
1907     283   293   164   221  1467.  2741.  7310.  9556. 19608.   .49  6.15  688.  2.85  195.  559.  132.    305. 317.   0.   0.  4.49 114.4   6.5 -47.9  11.2 260.0 310.2  30.9    .0  63.2  39.1  32.6
1908     283   295   169   217  1445.  2767.  9048.  9888. 21703.   .46  6.27  750.  2.89   26.  703.  136.    309. 284.   0.   0.  4.88 113.0   6.5 -45.2  14.1 260.0 319.0  25.7    .0  68.0  39.1  32.6
1909     283   296   168   215   847.  1626.  6141.  9108. 16874.   .54  3.77  514.  3.29   28.  580.  171.    193. 244.   0.   0.  4.64 110.5   6.5-144.6  11.6 260.0 222.7  19.8    .0  75.8  39.0  32.5
1910     283   293   167   213   912.  1703.  6337.  9111. 17150.   .53  3.89  598.  2.87  119.  619.  165.    225. 348.   0.   0.  4.40 111.0   6.5-125.7  12.4 260.0 227.8  33.6    .0  75.3  39.0  32.5
1911     283   293   163   220  1130.  2141.  7352. 11697. 21190.   .55  4.93  707.  3.00  179.  536.  149.    306. 260.   0.   0.  4.65 115.9   6.5 -77.9  10.7 260.0 290.1  22.0    .0  73.1  39.2  32.6
1912     283   297   160   215  1088.  2060.  7464.  9735. 19259.   .51  4.70  600.  3.21   20.  700.  152.    235. 333.   0.   0.  4.97 117.6   6.5 -87.9  14.0 260.0 279.0  28.9    .0  69.0  39.2  32.7
1913     283   296   174   233  1038.  2000.  7386. 10634. 20019.   .53  4.62  719.  2.78   91.  757.  193.    276. 379.   0.   0.  4.27 113.9   6.5 -82.5  15.1 260.0 272.3  39.0    .0  73.5  39.1  32.6
1914     283   297   161   210   832.  1579.  6729.  8991. 17300.   .52  3.63  530.  3.26   87.  593.  174.    216. 289.   0.   0.  4.43 112.4   6.5-133.3  11.9 260.0 229.9  26.3    .0  75.3  39.1  32.5
1915     283   295   158   212   852.  1581.  5783.  9033. 16396.   .55  3.64  588.  2.79   78.  723.  161.    248. 391.   0.   0.  4.00 119.8   6.5-140.1  14.5 260.0 217.1  42.1    .0  75.5  39.3  32.7
1916     283   291   152   220   991.  1875.  7835. 11232. 20942.   .54  4.33  671.  3.12   88.  564.  164.    267. 222.   0.   0.  4.86 123.1   6.6-127.8  11.3 260.0 254.8  16.9    .0  82.2  39.3  32.8
1917     283   298   166   222  1128.  2167.  6759. 10738. 19664.   .55  4.96  656.  3.00  102.  573.  157.    264. 255.   0.   0.  4.67 114.9   6.5-107.5  11.5 260.0 262.0  21.2    .0  75.1  39.1  32.6
1918     283   293   156   220   855.  1638.  6546. 11032. 19215.   .57  3.83  641.  3.00  168.  572.  200.    286. 254.   0.   0.  3.95 115.1   6.5-133.0  11.4 260.0 237.2  21.2    .0  81.0  39.1  32.6
1919     283   293   158   204  1282.  2399.  8007. 10537. 20943.   .50  5.43  686.  3.05  166.  549.  122.    285. 309.   0.   0.  5.15 116.6   6.5 -56.1  11.0 260.0 305.4  29.5    .0  68.6  39.2  32.7
1920     283   296   165   218  1118.  2090.  7383. 10674. 20147.   .53  4.79  693.  2.91   65.  723.  146.    268. 373.   0.   0.  4.87 118.0   6.5 -79.4  14.4 260.0 278.2  39.5    .0  72.4  39.2  32.7
1921     283   296   162   210  1347.  2567.  8611.  8074. 19252.   .42  5.82  751.  2.56  181.  452.  126.    286. 221.   0.   0.  4.67 105.3   6.5 -45.6   9.0 260.0 315.0  16.8    .0  61.1  38.8  32.3
1922     283   292   160   203  1383.  2489.  7523.  9389. 19400.   .48  5.65  692.  2.81  204.  508.  114.    322. 277.   0.   0.  4.46 116.2   6.5 -66.7  10.2 260.0 297.9  24.2    .0  65.1  39.2  32.6
1923     283   292   157   205  1207.  2188.  7163. 10605. 19957.   .53  4.91  614.  3.25  138.  517.  145.    292. 217.   0.   0.  4.56 116.7   6.5-106.3  10.3 260.0 267.6  16.7    .0  74.6  39.2  32.7
1924     283   296   163   210   907.  1748.  6575.  9587. 17910.   .54  4.04  568.  3.15  113.  618.  187.    232. 312.   0.   0.  4.27 110.5   6.5-125.6  12.4 260.0 231.8  30.2    .0  77.3  39.0  32.5
1925     283   295   161   221   922.  1754.  8179. 11664. 21598.   .54  4.08  679.  3.18  118.  621.  186.    300. 253.   0.   0.  4.45 118.4   6.5-121.7  12.4 260.0 252.7  21.0    .0  85.5  39.2  32.7
1926     283   294   154   207   995.  1923.  8709.  9971. 20603.   .48  4.44  626.  3.29  131.  713.  147.    280. 417.   0.   0.  4.82 117.1   6.5-108.8  14.3 260.0 241.2  45.9    .0  85.4  39.2  32.7
1927     283   294   161   214  1138.  2136.  6959.  9901. 18995.   .52  4.81  583.  3.26   16.  720.  142.    247. 347.   0.   0.  4.88 120.2   6.5-105.2  14.4 260.0 265.0  28.5    .0  71.7  39.3  32.7
1928     283   295   153   213  1090.  2043.  6742. 10784. 19569.   .55  4.68  594.  3.30   91.  686.  137.    292. 348.   0.   0.  4.57 125.0   6.6-126.0  13.7 260.0 245.7  31.8    .0  79.7  39.4  32.8
1929     283   294   164   206  1287.  2432.  8629. 10082. 21143.   .48  5.43  682.  3.10  141.  589.  160.    289. 281.   0.   0.  4.71 114.4   6.5 -58.6  11.8 260.0 305.4  25.2    .0  69.2  39.1  32.6
1930     283   296   161   214   953.  1776.  6327.  8365. 16468.   .51  4.08  585.  2.82   12.  782.  172.    284. 337.   0.   0.  3.61 119.2   6.5-128.6  15.6 260.0 237.0  33.8    .0  69.5  39.3  32.7
1931     283   295   161   206  1023.  1937.  6781.  9201. 17920.   .51  4.41  548.  3.27   65.  623.  155.    280. 253.   0.   0.  4.12 111.8   6.5-113.9  12.5 260.0 253.5  21.1    .0  70.7  39.0  32.5

 MEANS over  30 years  :
        283.  295.  162.  213.  1091.  2054.  7345.  9830. 19229.   .51  4.69  632.  3.05  103.  626.  154.    268. 307.   0.   0.  4.56 115.2   6.5-100.2  12.5 260.0 263.1  28.5    .0  73.6  39.1  32.6
 STANDARD DEVIATIONS  :
          0.    2.    5.    7.   190.   349.   815.   971.  1527.   .03   .75   63.   .19   55.   85.   21.     32.  66.   0.   0.   .33   4.3    .0  30.5   1.7    .0  30.4   9.1    .0   6.2    .1    .1
 VARIATION COEFFICIENTS (%)  : 
          .0    .6   2.9   3.3   17.5   17.0   11.1    9.9    7.9   6.7  16.1  10.0   6.3  53.0  13.6  13.5    11.8 21.6   .0   .0   7.3   3.7    .3  30.5  13.6    .0  11.5  31.8    .0   8.4    .3    .3



*** RESULTS OF CROP GROWTH MODEL NWHEAT *** SUMMARY OF OUTPUT FOR WINTER WHEAT AND YIELD STATISTICS ***

Name of run: RG6P1, Station= G5564, Soil=   1, Crop=   1, Organic M.=   1, Nsoil=   1, IRR=   1, Runof=  .00
 Roth., GFDL scen. dec. 55-64, pot. prod., CO2 353 ppm                           


YEAR     SOW EMERG  ANTH  HALT   WRT   WLV    WST   WGR    TAGB     HI  LAIM PARAB  RUE   DWAV RAIN  ESOIL   TRANS DRAIN RUNOF IRR  WUE MINOM MINFM DNTOT NRAIN NGIFT NUPT  NLEACH NIMMO  NUE  DNFM  NBIOM
1902     283   291   157   203  1385.  2505.  8316.  9063. 19885.   .46  5.89  781.  2.54   55.  524.  106.    329. 203.   0.  60.  4.57 126.1   6.6 -85.4  10.5 260.0 300.0  14.2    .0  66.3  39.4  32.8
1903     283   294   154   191  1381.  2543.  7772.  9451. 19765.   .48  5.92  718.  2.75   62.  761.  114.    368. 461.   0. 120.  4.10 125.0   6.6 -83.1  15.2 260.0 281.7  37.5    .0  70.2  39.4  32.8
1904     283   295   150   200  1010.  1939.  7912.  9814. 19665.   .50  4.62  734.  2.68   76.  602.  144.    309. 276.   0.  50.  4.35 119.0   6.5-111.4  12.0 260.0 263.3  21.0    .0  74.7  39.2  32.7
1905     283   293   152   196  1697.  3106.  8032.  9827. 20965.   .47  7.17  814.  2.58   75.  659.  113.    365. 337.   0.  80.  4.39 126.7   6.6 -55.9  13.2 260.0 315.0  30.4    .0  66.6  39.4  32.8
1906     283   297   154   204  1142.  2175.  7573.  9682. 19430.   .50  5.18  715.  2.72   78.  613.  136.    299. 306.   0.  50.  4.47 123.2   6.6 -95.3  12.3 260.0 274.8  29.4    .0  70.7  39.3  32.8
1907     283   293   157   205  1727.  3182.  7770.  9977. 20930.   .48  7.39  826.  2.53   74.  549.  100.    401. 282.   0. 160.  4.18 126.9   6.6 -49.7  11.0 260.0 324.1  25.2    .0  64.6  39.4  32.9
1908     283   294   159   205  1735.  3266.  9215. 10223. 22704.   .45  7.60  910.  2.49   51.  605.  100.    418. 258.   0. 120.  4.38 123.5   6.6 -32.1  12.1 260.0 344.3  20.8    .0  65.9  39.4  32.8
1909     283   295   159   201  1052.  1989.  7869.  8458. 18316.   .46  4.71  681.  2.69   48.  585.  142.    269. 223.   0.   0.  4.46 114.7   6.5-104.9  11.7 260.0 269.1  16.3    .0  68.1  39.1  32.6
1910     283   293   153   202  1076.  1998.  7667.  9312. 18977.   .49  4.73  767.  2.47   64.  663.  137.    299. 351.   0.  60.  4.35 123.8   6.6-110.6  13.3 260.0 260.6  30.0    .0  72.8  39.4  32.8
1911     283   292   154   204  1409.  2656.  8114. 11364. 22134.   .51  6.28  858.  2.58   82.  533.  108.    396. 231.   0. 120.  4.39 128.1   6.6 -73.1  10.7 260.0 311.7  15.8    .0  71.0  39.4  32.9
1912     283   297   150   199  1252.  2368.  7953.  9863. 20185.   .49  5.58  706.  2.86   15.  625.  122.    298. 250.   0.  30.  4.80 123.0   6.6 -90.0  12.5 260.0 289.6  19.4    .0  69.7  39.3  32.8
1913     283   296   160   220  1197.  2283.  8120. 12298. 22701.   .54  5.43  890.  2.55   85.  735.  160.    373. 357.   0.  70.  4.26 124.3   6.6 -81.3  14.7 260.0 285.8  36.1    .0  79.4  39.4  32.8
1914     283   296   149   201  1089.  2083.  7748. 10305. 20136.   .51  4.98  719.  2.80   64.  566.  132.    316. 241.   0.  60.  4.49 122.8   6.6-105.5  11.3 260.0 280.2  12.6    .0  71.9  39.3  32.8
1915     283   294   151   197  1056.  1924.  7096.  8954. 17974.   .50  4.54  735.  2.45   83.  679.  131.    324. 348.   0.  40.  3.95 126.8   6.6-110.1  13.6 260.0 259.8  34.4    .0  69.2  39.4  32.8
1916     283   291   144   202  1146.  2184.  7812. 10659. 20655.   .52  5.18  764.  2.70   70.  505.  133.    327. 195.   0.  80.  4.49 129.2   6.6-106.0  10.1 260.0 284.1  13.6    .0  72.7  39.5  32.9
1917     283   297   152   214  1414.  2684.  7804. 11928. 22416.   .53  6.27  851.  2.63   75.  582.  128.    375. 235.   0.  80.  4.46 128.1   6.6 -79.3  11.6 260.0 305.5  18.6    .0  73.4  39.4  32.9
1918     283   292   148   202  1009.  1892.  7393. 10625. 19910.   .53  4.52  759.  2.62   88.  571.  166.    349. 243.   0. 100.  3.86 126.9   6.6-118.9  11.4 260.0 263.5  19.9    .0  75.6  39.4  32.8
1919     283   293   149   196  1500.  2802.  8748. 10090. 21640.   .47  6.51  820.  2.64   79.  554.  100.    362. 281.   0. 110.  4.69 130.9   6.6 -64.6  11.1 260.0 315.7  23.9    .0  68.5  39.5  32.9
1920     283   296   152   204  1390.  2613.  8402. 11027. 22042.   .50  6.13  857.  2.57   67.  671.  109.    356. 333.   0.  60.  4.74 127.2   6.6 -74.5  13.4 260.0 299.0  29.6    .0  73.7  39.4  32.9
1921     283   296   154   198  1587.  2994.  9045. 10108. 22146.   .46  6.95  901.  2.46   70.  422.   99.    397. 202.   0. 206.  4.46 122.7   6.6 -51.3   8.4 260.0 327.0  14.6    .0  67.7  39.3  32.8
1922     283   292   151   193  1576.  2779.  8165.  9333. 20276.   .46  6.47  808.  2.51   76.  521.   92.    411. 245.   0. 150.  4.03 133.0   6.6 -79.1  10.4 260.0 308.3  18.1    .0  65.8  39.5  32.9
1923     283   292   150   191  1527.  2726.  7847.  9558. 20131.   .47  6.33  735.  2.74   87.  532.  103.    386. 228.   0.  99.  4.11 126.2   6.6 -78.1  10.6 260.0 306.5  14.2    .0  65.7  39.4  32.8
1924     283   295   153   197  1086.  2065.  7726.  9232. 19023.   .49  4.89  700.  2.72   60.  588.  152.    308. 269.   0.  80.  4.14 119.8   6.5-102.5  11.8 260.0 269.6  23.6    .0  70.6  39.3  32.7
1925     283   294   148   205   989.  1869.  8110. 11486. 21466.   .54  4.48  785.  2.73   51.  588.  168.    370. 221.   0. 120.  3.99 127.2   6.6-113.8  11.8 260.0 273.4  16.7    .0  78.5  39.4  32.9
1926     283   293   146   194  1217.  2304.  7607.  9993. 19905.   .50  5.43  751.  2.65   79.  675.  116.    358. 360.   0.  80.  4.20 127.9   6.6 -96.0  13.5 260.0 278.2  30.6    .0  71.5  39.4  32.9
1927     283   293   153   199  1492.  2808.  7919. 10464. 21190.   .49  6.55  752.  2.82   32.  698.   99.    342. 296.   0.   6.  4.80 126.0   6.6 -75.4  14.0 260.0 310.9  15.9    .0  68.1  39.4  32.8
1928     283   295   146   198  1340.  2498.  7029. 10276. 19803.   .52  5.83  711.  2.78   51.  690.  109.    369. 323.   0.  60.  4.15 131.6   6.6 -95.3  13.8 260.0 286.7  25.9    .0  69.1  39.5  32.9
1929     283   294   157   197  1536.  2882.  9151. 10254. 22287.   .46  6.69  845.  2.64   64.  573.  127.    382. 257.   0. 127.  4.38 124.0   6.6 -50.0  11.5 260.0 325.3  22.0    .0  68.5  39.4  32.8
1930     283   295   155   196  1296.  2408.  7407.  8664. 18479.   .47  5.68  748.  2.47   38.  719.  114.    390. 263.   0.  10.  3.66 124.2   6.6-104.4  14.4 260.0 281.2  15.7    .0  65.7  39.4  32.8
1931     283   294   151   196  1278.  2456.  7506.  9760. 19722.   .49  5.79  710.  2.78   79.  629.  131.    380. 228.   0.  30.  3.86 119.8   6.5 -95.3  12.6 260.0 282.0  18.2    .0  69.9  39.3  32.7

 MEANS over  30 years  :
        283.  294.  152.  200.  1320.  2466.  7961. 10068. 20495.   .49  5.79  778.  2.64   66.  607.  123.    354. 277.   0.  81.  4.31 125.3   6.6 -85.8  12.1 260.0 292.6  22.1    .0  70.2  39.4  32.8
 STANDARD DEVIATIONS  :
          0.    2.    4.    6.   224.   399.   525.   889.  1319.   .03   .88   64.   .12   17.   75.   21.     38.  59.   0.  46.   .28   3.8    .0  22.0   1.5    .0  22.2   7.1    .0   3.7    .1    .1
 VARIATION COEFFICIENTS (%)  : 
          .0    .6   2.6   3.0   17.0   16.2    6.6    8.8    6.4   5.2  15.3   8.2   4.4  25.7  12.4  16.8    10.7 21.4   .0 57.6   6.5   3.0    .2  25.6  12.4    .0   7.6  32.1    .0   5.2    .2    .2



*** RESULTS OF CROP GROWTH MODEL NWHEAT *** SUMMARY OF OUTPUT FOR WINTER WHEAT AND YIELD STATISTICS ***

Name of run: RG6W1, Station= G5564, Soil=   1, Crop=   1, Organic M.=   1, Nsoil=   1, IRR=   0, Runof=  .00
 Roth., GFDL scen. dec. 55-64, waterlim. prod., CO2 353 ppm                      


YEAR     SOW EMERG  ANTH  HALT   WRT   WLV    WST   WGR    TAGB     HI  LAIM PARAB  RUE   DWAV RAIN  ESOIL   TRANS DRAIN RUNOF IRR  WUE MINOM MINFM DNTOT NRAIN NGIFT NUPT  NLEACH NIMMO  NUE  DNFM  NBIOM
1902     283   291   157   203  1385.  2505.  8315.  9062. 19882.   .46  5.89  781.  2.54  105.  524.  106.    329. 193.   0.   0.  4.57 124.2   6.6 -82.4  10.5 260.0 301.9  13.3    .0  65.9  39.4  32.8
1903     283   294   154   191  1381.  2543.  7761.  9451. 19755.   .48  5.92  718.  2.75  181.  761.  113.    368. 461.   0.   0.  4.11 121.6   6.6 -75.2  15.2 260.0 286.1  37.5    .0  69.0  39.3  32.8
1904     283   295   150   200  1010.  1939.  7912.  9814. 19664.   .50  4.62  734.  2.68  121.  602.  138.    309. 276.   0.   0.  4.40 117.5   6.5-108.9  12.0 260.0 264.3  21.0    .0  74.4  39.2  32.7
1905     283   293   152   196  1697.  3106.  8031.  9826. 20963.   .47  7.17  814.  2.58  154.  659.  112.    365. 337.   0.   0.  4.40 124.3   6.6 -51.8  13.2 260.0 316.6  30.4    .0  66.2  39.4  32.8
1906     283   297   154   204  1142.  2175.  7572.  9680. 19427.   .50  5.18  715.  2.72  128.  613.  136.    299. 306.   0.   0.  4.47 121.8   6.6 -91.1  12.3 260.0 277.5  29.4    .0  70.0  39.3  32.8
1907     283   293   157   205  1727.  3182.  7767.  8307. 19256.   .43  7.39  824.  2.34  206.  549.  100.    373. 282.   0.   0.  4.07 121.1   6.5 -44.6  11.0 260.0 324.1  25.2    .0  59.4  39.3  32.7
1908     283   294   159   205  1735.  3266.  9201.  9731. 22198.   .44  7.60  910.  2.44  156.  605.  100.    412. 249.   0.   0.  4.34 118.5   6.5 -22.9  12.1 260.0 348.6  20.5    .0  63.7  39.2  32.7
1909     283   295   159   201  1052.  1989.  7869.  8458. 18316.   .46  4.71  681.  2.69   48.  585.  142.    269. 223.   0.   0.  4.46 114.7   6.5-104.9  11.7 260.0 269.1  16.3    .0  68.1  39.1  32.6
1910     283   293   153   202  1076.  1998.  7667.  9311. 18975.   .49  4.73  767.  2.47  123.  663.  136.    299. 351.   0.   0.  4.36 120.7   6.5-106.4  13.3 260.0 261.6  30.0    .0  72.5  39.3  32.7
1911     283   292   154   204  1409.  2656.  8109. 11330. 22095.   .51  6.28  858.  2.58  199.  533.  105.    396. 231.   0.   0.  4.41 123.1   6.6 -61.6  10.7 260.0 316.7  15.8    .0  69.8  39.3  32.8
1912     283   297   150   199  1252.  2368.  7953.  9863. 20185.   .49  5.58  706.  2.86   32.  625.  122.    298. 238.   0.   0.  4.80 122.8   6.6 -90.3  12.5 260.0 289.6  18.9    .0  69.7  39.3  32.8
1913     283   296   160   220  1197.  2283.  8114. 12298. 22696.   .54  5.43  890.  2.55  154.  735.  160.    373. 357.   0.   0.  4.26 121.5   6.6 -74.4  14.7 260.0 289.9  36.1    .0  78.3  39.3  32.8
1914     283   296   149   201  1089.  2083.  7747. 10304. 20134.   .51  4.98  719.  2.80  123.  566.  132.    316. 241.   0.   0.  4.50 122.3   6.6-103.3  11.3 260.0 281.9  12.6    .0  71.4  39.3  32.8
1915     283   294   151   197  1056.  1924.  7096.  8954. 17974.   .50  4.54  735.  2.45  116.  679.  127.    324. 345.   0.   0.  3.99 126.2   6.6-109.1  13.6 260.0 260.2  34.3    .0  69.1  39.4  32.8
1916     283   291   144   202  1146.  2184.  7810. 10656. 20650.   .52  5.18  764.  2.70  150.  505.  132.    327. 195.   0.   0.  4.50 126.7   6.6 -97.4  10.1 260.0 289.9  13.6    .0  71.2  39.4  32.8
1917     283   297   152   214  1414.  2684.  7803. 11926. 22412.   .53  6.27  851.  2.63  155.  582.  127.    375. 235.   0.   0.  4.46 126.0   6.6 -73.6  11.6 260.0 309.0  18.6    .0  72.5  39.4  32.8
1918     283   292   148   202  1009.  1892.  7391. 10622. 19905.   .53  4.52  759.  2.62  182.  571.  160.    349. 243.   0.   0.  3.91 121.2   6.5-110.2  11.4 260.0 266.1  19.9    .0  74.8  39.3  32.7
1919     283   293   149   196  1500.  2802.  8744.  9771. 21317.   .46  6.51  820.  2.60  183.  554.   99.    356. 281.   0.   0.  4.68 127.0   6.6 -51.3  11.1 260.0 324.8  23.9    .0  65.6  39.4  32.9
1920     283   296   152   204  1390.  2613.  8399. 11027. 22038.   .50  6.13  857.  2.57  126.  671.  108.    356. 333.   0.   0.  4.75 126.5   6.6 -71.5  13.4 260.0 301.0  29.6    .0  73.2  39.4  32.8
1921     283   296   154   198  1588.  2996.  9027.  5063. 17086.   .30  6.96  891.  1.92  197.  422.  104.    319. 196.   0.   0.  4.04 111.2   6.5 -38.0   8.4 260.0 329.5  13.9    .0  51.9  39.0  32.5
1922     283   292   151   193  1576.  2779.  8164.  7859. 18801.   .42  6.47  807.  2.33  201.  521.   92.    385. 245.   0.   0.  3.94 126.1   6.6 -71.3  10.4 260.0 309.1  18.1    .0  60.8  39.4  32.8
1923     283   292   150   191  1516.  2710.  7843.  9557. 20110.   .48  6.30  733.  2.74  142.  532.  104.    384. 186.   0.   0.  4.12 123.1   6.6 -77.1  10.6 260.0 307.0  11.7    .0  65.5  39.3  32.8
1924     283   295   153   197  1086.  2065.  7725.  9229. 19019.   .49  4.89  700.  2.72  140.  588.  152.    308. 269.   0.   0.  4.14 118.8   6.5 -96.8  11.8 260.0 274.2  23.6    .0  69.4  39.2  32.7
1925     283   294   148   205   989.  1869.  8018. 11486. 21373.   .54  4.48  785.  2.72  168.  588.  167.    368. 221.   0.   0.  3.99 122.6   6.6-101.8  11.8 260.0 280.6  16.7    .0  76.2  39.3  32.8
1926     283   293   146   194  1217.  2304.  7605.  9989. 19898.   .50  5.43  751.  2.65  154.  675.  110.    358. 360.   0.   0.  4.25 125.5   6.6 -89.5  13.5 260.0 281.8  30.6    .0  70.6  39.4  32.8
1927     283   293   153   199  1437.  2716.  7877. 10440. 21033.   .50  6.34  740.  2.84   32.  698.  102.    334. 295.   0.   0.  4.82 125.4   6.6 -80.5  14.0 260.0 305.6  15.9    .0  68.8  39.4  32.8
1928     283   295   146   198  1340.  2498.  7028. 10275. 19801.   .52  5.83  711.  2.78  111.  690.  108.    369. 323.   0.   0.  4.15 129.8   6.6 -92.2  13.8 260.0 287.8  25.9    .0  68.8  39.5  32.9
1929     283   294   157   197  1530.  2873.  9148.  9946. 21967.   .45  6.67  844.  2.60  179.  573.  127.    376. 250.   0.   0.  4.37 120.5   6.5 -42.4  11.5 260.0 330.2  21.0    .0  66.5  39.3  32.7
1930     283   295   155   196  1296.  2408.  7407.  8664. 18479.   .47  5.68  748.  2.47   48.  719.  114.    390. 263.   0.   0.  3.66 124.0   6.6-104.1  14.4 260.0 281.3  15.7    .0  65.7  39.4  32.8
1931     283   294   151   196  1278.  2456.  7506.  9760. 19722.   .49  5.79  710.  2.78   79.  629.  131.    380. 198.   0.   0.  3.86 119.3   6.5 -98.6  12.6 260.0 282.2  14.1    .0  69.9  39.3  32.7

 MEANS over  30 years  :
        283.  294.  152.  200.  1317.  2462.  7954.  9755. 20171.   .48  5.78  777.  2.60  136.  607.  122.    349. 273.   0.   0.  4.29 122.5   6.6 -80.8  12.1 260.0 294.9  21.8    .0  68.6  39.3  32.8
 STANDARD DEVIATIONS  :
          0.    2.    4.    6.   222.   396.   522.  1333.  1390.   .05   .88   64.   .19   49.   75.   20.     35.  63.   0.   0.   .29   3.8    .0  23.7   1.5    .0  22.6   7.4    .0   5.2    .1    .1
 VARIATION COEFFICIENTS (%)  : 
          .0    .6   2.6   3.0   16.9   16.1    6.6   13.7    6.9   9.6  15.2   8.2   7.2  35.6  12.4  16.3    10.0 23.0   .0   .0   6.7   3.1    .2  29.3  12.4    .0   7.7  33.8    .0   7.5    .2    .2



*** RESULTS OF CROP GROWTH MODEL NWHEAT *** SUMMARY OF OUTPUT FOR WINTER WHEAT AND YIELD STATISTICS ***

Name of run: RG6P3, Station= G5564, Soil=   1, Crop=   3, Organic M.=   1, Nsoil=   1, IRR=   1, Runof=  .00
 Roth., GFDL scen. dec. 55-64, pot. prod., CO2 617 ppm                           


YEAR     SOW EMERG  ANTH  HALT   WRT   WLV    WST   WGR    TAGB     HI  LAIM PARAB  RUE   DWAV RAIN  ESOIL   TRANS DRAIN RUNOF IRR  WUE MINOM MINFM DNTOT NRAIN NGIFT NUPT  NLEACH NIMMO  NUE  DNFM  NBIOM
1902     283   291   157   203  1457.  2656.  9259. 10872. 22787.   .48  5.77  770.  2.96   51.  524.  110.    300. 204.   0.  40.  5.55 126.1   6.6 -65.2  10.5 260.0 320.0  14.0    .0  71.2  39.4  32.8
1903     283   294   154   191  1477.  2749. 10314. 10304. 23367.   .44  5.91  712.  3.28   68.  761.  116.    337. 476.   0. 100.  5.16 125.0   6.6 -62.1  15.2 260.0 301.9  38.0    .0  77.4  39.4  32.8
1904     283   295   150   200  1067.  2058.  9060. 11568. 22686.   .51  4.53  721.  3.15   84.  602.  148.    278. 289.   0.  30.  5.32 118.7   6.5 -92.1  12.0 260.0 281.4  21.6    .0  80.6  39.2  32.7
1905     283   293   152   196  1829.  3392.  9297. 11795. 24484.   .48  7.23  807.  3.03   75.  659.  114.    339. 351.   0.  70.  5.40 126.8   6.6 -31.3  13.2 260.0 338.7  31.1    .0  72.3  39.4  32.9
1906     283   297   154   204  1205.  2299.  8609. 11408. 22316.   .51  5.06  704.  3.17   77.  613.  140.    269. 311.   0.  30.  5.46 123.0   6.6 -73.8  12.3 260.0 295.3  30.0    .0  75.6  39.3  32.8
1907     283   293   157   205  1852.  3467.  9102. 11525. 24093.   .48  7.43  814.  2.96   79.  549.  104.    368. 286.   0. 130.  5.11 126.9   6.6 -30.9  11.0 260.0 342.4  25.8    .0  70.4  39.4  32.9
1908     283   294   159   205  1821.  3463. 10280. 12314. 26057.   .47  7.43  899.  2.90   41.  605.  105.    382. 258.   0. 100.  5.35 123.4   6.6 -12.6  12.1 260.0 363.1  21.1    .0  71.8  39.4  32.8
1909     283   295   159   201  1112.  2112.  8947. 10322. 21381.   .48  4.64  668.  3.20   41.  585.  146.    239. 240.   0.   0.  5.54 114.8   6.5 -84.0  11.7 260.0 288.9  17.4    .0  74.0  39.1  32.6
1910     283   293   153   202  1123.  2087.  8784. 10677. 21549.   .50  4.57  750.  2.87   64.  663.  143.    265. 368.   0.  50.  5.28 123.8   6.6 -91.9  13.3 260.0 278.3  30.8    .0  77.4  39.4  32.8
1911     283   292   154   204  1481.  2811.  9354. 13318. 25483.   .52  6.14  846.  3.01   90.  533.  112.    358. 242.   0.  90.  5.42 127.3   6.6 -54.3  10.7 260.0 329.4  16.4    .0  77.4  39.4  32.9
1912     283   297   150   199  1344.  2571.  9049. 11636. 23256.   .50  5.59  700.  3.32   12.  625.  124.    272. 261.   0.  20.  5.87 123.0   6.6 -70.9  12.5 260.0 308.1  19.8    .0  75.5  39.3  32.8
1913     283   296   160   220  1244.  2381. 10265. 13263. 25909.   .51  5.23  872.  2.97   80.  735.  167.    330. 358.   0.  40.  5.21 123.8   6.6 -64.1  14.7 260.0 302.2  36.4    .0  85.7  39.4  32.8
1914     283   296   149   201  1146.  2206.  8850. 12278. 23334.   .53  4.88  707.  3.30   67.  566.  137.    284. 253.   0.  40.  5.55 123.0   6.6 -82.3  11.3 260.0 302.7  13.3    .0  77.1  39.3  32.8
1915     283   294   151   197  1105.  2018.  7896. 10584. 20498.   .52  4.41  723.  2.84   87.  679.  135.    288. 353.   0.  10.  4.84 126.6   6.6 -95.7  13.6 260.0 273.6  34.9    .0  74.9  39.4  32.8
1916     283   291   144   202  1214.  2331.  8836. 12437. 23603.   .53  5.12  755.  3.13   74.  505.  136.    294. 199.   0.  50.  5.48 129.1   6.6 -83.9  10.1 260.0 305.4  14.1    .0  77.3  39.5  32.9
1917     283   297   152   214  1501.  2876.  9141. 13703. 25720.   .53  6.20  842.  3.06   78.  582.  131.    343. 236.   0.  50.  5.42 128.0   6.6 -59.2  11.6 260.0 325.1  18.8    .0  79.1  39.4  32.9
1918     283   292   148   202  1054.  1979.  8345. 12533. 22858.   .55  4.38  744.  3.07   92.  571.  172.    312. 258.   0.  80.  4.73 126.5   6.6 -99.8  11.4 260.0 282.1  20.4    .0  81.0  39.4  32.8
1919     283   293   149   196  1623.  3047.  9832. 12357. 25236.   .49  6.56  820.  3.08   78.  554.   99.    336. 287.   0.  90.  5.81 130.6   6.6 -35.5  11.1 260.0 343.8  24.2    .0  73.4  39.5  32.9
1920     283   296   152   204  1475.  2795. 10345. 12041. 25181.   .48  6.05  847.  2.97   78.  671.  113.    324. 342.   0.  30.  5.76 127.0   6.6 -58.4  13.4 260.0 314.3  30.1    .0  80.1  39.4  32.9
1921     283   296   154   198  1684.  3203. 10230. 11972. 25405.   .47  6.86  893.  2.85   71.  422.  103.    363. 204.   0. 176.  5.46 122.6   6.6 -26.3   8.4 260.0 351.4  14.8    .0  72.3  39.3  32.8
1922     283   292   151   193  1697.  3025.  9279. 11292. 23595.   .48  6.49  803.  2.94   72.  521.   94.    378. 251.   0. 130.  5.00 133.0   6.6 -56.4  10.4 260.0 330.2  18.4    .0  71.5  39.5  32.9
1923     283   292   150   191  1638.  2965.  9053. 11388. 23405.   .49  6.36  726.  3.22   86.  532.  107.    352. 228.   0.  69.  5.11 126.0   6.6 -57.9  10.6 260.0 326.4  14.0    .0  71.7  39.4  32.8
1924     283   295   153   197  1155.  2218.  8723. 11129. 22070.   .50  4.85  689.  3.20   67.  588.  156.    276. 272.   0.  50.  5.10 119.8   6.5 -79.2  11.8 260.0 292.1  24.1    .0  75.5  39.3  32.7
1925     283   294   148   205  1058.  2010. 10683. 12612. 25306.   .50  4.47  778.  3.25   61.  588.  171.    333. 225.   0.  80.  5.02 127.2   6.6 -88.0  11.8 260.0 298.4  17.2    .0  84.8  39.4  32.9
1926     283   293   146   194  1290.  2474.  8590. 11749. 22812.   .52  5.39  741.  3.08   76.  675.  120.    323. 367.   0.  60.  5.15 128.1   6.6 -78.2  13.5 260.0 295.5  31.3    .0  77.2  39.4  32.9
1927     283   293   153   199  1580.  3003.  8944. 12340. 24287.   .51  6.47  742.  3.27   29.  698.  103.    312. 320.   0.   6.  5.86 126.1   6.6 -56.2  14.0 260.0 329.3  16.7    .0  73.8  39.4  32.8
1928     283   295   146   198  1439.  2723.  7964. 11935. 22623.   .53  5.86  704.  3.21   58.  690.  111.    335. 341.   0.  40.  5.07 131.4   6.6 -84.5  13.8 260.0 297.2  26.4    .0  76.1  39.5  32.9
1929     283   294   157   197  1643.  3117. 10256. 12411. 25785.   .48  6.69  838.  3.08   74.  573.  129.    351. 265.   0.  97.  5.37 124.0   6.6 -29.2  11.5 260.0 345.3  22.4    .0  74.7  39.4  32.8
1930     283   295   155   196  1372.  2566.  8420. 10380. 21365.   .49  5.60  738.  2.89   29.  719.  118.    353. 278.   0.   0.  4.54 124.2   6.6 -86.6  14.4 260.0 298.4  16.2    .0  71.6  39.4  32.8
1931     283   294   151   196  1364.  2651.  8671. 11601. 22923.   .51  5.78  699.  3.28   73.  629.  134.    344. 233.   0.  10.  4.79 119.7   6.5 -76.3  12.6 260.0 301.1  17.7    .0  76.1  39.3  32.7

 MEANS over  30 years  :
        283.  294.  152.  200.  1402.  2642.  9213. 11791. 23646.   .50  5.73  768.  3.08   67.  607.  127.    321. 285.   0.  59.  5.29 125.2   6.6 -65.6  12.1 260.0 312.1  22.6    .0  75.9  39.4  32.8
 STANDARD DEVIATIONS  :
          0.    2.    4.    6.   245.   446.   733.   866.  1517.   .02   .91   64.   .15   19.   75.   21.     36.  62.   0.  42.   .33   3.8    .0  22.9   1.5    .0  23.3   7.2    .0   3.8    .1    .1
 VARIATION COEFFICIENTS (%)  : 
          .0    .6   2.6   3.0   17.5   16.9    8.0    7.3    6.4   4.6  15.9   8.4   4.7  28.5  12.4  16.9    11.4 21.6   .0 70.6   6.2   3.0    .2  34.9  12.4    .0   7.5  31.8    .0   5.0    .2    .2



*** RESULTS OF CROP GROWTH MODEL NWHEAT *** SUMMARY OF OUTPUT FOR WINTER WHEAT AND YIELD STATISTICS ***

Name of run: RG6W3, Station= G5564, Soil=   1, Crop=   3, Organic M.=   1, Nsoil=   1, IRR=   0, Runof=  .00
 Roth., GFDL scen. dec. 55-64, waterlim. prod., CO2 617 ppm                      


YEAR     SOW EMERG  ANTH  HALT   WRT   WLV    WST   WGR    TAGB     HI  LAIM PARAB  RUE   DWAV RAIN  ESOIL   TRANS DRAIN RUNOF IRR  WUE MINOM MINFM DNTOT NRAIN NGIFT NUPT  NLEACH NIMMO  NUE  DNFM  NBIOM
1902     283   291   157   203  1457.  2656.  9259. 10872. 22787.   .48  5.77  770.  2.96   82.  524.  110.    300. 195.   0.   0.  5.56 124.9   6.6 -64.4  10.5 260.0 320.1  13.5    .0  71.2  39.4  32.8
1903     283   294   154   191  1477.  2749. 10312. 10304. 23365.   .44  5.91  712.  3.28  167.  761.  115.    337. 476.   0.   0.  5.16 122.0   6.6 -56.3  15.2 260.0 304.7  38.0    .0  76.7  39.3  32.8
1904     283   295   150   200  1067.  2058.  9059. 11568. 22686.   .51  4.53  721.  3.15  108.  602.  143.    278. 289.   0.   0.  5.39 117.7   6.5 -90.7  12.0 260.0 281.8  21.6    .0  80.5  39.2  32.7
1905     283   293   152   196  1829.  3392.  9296. 11795. 24483.   .48  7.23  807.  3.03  144.  659.  114.    339. 351.   0.   0.  5.41 124.6   6.6 -28.1  13.2 260.0 339.6  31.1    .0  72.1  39.4  32.8
1906     283   297   154   204  1205.  2299.  8609. 11408. 22316.   .51  5.06  704.  3.17  107.  613.  140.    269. 311.   0.   0.  5.46 122.3   6.6 -72.8  12.3 260.0 295.6  30.0    .0  75.5  39.3  32.8
1907     283   293   157   205  1852.  3467.  9098. 10986. 23551.   .47  7.43  814.  2.89  201.  549.  103.    361. 286.   0.   0.  5.08 122.3   6.6 -21.4  11.0 260.0 347.1  25.8    .0  67.8  39.3  32.8
1908     283   294   159   205  1821.  3463. 10278. 12298. 26039.   .47  7.43  899.  2.89  135.  605.  105.    382. 253.   0.   0.  5.35 120.0   6.5  -7.3  12.1 260.0 365.0  20.9    .0  71.3  39.3  32.7
1909     283   295   159   201  1112.  2112.  8947. 10322. 21381.   .48  4.64  668.  3.20   41.  585.  146.    239. 240.   0.   0.  5.54 114.8   6.5 -84.0  11.7 260.0 288.9  17.4    .0  74.0  39.1  32.6
1910     283   293   153   202  1123.  2087.  8783. 10677. 21548.   .50  4.57  750.  2.87  114.  663.  143.    265. 368.   0.   0.  5.28 121.0   6.5 -88.5  13.3 260.0 278.9  30.8    .0  77.3  39.3  32.7
1911     283   292   154   204  1481.  2811.  9351. 13317. 25479.   .52  6.14  846.  3.01  177.  533.  110.    358. 242.   0.   0.  5.44 123.8   6.6 -48.1  10.7 260.0 331.6  16.4    .0  76.8  39.4  32.8
1912     283   297   150   199  1344.  2571.  9049. 11636. 23256.   .50  5.59  700.  3.32   12.  625.  124.    272. 241.   0.   0.  5.87 123.0   6.6 -71.5  12.5 260.0 308.1  19.2    .0  75.5  39.3  32.8
1913     283   296   160   220  1244.  2381. 10263. 13263. 25907.   .51  5.23  872.  2.97  120.  735.  167.    330. 358.   0.   0.  5.21 123.1   6.6 -61.9  14.7 260.0 303.6  36.4    .0  85.3  39.3  32.8
1914     283   296   149   201  1146.  2206.  8850. 12278. 23334.   .53  4.88  707.  3.30  107.  566.  136.    284. 253.   0.   0.  5.56 122.6   6.6 -81.8  11.3 260.0 302.9  13.3    .0  77.0  39.3  32.8
1915     283   294   151   197  1105.  2018.  7896. 10584. 20498.   .52  4.41  723.  2.84   93.  679.  131.    288. 353.   0.   0.  4.89 126.4   6.6 -95.4  13.6 260.0 273.7  34.9    .0  74.9  39.4  32.8
1916     283   291   144   202  1214.  2331.  8835. 12436. 23601.   .53  5.12  755.  3.13  124.  505.  136.    294. 199.   0.   0.  5.48 127.5   6.6 -79.6  10.1 260.0 308.1  14.1    .0  76.6  39.4  32.9
1917     283   297   152   214  1501.  2876.  9139. 13703. 25718.   .53  6.20  842.  3.06  128.  582.  131.    343. 236.   0.   0.  5.43 126.6   6.6 -56.6  11.6 260.0 326.2  18.8    .0  78.8  39.4  32.8
1918     283   292   148   202  1054.  1979.  8344. 12531. 22854.   .55  4.38  744.  3.07  165.  571.  165.    312. 258.   0.   0.  4.79 121.6   6.6 -92.8  11.4 260.0 284.0  20.4    .0  80.5  39.3  32.8
1919     283   293   149   196  1623.  3047.  9829. 12347. 25224.   .49  6.56  820.  3.08  167.  554.   98.    336. 287.   0.   0.  5.81 128.2   6.6 -27.0  11.1 260.0 349.7  24.2    .0  72.1  39.4  32.9
1920     283   296   152   204  1475.  2795. 10345. 12041. 25181.   .48  6.05  847.  2.97  105.  671.  112.    324. 340.   0.   0.  5.77 126.8   6.6 -58.2  13.4 260.0 314.3  30.1    .0  80.1  39.4  32.8
1921     283   296   154   198  1686.  3206. 10216.  7490. 20912.   .36  6.86  885.  2.36  193.  422.  106.    312. 198.   0.   0.  5.01 112.7   6.5 -15.5   8.4 260.0 352.9  14.1    .0  59.3  39.1  32.6
1922     283   292   151   193  1697.  3025.  9275. 10747. 23046.   .47  6.49  803.  2.87  194.  521.   94.    371. 251.   0.   0.  4.96 127.9   6.6 -44.6  10.4 260.0 336.7  18.4    .0  68.5  39.4  32.9
1923     283   292   150   191  1623.  2942.  9045. 11381. 23368.   .49  6.31  723.  3.23  117.  532.  107.    350. 192.   0.   0.  5.11 123.8   6.6 -58.3  10.6 260.0 325.6  12.2    .0  71.8  39.4  32.8
1924     283   295   153   197  1155.  2218.  8723. 11128. 22069.   .50  4.85  689.  3.20  116.  588.  156.    276. 272.   0.   0.  5.11 119.4   6.5 -77.3  11.8 260.0 293.5  24.1    .0  75.2  39.3  32.7
1925     283   294   148   205  1058.  2010. 10681. 12612. 25303.   .50  4.47  778.  3.25  140.  588.  170.    333. 225.   0.   0.  5.03 123.9   6.6 -82.9  11.8 260.0 300.2  17.2    .0  84.3  39.4  32.8
1926     283   293   146   194  1290.  2474.  8590. 11747. 22811.   .51  5.39  741.  3.08  130.  675.  114.    323. 367.   0.   0.  5.21 126.1   6.6 -75.1  13.5 260.0 296.5  31.3    .0  76.9  39.4  32.8
1927     283   293   153   199  1520.  2902.  8905. 12356. 24163.   .51  6.25  730.  3.31   29.  698.  106.    304. 318.   0.   0.  5.90 125.5   6.6 -58.0  14.0 260.0 327.2  16.5    .0  73.8  39.4  32.8
1928     283   295   146   198  1439.  2723.  7964. 11935. 22622.   .53  5.86  704.  3.21   98.  690.  111.    335. 341.   0.   0.  5.07 130.1   6.6 -82.4  13.8 260.0 297.9  26.4    .0  75.9  39.5  32.9
1929     283   294   157   197  1637.  3106. 10259. 12415. 25779.   .48  6.66  836.  3.08  164.  573.  130.    349. 258.   0.   0.  5.38 121.8   6.6 -24.6  11.5 260.0 348.5  21.4    .0  74.0  39.3  32.8
1930     283   295   155   196  1372.  2566.  8420. 10380. 21365.   .49  5.60  738.  2.89   29.  719.  118.    353. 278.   0.   0.  4.54 124.2   6.6 -86.6  14.4 260.0 298.4  16.2    .0  71.6  39.4  32.8
1931     283   294   151   196  1364.  2651.  8671. 11601. 22923.   .51  5.78  699.  3.28   73.  629.  134.    344. 223.   0.   0.  4.79 119.7   6.5 -77.3  12.6 260.0 301.2  16.6    .0  76.1  39.3  32.7

 MEANS over  30 years  :
        283.  294.  152.  200.  1399.  2637.  9210. 11605. 23452.   .49  5.72  768.  3.07  119.  607.  126.    319. 282.   0.   0.  5.29 123.1   6.6 -62.3  12.1 260.0 313.4  22.4    .0  75.0  39.3  32.8
 STANDARD DEVIATIONS  :
          0.    2.    4.    6.   243.   443.   732.  1174.  1551.   .03   .90   64.   .20   49.   75.   21.     35.  64.   0.   0.   .33   3.8    .0  24.7   1.5    .0  24.1   7.3    .0   4.9    .1    .1
 VARIATION COEFFICIENTS (%)  : 
          .0    .6   2.6   3.0   17.4   16.8    7.9   10.1    6.6   6.9  15.8   8.3   6.4  40.6  12.4  16.4    11.0 22.8   .0   .0   6.2   3.1    .2  39.6  12.4    .0   7.7  32.8    .0   6.6    .2    .2
