


*** RESULTS OF CROP GROWTH MODEL NWHEAT *** SUMMARY OF OUTPUT FOR WINTER WHEAT AND YIELD STATISTICS ***

Name of run: RBSP1, Station= BS   , Soil=   1, Crop=   1, Organic M.=   1, Nsoil=   1, IRR=   1, Runof=  .00
 Roth., base line (Micha), potential prod., CO2 353 ppm                          


YEAR     SOW EMERG  ANTH  HALT   WRT   WLV    WST   WGR    TAGB     HI  LAIM PARAB  RUE   DWAV RAIN  ESOIL   TRANS DRAIN RUNOF IRR  WUE MINOM MINFM DNTOT NRAIN NGIFT NUPT  NLEACH NIMMO  NUE  DNFM  NBIOM
1902     283   293   171   228  1468.  2663.  7891. 12127. 22681.   .53  6.25  879.  2.58   64.  532.  132.    338. 286.   0. 160.  4.82 126.0   6.6 -52.5  10.6 260.0 322.2  25.3    .0  70.4  39.4  32.8
1903     283   295   166   207  1178.  2243.  8063. 10231. 20537.   .50  5.31  768.  2.67   75.  503.  153.    325. 249.   0. 150.  4.29 112.7   6.5 -81.7  10.1 260.0 283.8  20.8    .0  72.4  39.1  32.6
1904     283   298   168   213   928.  1758.  7395.  9514. 18668.   .51  4.18  730.  2.56   77.  358.  174.    275. 122.   0. 136.  4.16 106.7   6.5-126.4   7.2 260.0 245.3   6.7    .0  76.1  38.9  32.4
1905     283   295   166   216  1244.  2357.  7783.  9726. 19866.   .49  5.50  708.  2.81   80.  565.  172.    295. 288.   0. 110.  4.25 114.8   6.5 -67.0  11.3 260.0 296.1  26.8    .0  67.1  39.1  32.6
1906     283   301   164   218   891.  1697.  7060.  9192. 17949.   .51  4.07  625.  2.87   86.  616.  189.    241. 291.   0.  20.  4.17 113.2   6.5-124.9  12.3 260.0 239.2  26.6    .0  75.1  39.1  32.6
1907     283   297   169   223  1331.  2518.  7963. 11827. 22308.   .53  5.92  825.  2.70   75.  461.  136.    358. 212.   0. 170.  4.52 112.6   6.5 -70.6   9.2 260.0 298.6  16.1    .0  74.7  39.1  32.6
1908     283   299   163   216  1186.  2297.  7735. 11941. 21974.   .54  5.45  776.  2.83   65.  507.  146.    323. 259.   0. 156.  4.68 113.8   6.5 -85.2  10.2 260.0 279.8  23.0    .0  78.5  39.1  32.6
1909     283   299   177   216  1032.  2005.  7571.  7349. 16925.   .43  4.68  608.  2.78   75.  545.  186.    236. 307.   0. 108.  4.02 103.5   6.5 -91.1  10.9 260.0 257.4  29.9    .0  65.8  38.7  32.3
1910     283   299   166   214   892.  1713.  7159.  9925. 18797.   .53  4.07  705.  2.67   73.  636.  175.    268. 333.   0.  67.  4.25 109.5   6.5-118.8  12.7 260.0 236.8  31.5    .0  79.4  39.0  32.5
1911     283   297   166   218   988.  1870.  6898. 10456. 19224.   .54  4.44  697.  2.76   78.  455.  173.    304. 187.   0. 130.  4.03 112.3   6.5-123.8   9.1 260.0 249.2  12.9    .0  77.1  39.1  32.5
1912     283   294   172   225  1039.  2001.  7604. 11210. 20815.   .54  4.76  824.  2.53   41.  602.  184.    287. 269.   0.  97.  4.42 111.6   6.5 -97.2  12.0 260.0 267.0  23.9    .0  78.0  39.0  32.5
1913     283   299   182   232  1183.  2241.  8349.  9278. 19868.   .47  5.14  743.  2.68   25.  709.  217.    301. 307.   0.  91.  3.84 104.5   6.5 -61.2  14.2 260.0 291.9  29.5    .0  68.1  38.8  32.3
1914     283   295   169   207  1369.  2560.  8862.  9966. 21388.   .47  6.02  830.  2.58   71.  393.  136.    335. 183.   0. 190.  4.55 111.0   6.5 -61.7   7.9 260.0 307.2  12.5    .0  69.6  39.0  32.5
1915     283   294   169   218  1033.  1960.  7422. 10208. 19590.   .52  4.66  708.  2.77   80.  579.  173.    303. 302.   0. 120.  4.11 112.3   6.5-100.7  11.6 260.0 258.1  29.5    .0  75.9  39.1  32.5
1916     283   301   168   227   973.  1851.  7762. 10826. 20438.   .53  4.44  848.  2.41   81.  504.  171.    301. 230.   0. 118.  4.33 119.0   6.5-101.1  10.1 260.0 274.8  17.7    .0  74.4  39.2  32.7
1917     283   297   178   228  1180.  2227.  7461. 10199. 19887.   .51  5.08  776.  2.56   57.  507.  180.    286. 226.   0. 128.  4.27 106.7   6.5 -83.7  10.1 260.0 279.2  17.9    .0  71.2  38.9  32.4
1918     283   296   168   213  1342.  2675.  7622. 10695. 20992.   .51  6.29  768.  2.73   75.  312.  151.    364. 179.   0. 308.  4.08 108.1   6.5 -55.8   6.2 260.0 309.3  12.1    .0  67.9  38.9  32.4
1919     283   297   170   227  1374.  2591.  8646. 11904. 23141.   .51  6.10  935.  2.48   64.  538.  147.    346. 229.   0. 120.  4.70 119.1   6.5 -47.0  10.8 260.0 327.9  18.3    .0  70.6  39.2  32.7
1920     283   294   168   232  1285.  2421.  8561. 13173. 24155.   .55  5.75  929.  2.60   48.  553.  154.    352. 253.   0. 158.  4.78 121.1   6.5 -55.2  11.1 260.0 319.2  22.2    .0  75.7  39.3  32.7
1921     283   295   160   219   958.  1846.  7230. 11235. 20311.   .55  4.43  721.  2.82   74.  705.  171.    303. 324.   0.  20.  4.29 120.5   6.5-101.6  14.1 260.0 266.3  32.0    .0  76.3  39.3  32.7
1922     283   296   160   213  1209.  2272.  8256. 11561. 22089.   .52  5.42  841.  2.63   74.  518.  140.    372. 286.   0. 206.  4.31 124.5   6.6 -73.4  10.4 260.0 299.4  26.0    .0  73.8  39.4  32.8
1923     283   297   170   219  1277.  2402.  8243. 10299. 20944.   .49  5.63  781.  2.68   73.  693.  157.    341. 397.   0. 130.  4.20 115.4   6.5 -56.4  13.9 260.0 293.4  42.9    .0  71.4  39.1  32.6
1924     283   299   162   220  1161.  2272.  7725. 12055. 22052.   .55  5.45  876.  2.52   64.  606.  161.    346. 293.   0. 130.  4.35 119.0   6.5 -80.6  12.1 260.0 287.7  26.4    .0  76.7  39.2  32.7
1925     283   298   167   223  1490.  2935.  9074. 12861. 24870.   .52  6.98  986.  2.52   78.  417.  137.    436. 221.   0. 299.  4.34 118.0   6.5 -32.6   8.3 260.0 339.0  17.3    .0  73.4  39.2  32.7
1926     283   297   164   225  1060.  2062.  7473. 11518. 21053.   .55  4.92  765.  2.75   91.  664.  175.    327. 300.   0.  47.  4.19 115.9   6.5 -88.4  13.3 260.0 275.8  29.1    .0  76.3  39.2  32.6
1927     283   299   162   217   830.  1580.  6975.  9482. 18038.   .53  3.76  647.  2.79   76.  562.  191.    242. 333.   0. 128.  4.16 113.4   6.5-108.9  11.2 260.0 246.8  34.5    .0  73.1  39.1  32.6
1928     283   297   168   216  1088.  2088.  7913. 11364. 21364.   .53  4.96  814.  2.63   88.  618.  157.    337. 403.   0. 190.  4.33 114.6   6.5 -70.7  12.4 260.0 275.0  44.8    .0  77.7  39.1  32.6
1929     283   294   160   208  1437.  2741.  8616. 10147. 21503.   .47  6.40  748.  2.87   51.  638.  143.    354. 250.   0.  58.  4.32 116.4   6.5 -45.3  12.8 260.0 328.4  18.4    .0  65.5  39.2  32.6
1930     283   293   160   209  1254.  2353.  9127. 11453. 22933.   .50  5.53  811.  2.83   70.  578.  152.    393. 362.   0. 260.  4.20 120.5   6.5 -66.1  11.6 260.0 290.5  38.9    .0  78.9  39.3  32.7

 MEANS over  29 years  :
        283.  297.  167.  219.  1161.  2214.  7877. 10749. 20840.   .52  5.23  782.  2.68   70.  547.  163.    320. 272.   0. 138.  4.31 114.4   6.5 -80.3  10.9 260.0 284.3  24.6    .0  73.5  39.1  32.6
 STANDARD DEVIATIONS  :
          0.    2.    5.    7.   182.   343.   603.  1226.  1817.   .03   .79   89.   .12   14.   98.   20.     45.  63.   0.  69.   .23   5.5    .0  25.3   2.0    .0  27.7   9.0    .0   4.0    .2    .1
 VARIATION COEFFICIENTS (%)  : 
          .0    .7   3.1   3.2   15.6   15.5    7.7   11.4    8.7   5.5  15.1  11.3   4.6  20.1  17.9  12.2    14.0 23.3   .0 49.8   5.2   4.8    .4  31.5  17.9    .0   9.7  36.5    .0   5.4    .4    .4



*** RESULTS OF CROP GROWTH MODEL NWHEAT *** SUMMARY OF OUTPUT FOR WINTER WHEAT AND YIELD STATISTICS ***

Name of run: RBSW1, Station= BS   , Soil=   1, Crop=   1, Organic M.=   1, Nsoil=   1, IRR=   0, Runof=  .00
 Roth., base line (Micha), waterlim. prod., CO2 353 ppm                          


YEAR     SOW EMERG  ANTH  HALT   WRT   WLV    WST   WGR    TAGB     HI  LAIM PARAB  RUE   DWAV RAIN  ESOIL   TRANS DRAIN RUNOF IRR  WUE MINOM MINFM DNTOT NRAIN NGIFT NUPT  NLEACH NIMMO  NUE  DNFM  NBIOM
1902     283   293   171   228  1468.  2663.  7853.  6944. 17461.   .40  6.25  847.  2.06  172.  532.  143.    275. 286.   0.   0.  4.17 113.9   6.5 -40.9  10.6 260.0 321.7  25.3    .0  54.3  39.1  32.6
1903     283   295   166   207  1178.  2243.  8009.  7505. 17758.   .42  5.31  762.  2.33  191.  503.  155.    291. 249.   0.   0.  3.99 104.5   6.5 -71.6  10.1 260.0 285.6  20.8    .0  62.2  38.8  32.3
1904     283   298   168   213   886.  1682.  7234.  8910. 17826.   .50  4.00  714.  2.50  196.  358.  177.    260. 117.   0.   0.  4.08  98.8   6.4-116.5   7.2 260.0 247.7   6.4    .0  72.0  38.5  32.1
1905     283   295   166   216  1244.  2357.  7779.  9692. 19828.   .49  5.50  708.  2.80  188.  565.  171.    295. 288.   0.   0.  4.26 111.1   6.5 -55.5  11.3 260.0 303.5  26.8    .0  65.3  39.0  32.5
1906     283   301   164   218   891.  1697.  7060.  9192. 17949.   .51  4.07  625.  2.87  105.  616.  189.    241. 291.   0.   0.  4.17 112.8   6.5-124.4  12.3 260.0 239.3  26.6    .0  75.0  39.1  32.6
1907     283   297   169   223  1331.  2518.  7873.  8666. 19058.   .45  5.92  817.  2.33  197.  461.  137.    308. 212.   0.   0.  4.28 103.7   6.5 -60.8   9.2 260.0 299.4  16.1    .0  63.6  38.7  32.3
1908     283   299   163   216  1183.  2291.  7530.  7889. 17711.   .45  5.44  757.  2.34  173.  507.  152.    276. 253.   0.   0.  4.14 101.5   6.4 -77.8  10.2 260.0 275.6  22.2    .0  64.3  38.6  32.2
1909     283   299   177   216  1022.  1984.  7538.  7321. 16843.   .43  4.63  606.  2.78  171.  545.  184.    234. 298.   0.   0.  4.03  99.3   6.4 -86.3  10.9 260.0 259.0  28.6    .0  65.0  38.5  32.1
1910     283   299   166   214   892.  1713.  7159.  9921. 18793.   .53  4.07  704.  2.67  132.  636.  174.    267. 326.   0.   0.  4.26 107.2   6.5-116.3  12.7 260.0 238.0  30.4    .0  78.9  38.9  32.4
1911     283   297   166   218   988.  1870.  6876.  9667. 18413.   .53  4.44  695.  2.65  191.  455.  172.    288. 187.   0.   0.  4.01 104.9   6.5-114.4   9.1 260.0 251.1  12.9    .0  73.3  38.8  32.3
1912     283   294   172   225  1033.  1990.  7583. 11178. 20751.   .54  4.73  821.  2.53  131.  602.  185.    286. 263.   0.   0.  4.41 106.6   6.5 -87.5  12.0 260.0 272.4  23.0    .0  76.2  38.9  32.4
1913     283   299   182   232  1135.  2152.  8239.  9172. 19563.   .47  4.95  730.  2.68   73.  709.  203.    293. 286.   0.   0.  3.95 100.8   6.4 -66.4  14.2 260.0 286.3  26.3    .0  68.3  38.6  32.2
1914     283   295   169   207  1369.  2560.  8834.  6690. 18084.   .37  6.02  824.  2.20  207.  393.  136.    280. 183.   0.   0.  4.34 101.9   6.4 -57.6   7.9 260.0 302.2  12.5    .0  59.8  38.7  32.2
1915     283   294   169   218  1033.  1960.  7411.  9687. 19058.   .51  4.66  708.  2.69  189.  579.  172.    294. 302.   0.   0.  4.09 106.8   6.5 -89.7  11.6 260.0 263.3  29.5    .0  72.4  38.9  32.4
1916     283   301   168   227   945.  1798.  7665.  9980. 19444.   .51  4.32  836.  2.33  179.  504.  175.    285. 223.   0.   0.  4.23 110.7   6.5 -88.0  10.1 260.0 279.3  16.8    .0  69.6  39.0  32.5
1917     283   297   178   228  1182.  2231.  7461.  8691. 18382.   .47  5.09  773.  2.38  157.  507.  180.    265. 219.   0.   0.  4.13  96.7   6.4 -70.3  10.1 260.0 283.4  17.0    .0  64.9  38.4  32.0
1918     283   296   168   213  1306.  2631.  6899.   986. 10515.   .09  6.09  713.  1.48  208.  312.  131.    209. 179.   0.   0.  3.09  85.8   6.3 -78.0   6.2 260.0 265.1  12.1    .0  39.7  37.7  31.4
1919     283   297   170   227  1374.  2591.  8612. 10345. 21548.   .48  6.10  935.  2.31  165.  538.  146.    327. 229.   0.   0.  4.55 112.1   6.5 -32.3  10.8 260.0 334.5  18.3    .0  64.4  39.0  32.5
1920     283   294   168   232  1231.  2329.  8460. 11652. 22441.   .52  5.53  904.  2.48  170.  553.  162.    315. 247.   0.   0.  4.71 112.9   6.5 -54.8  11.1 260.0 312.2  21.5    .0  71.9  39.1  32.6
1921     283   295   160   219   958.  1846.  7229. 11235. 20310.   .55  4.43  721.  2.82   94.  705.  171.    303. 324.   0.   0.  4.29 120.2   6.5-100.6  14.1 260.0 266.9  32.0    .0  76.1  39.3  32.7
1922     283   296   160   213  1205.  2264.  8190.  6845. 17299.   .40  5.40  825.  2.10  204.  518.  143.    298. 280.   0.   0.  3.92 113.9   6.5 -63.8  10.4 260.0 299.1  25.2    .0  57.8  39.1  32.6
1923     283   297   170   219  1277.  2402.  8236.  8716. 19354.   .45  5.63  780.  2.48  180.  693.  158.    318. 397.   0.   0.  4.07 107.7   6.5 -44.7  13.9 260.0 297.1  42.9    .0  65.2  38.9  32.4
1924     283   299   162   220  1161.  2272.  7673. 10299. 20244.   .51  5.45  873.  2.32  168.  606.  162.    320. 293.   0.   0.  4.20 111.8   6.5 -66.5  12.1 260.0 293.9  26.4    .0  68.9  39.0  32.5
1925     283   298   167   223  1450.  2863.  8933.  1808. 13604.   .13  6.81  917.  1.48  214.  417.  151.    265. 215.   0.   0.  3.26  98.8   6.4 -33.4   8.3 260.0 320.6  16.5    .0  42.4  38.5  32.1
1926     283   297   164   225  1060.  2061.  7475. 11518. 21054.   .55  4.91  764.  2.75  125.  664.  169.    327. 294.   0.   0.  4.25 114.6   6.5 -87.0  13.3 260.0 276.8  28.0    .0  76.1  39.1  32.6
1927     283   299   162   217   832.  1584.  6981.  9061. 17626.   .51  3.76  647.  2.72  185.  562.  189.    232. 325.   0.   0.  4.18 102.5   6.4 -94.5  11.2 260.0 251.4  33.1    .0  70.1  38.7  32.2
1928     283   297   168   216  1088.  2088.  7760.  5878. 15725.   .37  4.96  786.  2.00  208.  618.  165.    258. 403.   0.   0.  3.72 102.1   6.4 -62.4  12.4 260.0 271.5  44.8    .0  57.9  38.7  32.2
1929     283   294   160   208  1439.  2743.  8621. 10154. 21519.   .47  6.40  748.  2.88  101.  638.  143.    354. 242.   0.   0.  4.33 115.5   6.5 -44.5  12.8 260.0 329.3  17.3    .0  65.3  39.2  32.6
1930     283   293   160   209  1255.  2353.  7616.  5488. 15457.   .36  5.53  775.  1.99  216.  578.  149.    283. 362.   0.   0.  3.58 105.9   6.5 -69.8  11.6 260.0 272.4  38.9    .0  56.7  38.8  32.4

 MEANS over  29 years  :
        283.  297.  167.  219.  1152.  2198.  7751.  8451. 18401.   .45  5.19  770.  2.41  169.  547.  164.    284. 268.   0.   0.  4.09 106.4   6.5 -74.4  10.9 260.0 282.7  24.1    .0  65.4  38.8  32.3
 STANDARD DEVIATIONS  :
          0.    2.    5.    7.   180.   340.   564.  2500.  2419.   .11   .78   81.   .36   38.   98.   18.     31.  63.   0.   0.   .33   7.1    .1  24.6   2.0    .0  25.9   9.0    .0   9.1    .3    .3
 VARIATION COEFFICIENTS (%)  : 
          .0    .7   3.1   3.2   15.7   15.5    7.3   29.6   13.1  23.6  15.1  10.5  15.0  22.6  17.9  11.0    11.0 23.7   .0   .0   8.1   6.6    .8  33.1  17.9    .0   9.2  37.2    .0  14.0    .8    .8



*** RESULTS OF CROP GROWTH MODEL NWHEAT *** SUMMARY OF OUTPUT FOR WINTER WHEAT AND YIELD STATISTICS ***

Name of run: RCCP1, Station= CC   , Soil=   1, Crop=   1, Organic M.=   1, Nsoil=   1, IRR=   1, Runof=  .00
 Roth., UKTR scen.(Micha) dec.66-75,no Var.change, pot. prod., CO2 353 ppm       


YEAR     SOW EMERG  ANTH  HALT   WRT   WLV    WST   WGR    TAGB     HI  LAIM PARAB  RUE   DWAV RAIN  ESOIL   TRANS DRAIN RUNOF IRR  WUE MINOM MINFM DNTOT NRAIN NGIFT NUPT  NLEACH NIMMO  NUE  DNFM  NBIOM
1902     283   291   154   201  1454.  2511.  8084. 10699. 21294.   .50  5.87  826.  2.58   65.  510.  101.    345. 319.   0. 190.  4.78 135.1   6.6 -92.9  10.2 260.0 288.7  26.2    .0  73.7  39.6  33.0
1903     283   293   153   189  1066.  1949.  7509.  8976. 18434.   .49  4.60  704.  2.62   74.  537.  142.    311. 307.   0. 150.  4.07 124.1   6.6-119.4  10.7 260.0 249.8  29.3    .0  73.8  39.4  32.8
1904     283   295   151   196   909.  1694.  7627.  9398. 18720.   .50  4.02  742.  2.52   82.  352.  151.    287. 141.   0. 144.  4.28 122.2   6.6-154.6   7.0 260.0 231.1   8.3    .0  81.0  39.3  32.8
1905     283   293   152   193  1184.  2128.  7581.  8507. 18215.   .47  4.96  685.  2.66   68.  591.  141.    281. 317.   0.  80.  4.32 125.0   6.6-113.0  11.8 260.0 258.3  29.0    .0  70.5  39.4  32.8
1906     283   298   149   198   714.  1315.  5969.  7792. 15076.   .52  3.15  553.  2.73   69.  660.  181.    213. 356.   0.  20.  3.83 125.7   6.6-166.0  13.2 260.0 201.3  37.3    .0  74.9  39.4  32.8
1907     283   294   156   208  1365.  2552.  7364. 11666. 21582.   .54  6.00  809.  2.67   81.  471.  115.    364. 263.   0. 190.  4.50 125.9   6.6 -74.8   9.4 260.0 300.7  22.8    .0  71.8  39.4  32.8
1908     283   295   152   195  1128.  2128.  7663. 10207. 19998.   .51  5.04  722.  2.77   75.  490.  135.    328. 297.   0. 196.  4.31 123.4   6.6 -96.3   9.8 260.0 271.4  29.3    .0  73.7  39.3  32.8
1909     283   296   161   200  1049.  1981.  7635.  7778. 17394.   .45  4.70  651.  2.67   82.  576.  146.    250. 351.   0.  89.  4.40 115.5   6.5 -99.5  11.5 260.0 253.8  37.6    .0  68.5  39.2  32.6
1910     283   296   152   195   945.  1799.  7746.  9466. 19010.   .50  4.27  692.  2.75   40.  648.  141.    267. 350.   0.  70.  4.66 119.5   6.5-131.2  13.0 260.0 233.8  32.1    .0  81.3  39.3  32.7
1911     283   295   148   201   997.  1845.  7504.  9855. 19204.   .51  4.37  703.  2.73   87.  436.  141.    314. 208.   0. 140.  4.22 127.1   6.6-146.1   8.7 260.0 238.8  15.2    .0  80.4  39.4  32.9
1912     283   293   157   203  1036.  1935.  7677. 10162. 19775.   .51  4.61  805.  2.46   76.  521.  152.    280. 272.   0. 106.  4.58 122.7   6.6-109.9  10.4 260.0 263.2  24.3    .0  75.1  39.3  32.8
1913     283   296   164   211  1209.  2300.  8110.  9823. 20232.   .49  5.41  775.  2.61   57.  651.  164.    328. 333.   0. 117.  4.11 114.4   6.5 -72.1  13.0 260.0 284.9  34.0    .0  71.0  39.1  32.6
1914     283   293   153   196  1317.  2360.  9135. 10109. 21605.   .47  5.54  835.  2.59   69.  411.  119.    341. 199.   0. 180.  4.69 128.3   6.6-107.6   8.2 260.0 277.8  14.0    .0  77.8  39.4  32.9
1915     283   292   153   198  1024.  1877.  7245.  9183. 18305.   .50  4.43  688.  2.66   52.  597.  139.    301. 320.   0. 110.  4.16 124.7   6.6-123.9  11.9 260.0 246.7  30.3    .0  74.2  39.4  32.8
1916     283   297   151   202   939.  1742.  7452. 10257. 19451.   .53  4.17  768.  2.53   80.  502.  141.    291. 267.   0. 118.  4.50 129.8   6.6-131.5  10.0 260.0 252.8  19.5    .0  77.0  39.5  32.9
1917     283   294   160   209  1238.  2368.  8567. 10228. 21163.   .48  5.57  787.  2.69   74.  475.  139.    315. 254.   0. 160.  4.66 119.7   6.5 -90.0   9.5 260.0 280.6  22.1    .0  75.4  39.3  32.7
1918     283   294   155   191  1294.  2467.  8906.  8440. 19814.   .43  5.81  776.  2.55   69.  336.  123.    354. 198.   0. 270.  4.15 117.4   6.5 -66.5   6.7 260.0 306.0  14.2    .0  64.7  39.2  32.7
1919     283   295   155   197  1335.  2442.  8411. 10236. 21089.   .49  5.76  867.  2.43   49.  496.  114.    331. 260.   0. 160.  4.74 126.3   6.6 -83.1   9.9 260.0 293.6  22.4    .0  71.8  39.4  32.8
1920     283   293   153   206  1292.  2342.  8364. 12086. 22793.   .53  5.54  881.  2.59   79.  528.  125.    335. 284.   0. 137.  4.96 129.6   6.6 -82.4  10.6 260.0 295.8  25.6    .0  77.1  39.5  32.9
1921     283   294   146   196   780.  1451.  5998.  9339. 16789.   .56  3.47  603.  2.78   74.  674.  169.    250. 339.   0.  10.  4.01 130.5   6.6-169.0  13.5 260.0 206.0  34.1    .0  81.5  39.5  32.9
1922     283   294   149   196  1060.  1944.  7362. 10145. 19451.   .52  4.63  751.  2.59   63.  564.  136.    332. 346.   0. 186.  4.16 138.1   6.6-119.9  11.3 260.0 259.5  34.2    .0  75.0  39.6  33.0
1923     283   295   155   200  1132.  2053.  7576.  9914. 19543.   .51  4.84  752.  2.60   81.  699.  148.    327. 435.   0. 130.  4.12 127.2   6.6 -96.6  14.0 260.0 262.1  46.5    .0  74.6  39.4  32.9
1924     283   296   151   195  1167.  2203.  8048. 10125. 20376.   .50  5.24  824.  2.47   72.  627.  132.    340. 376.   0. 150.  4.32 128.6   6.6 -75.9  12.5 260.0 289.7  39.3    .0  70.3  39.5  32.9
1925     283   295   154   202  1459.  2739.  8661. 11842. 23242.   .51  6.46  948.  2.45   72.  441.  115.    442. 254.   0. 298.  4.17 130.0   6.6 -55.4   8.8 260.0 326.1  20.0    .0  71.3  39.5  32.9
1926     283   294   149   196  1115.  2124.  7440. 10481. 20045.   .52  5.05  700.  2.86   41.  683.  122.    321. 330.   0.  50.  4.52 124.6   6.6-104.4  13.7 260.0 264.7  33.3    .0  75.7  39.4  32.8
1927     283   296   146   196   800.  1513.  6695.  9510. 17718.   .54  3.64  626.  2.83   88.  547.  160.    237. 358.   0. 120.  4.46 125.1   6.6-129.4  10.9 260.0 233.1  39.1    .0  76.0  39.4  32.8
1928     283   295   153   197  1042.  1953.  8430.  9880. 20263.   .49  4.63  782.  2.59   72.  657.  144.    326. 458.   0. 200.  4.31 128.0   6.6-101.5  13.1 260.0 252.7  51.1    .0  80.2  39.4  32.9
1929     283   292   147   187  1372.  2547.  8009.  9589. 20145.   .48  5.94  694.  2.90   69.  635.  118.    348. 238.   0.   0.  4.32 126.4   6.6 -90.9  12.7 260.0 291.9  18.8    .0  69.0  39.4  32.8
1930     283   292   147   194  1270.  2318.  7540. 11057. 20914.   .53  5.45  780.  2.68   75.  602.  130.    391. 386.   0. 230.  4.01 134.3   6.6 -87.9  12.0 260.0 281.9  39.8    .0  74.2  39.5  33.0
1931     283   293   153   197  1349.  2487.  7724. 10398. 20609.   .50  5.79  779.  2.65   78.  425.  138.    356. 207.   0. 198.  4.17 125.8   6.6 -93.9   8.5 260.0 287.8  15.4    .0  71.6  39.4  32.8

 MEANS over  30 years  :
        283.  294.  153.  198.  1135.  2102.  7734.  9905. 19742.   .50  4.97  750.  2.64   70.  545.  137.    317. 301.   0. 140.  4.35 125.8   6.6-106.2  10.9 260.0 266.2  28.2    .0  74.4  39.4  32.8
 STANDARD DEVIATIONS  :
          0.    2.    4.    5.   194.   350.   702.  1005.  1696.   .03   .80   83.   .12   12.   98.   17.     46.  71.   0.  69.   .26   5.2    .0  28.1   2.0    .0  28.5  10.1    .0   4.0    .1    .1
 VARIATION COEFFICIENTS (%)  : 
          .0    .5   2.7   2.7   17.1   16.6    9.1   10.1    8.6   5.5  16.1  11.1   4.5  16.9  18.0  12.7    14.5 23.6   .0 49.4   6.0   4.2    .3  26.5  18.0    .0  10.7  35.8    .0   5.3    .3    .3



*** RESULTS OF CROP GROWTH MODEL NWHEAT *** SUMMARY OF OUTPUT FOR WINTER WHEAT AND YIELD STATISTICS ***

Name of run: RCCW1, Station= CC   , Soil=   1, Crop=   1, Organic M.=   1, Nsoil=   1, IRR=   0, Runof=  .00
 Roth., UKTR scen.(Micha) dec.66-75,no Var.change,wat-lim. prod.,CO2 353ppm      


YEAR     SOW EMERG  ANTH  HALT   WRT   WLV    WST   WGR    TAGB     HI  LAIM PARAB  RUE   DWAV RAIN  ESOIL   TRANS DRAIN RUNOF IRR  WUE MINOM MINFM DNTOT NRAIN NGIFT NUPT  NLEACH NIMMO  NUE  DNFM  NBIOM
1902     283   291   154   201  1455.  2511.  7039.  7856. 17406.   .45  5.87  813.  2.14  200.  510.   99.    292. 319.   0.   0.  4.45 124.8   6.6 -91.2  10.2 260.0 280.4  26.2    .0  62.1  39.4  32.8
1903     283   293   153   189  1066.  1949.  7423.  7226. 16598.   .44  4.60  702.  2.36  194.  537.  142.    281. 307.   0.   0.  3.92 117.0   6.5-106.8  10.7 260.0 255.2  29.3    .0  65.0  39.2  32.7
1904     283   295   151   196   867.  1620.  6391.  8740. 16752.   .52  3.85  723.  2.32  187.  352.  154.    255. 129.   0.   0.  4.09 113.0   6.5-148.3   7.0 260.0 229.3   7.4    .0  73.1  39.1  32.6
1905     283   293   152   193  1184.  2128.  7580.  8505. 18212.   .47  4.96  685.  2.66  147.  591.  141.    281. 317.   0.   0.  4.32 122.5   6.6-108.1  11.8 260.0 260.7  29.0    .0  69.9  39.3  32.8
1906     283   298   149   198   714.  1315.  5969.  7791. 15075.   .52  3.15  553.  2.73   88.  660.  180.    213. 356.   0.   0.  3.84 125.4   6.6-165.7  13.2 260.0 201.3  37.3    .0  74.9  39.4  32.8
1907     283   294   156   208  1365.  2552.  7255.  7342. 17150.   .43  6.00  789.  2.17  206.  471.  117.    297. 263.   0.   0.  4.14 114.0   6.5 -72.0   9.4 260.0 292.3  22.8    .0  58.7  39.1  32.6
1908     283   295   152   195  1108.  2095.  7578.  6732. 16406.   .41  4.97  699.  2.35  211.  490.  138.    270. 292.   0.   0.  4.01 112.6   6.5 -95.1   9.8 260.0 262.8  28.6    .0  62.4  39.1  32.6
1909     283   296   161   200  1048.  1982.  7639.  7779. 17399.   .45  4.71  651.  2.67  162.  576.  144.    250. 343.   0.   0.  4.41 112.0   6.5 -93.8  11.5 260.0 257.2  36.4    .0  67.7  39.0  32.5
1910     283   296   152   195   945.  1799.  7744.  9466. 19008.   .50  4.27  692.  2.75  104.  648.  135.    267. 350.   0.   0.  4.73 116.1   6.5-125.9  13.0 260.0 235.6  32.1    .0  80.7  39.2  32.6
1911     283   295   148   201   997.  1845.  6515.  9855. 18215.   .54  4.37  701.  2.60  208.  436.  136.    300. 208.   0.   0.  4.18 119.5   6.5-135.4   8.7 260.0 241.6  15.2    .0  75.4  39.3  32.7
1912     283   293   157   203  1026.  1917.  7651. 10115. 19683.   .51  4.57  801.  2.46  176.  521.  152.    278. 266.   0.   0.  4.57 116.5   6.5-101.8  10.4 260.0 265.9  23.5    .0  74.0  39.2  32.6
1913     283   296   164   211  1199.  2284.  8093.  9194. 19571.   .47  5.37  772.  2.54  156.  651.  165.    315. 327.   0.   0.  4.08 109.6   6.5 -62.8  13.0 260.0 290.2  33.1    .0  67.4  39.0  32.5
1914     283   293   153   196  1317.  2360.  7524.  8853. 18737.   .47  5.54  830.  2.26  205.  411.  120.    297. 199.   0.   0.  4.49 119.7   6.5-105.8   8.2 260.0 271.2  14.0    .0  69.1  39.3  32.7
1915     283   292   153   198  1024.  1877.  7244.  9181. 18302.   .50  4.43  688.  2.66  161.  597.  138.    301. 320.   0.   0.  4.17 118.6   6.5-114.5  11.9 260.0 250.0  30.3    .0  73.2  39.2  32.7
1916     283   297   151   202   902.  1679.  7333.  9725. 18737.   .52  4.02  755.  2.48  182.  502.  145.    277. 261.   0.   0.  4.44 122.2   6.6-121.7  10.0 260.0 255.5  19.0    .0  73.3  39.3  32.8
1917     283   294   160   209  1238.  2368.  6619.  8935. 17921.   .50  5.57  779.  2.30  198.  475.  142.    276. 254.   0.   0.  4.28 109.4   6.5 -77.0   9.5 260.0 283.1  22.1    .0  63.3  39.0  32.5
1918     283   294   155   191  1284.  2459.  7952.   798. 11210.   .07  5.76  739.  1.52  209.  336.  139.    208. 198.   0.   0.  3.23  97.2   6.4 -66.7   6.7 260.0 285.5  14.2    .0  39.3  38.4  32.0
1919     283   295   155   197  1335.  2442.  8370.  6508. 17319.   .38  5.76  858.  2.02  165.  496.  118.    283. 260.   0.   0.  4.32 116.9   6.5 -68.3   9.9 260.0 298.8  22.4    .0  58.0  39.2  32.7
1920     283   293   153   206  1248.  2277.  8287. 11493. 22056.   .52  5.39  869.  2.54  191.  528.  121.    319. 279.   0.   0.  5.01 123.8   6.6 -72.8  10.6 260.0 299.8  25.2    .0  73.6  39.4  32.8
1921     283   294   146   196   780.  1451.  5998.  9339. 16789.   .56  3.47  603.  2.78   84.  674.  169.    250. 339.   0.   0.  4.01 130.1   6.6-168.6  13.5 260.0 206.0  34.1    .0  81.5  39.5  32.9
1922     283   294   149   196  1058.  1941.  7297.  7145. 16384.   .44  4.62  735.  2.23  190.  564.  133.    281. 340.   0.   0.  3.96 128.0   6.6-115.2  11.3 260.0 254.8  33.5    .0  64.3  39.4  32.9
1923     283   295   155   200  1131.  2053.  7531.  8738. 18322.   .48  4.84  751.  2.44  195.  699.  147.    311. 435.   0.   0.  4.00 117.9   6.5 -81.4  14.0 260.0 267.9  46.5    .0  68.4  39.2  32.7
1924     283   296   151   195  1167.  2203.  8025.  7679. 17908.   .43  5.24  815.  2.20  191.  627.  134.    307. 376.   0.   0.  4.06 120.4   6.5 -65.8  12.5 260.0 291.6  39.3    .0  61.4  39.3  32.7
1925     283   295   154   202  1413.  2670.  8575.  2847. 14092.   .20  6.31  887.  1.59  212.  441.  122.    281. 249.   0.   0.  3.49 112.5   6.5 -60.4   8.8 260.0 304.4  19.7    .0  46.3  39.1  32.5
1926     283   294   149   196  1115.  2124.  7438. 10479. 20042.   .52  5.05  700.  2.86   91.  683.  122.    321. 330.   0.   0.  4.52 124.2   6.6-101.2  13.7 260.0 267.4  33.3    .0  74.9  39.4  32.8
1927     283   296   146   196   800.  1513.  6695.  9509. 17717.   .54  3.64  626.  2.83  195.  547.  146.    237. 358.   0.   0.  4.62 116.2   6.5-119.7  10.9 260.0 233.8  39.1    .0  75.8  39.2  32.6
1928     283   295   153   197  1042.  1953.  7258.  7607. 16818.   .45  4.63  769.  2.19  205.  657.  137.    266. 458.   0.   0.  4.17 117.0   6.5 -95.0  13.1 260.0 248.2  51.1    .0  67.8  39.2  32.7
1929     283   292   147   187  1372.  2547.  8009.  9589. 20145.   .48  5.94  694.  2.90   69.  635.  118.    348. 238.   0.   0.  4.32 126.4   6.6 -90.9  12.7 260.0 291.9  18.8    .0  69.0  39.4  32.8
1930     283   292   147   194  1270.  2318.  7444.  5622. 15383.   .37  5.45  750.  2.05  214.  602.  125.    304. 386.   0.   0.  3.58 122.2   6.6 -85.2  12.0 260.0 272.9  39.8    .0  56.4  39.3  32.8
1931     283   293   153   197  1347.  2485.  7685.  7202. 17372.   .41  5.79  767.  2.26  212.  425.  140.    298. 200.   0.   0.  3.97 116.6   6.5 -95.1   8.5 260.0 278.4  14.5    .0  62.4  39.2  32.6

 MEANS over  30 years  :
        283.  294.  153.  198.  1127.  2091.  7405.  8062. 17558.   .45  4.94  740.  2.39  174.  545.  137.    282. 299.   0.   0.  4.18 118.1   6.5-100.4  10.9 260.0 264.5  27.9    .0  67.0  39.2  32.7
 STANDARD DEVIATIONS  :
          0.    2.    4.    5.   194.   350.   638.  2116.  1981.   .10   .80   76.   .33   43.   98.   17.     30.  72.   0.   0.   .36   6.5    .0  28.2   2.0    .0  25.9  10.1    .0   9.1    .2    .2
 VARIATION COEFFICIENTS (%)  : 
          .0    .5   2.7   2.7   17.2   16.7    8.6   26.2   11.3  21.7  16.2  10.3  13.9  24.6  18.0  12.1    10.7 24.2   .0   .0   8.7   5.5    .5  28.1  18.0    .0   9.8  36.3    .0  13.6    .5    .5



*** RESULTS OF CROP GROWTH MODEL NWHEAT *** SUMMARY OF OUTPUT FOR WINTER WHEAT AND YIELD STATISTICS ***

Name of run: RCCP3, Station= CC   , Soil=   1, Crop=   3, Organic M.=   1, Nsoil=   1, IRR=   1, Runof=  .00
 Roth., UKTR scen.(Micha) dec.66-75,no Var.change, pot. prod., CO2 617 ppm       


YEAR     SOW EMERG  ANTH  HALT   WRT   WLV    WST   WGR    TAGB     HI  LAIM PARAB  RUE   DWAV RAIN  ESOIL   TRANS DRAIN RUNOF IRR  WUE MINOM MINFM DNTOT NRAIN NGIFT NUPT  NLEACH NIMMO  NUE  DNFM  NBIOM
1902     283   291   154   201  1548.  2688. 10447. 11723. 24857.   .47  5.81  818.  3.04   66.  510.  104.    316. 326.   0. 170.  5.91 135.1   6.6 -74.5  10.2 260.0 306.7  26.4    .0  81.0  39.6  33.0
1903     283   293   153   189  1130.  2078.  9978.  9905. 21961.   .45  4.54  696.  3.16   78.  537.  145.    280. 310.   0. 120.  5.17 123.9   6.6-102.2  10.7 260.0 266.1  29.7    .0  82.5  39.4  32.8
1904     283   295   151   196   968.  1818. 10201. 10130. 22149.   .46  4.00  733.  3.02   80.  352.  154.    259. 143.   0. 124.  5.36 121.7   6.6-137.1   7.0 260.0 247.7   8.6    .0  89.4  39.3  32.8
1905     283   293   152   193  1272.  2307.  8867. 10125. 21299.   .48  4.98  676.  3.15   72.  591.  144.    255. 324.   0.  60.  5.34 124.9   6.6 -85.6  11.8 260.0 284.5  29.7    .0  74.9  39.4  32.8
1906     283   298   149   198   754.  1388.  6774.  9139. 17301.   .53  3.08  541.  3.20   69.  660.  185.    187. 359.   0.   0.  4.66 125.5   6.6-147.8  13.2 260.0 218.7  37.8    .0  79.1  39.4  32.8
1907     283   294   156   208  1457.  2758.  9162. 13173. 25094.   .52  5.99  799.  3.14   84.  471.  118.    331. 265.   0. 160.  5.59 125.2   6.6 -58.0   9.4 260.0 316.4  23.1    .0  79.3  39.4  32.8
1908     283   295   152   195  1204.  2286.  9386. 11870. 23543.   .50  5.01  716.  3.29   79.  490.  137.    298. 300.   0. 166.  5.40 123.7   6.6 -72.5   9.8 260.0 295.0  29.6    .0  79.8  39.4  32.8
1909     283   296   161   200  1096.  2075.  8642.  9327. 20043.   .47  4.55  634.  3.16   81.  576.  152.    221. 354.   0.  69.  5.38 115.0   6.5 -79.9  11.5 260.0 272.4  38.0    .0  73.6  39.1  32.6
1910     283   296   152   195   992.  1904. 10418. 10120. 22442.   .45  4.19  680.  3.30   38.  648.  145.    238. 363.   0.  60.  5.87 118.9   6.5-115.0  13.0 260.0 248.6  32.6    .0  90.3  39.2  32.7
1911     283   295   148   201  1057.  1969.  9642. 10813. 22424.   .48  4.31  691.  3.24   92.  436.  145.    281. 212.   0. 110.  5.27 126.6   6.6-125.4   8.7 260.0 258.7  15.6    .0  86.7  39.4  32.8
1912     283   293   157   203  1072.  2003.  9325. 11295. 22622.   .50  4.41  786.  2.88   70.  521.  159.    247. 282.   0.  96.  5.57 122.9   6.6 -94.8  10.4 260.0 277.8  24.9    .0  81.4  39.3  32.8
1913     283   296   164   211  1263.  2419.  9110. 11654. 23183.   .50  5.26  759.  3.05   59.  651.  169.    292. 336.   0.  87.  5.03 114.2   6.5 -51.9  13.0 260.0 304.4  34.4    .0  76.2  39.1  32.6
1914     283   293   153   196  1398.  2524. 11616. 11016. 25156.   .44  5.48  827.  3.04   74.  411.  122.    311. 202.   0. 150.  5.81 128.2   6.6 -87.9   8.2 260.0 296.9  14.2    .0  84.7  39.4  32.9
1915     283   292   153   198  1070.  1969.  8376. 10970. 21316.   .51  4.31  673.  3.17   44.  597.  145.    267. 330.   0. 100.  5.18 124.7   6.6-106.4  11.9 260.0 263.4  31.0    .0  80.9  39.4  32.8
1916     283   297   151   202   992.  1852.  8521. 12024. 22396.   .54  4.10  761.  2.94   80.  502.  144.    261. 274.   0.  98.  5.54 129.7   6.6-114.2  10.0 260.0 269.9  19.9    .0  83.0  39.5  32.9
1917     283   294   160   209  1302.  2507. 11034. 11039. 24580.   .45  5.46  777.  3.16   82.  475.  143.    286. 256.   0. 130.  5.72 119.4   6.5 -73.9   9.5 260.0 295.8  22.4    .0  83.1  39.3  32.7
1918     283   294   155   191  1352.  2591.  9914. 10278. 22784.   .45  5.64  762.  2.99   72.  336.  127.    321. 200.   0. 240.  5.09 117.0   6.5 -52.1   6.7 260.0 319.5  14.4    .0  71.3  39.2  32.7
1919     283   295   155   197  1432.  2644.  9639. 12350. 24633.   .50  5.75  860.  2.87   45.  496.  116.    301. 263.   0. 140.  5.90 126.4   6.6 -57.9   9.9 260.0 318.1  22.8    .0  77.4  39.4  32.8
1920     283   293   153   206  1369.  2503. 10049. 13763. 26316.   .52  5.47  871.  3.02   78.  528.  128.    305. 291.   0. 117.  6.08 129.1   6.6 -56.9  10.6 260.0 320.0  26.2    .0  82.2  39.5  32.9
1921     283   294   146   196   833.  1553.  8076. 10139. 19769.   .51  3.43  596.  3.32   66.  674.  172.    221. 347.   0.   0.  5.03 130.3   6.6-151.4  13.5 260.0 222.9  34.8    .0  88.7  39.5  32.9
1922     283   294   149   196  1148.  2110.  8823. 11985. 22918.   .52  4.64  749.  3.06   68.  564.  137.    302. 350.   0. 156.  5.23 138.2   6.6 -96.2  11.3 260.0 282.9  34.5    .0  81.0  39.6  33.0
1923     283   295   155   200  1227.  2238.  9158. 11630. 23027.   .51  4.88  746.  3.09   89.  699.  149.    297. 442.   0. 100.  5.17 126.9   6.6 -69.7  14.0 260.0 288.0  46.9    .0  80.0  39.4  32.9
1924     283   296   151   195  1238.  2354.  8903. 12093. 23350.   .52  5.17  817.  2.86   65.  627.  135.    308. 379.   0. 130.  5.28 128.2   6.6 -60.1  12.5 260.0 304.6  39.7    .0  76.7  39.4  32.9
1925     283   295   154   202  1557.  2949.  9860. 14213. 27022.   .53  6.43  940.  2.87   70.  441.  118.    403. 258.   0. 268.  5.18 129.8   6.6 -39.7   8.8 260.0 341.0  20.4    .0  79.2  39.5  32.9
1926     283   294   149   196  1177.  2264.  9224. 11783. 23271.   .51  4.98  689.  3.38   36.  683.  127.    289. 334.   0.  30.  5.60 124.7   6.6 -89.3  13.7 260.0 279.1  33.9    .0  83.4  39.4  32.8
1927     283   296   146   196   851.  1625.  7954. 10912. 20491.   .53  3.61  618.  3.31   89.  547.  162.    211. 363.   0. 100.  5.49 124.5   6.6-109.7  10.9 260.0 251.4  39.8    .0  81.5  39.4  32.8
1928     283   295   153   197  1101.  2078. 11012. 10631. 23721.   .45  4.56  771.  3.07   76.  657.  148.    292. 463.   0. 170.  5.40 127.8   6.6 -85.2  13.1 260.0 268.2  51.4    .0  88.4  39.4  32.9
1929     283   292   147   187  1473.  2772.  9114. 11461. 23347.   .49  5.97  689.  3.39   56.  635.  120.    319. 252.   0.   0.  5.32 126.5   6.6 -74.1  12.7 260.0 307.6  19.6    .0  75.9  39.4  32.8
1930     283   292   147   194  1373.  2537.  9537. 12629. 24703.   .51  5.50  774.  3.19   78.  602.  132.    357. 392.   0. 200.  5.06 134.1   6.6 -67.3  12.0 260.0 301.9  40.0    .0  81.8  39.5  33.0
1931     283   293   153   197  1440.  2670.  9527. 12121. 24318.   .50  5.74  772.  3.15   73.  425.  140.    326. 209.   0. 178.  5.22 125.9   6.6 -69.2   8.5 260.0 311.9  15.6    .0  78.0  39.4  32.8

 MEANS over  30 years  :
        283.  294.  153.  198.  1205.  2248.  9410. 11344. 23001.   .49  4.91  741.  3.12   70.  545.  141.    286. 306.   0. 118.  5.39 125.6   6.6 -86.9  10.9 260.0 284.7  28.6    .0  81.1  39.4  32.8
 STANDARD DEVIATIONS  :
          0.    2.    4.    5.   210.   383.   977.  1187.  1978.   .03   .81   84.   .15   14.   98.   18.     44.  72.   0.  64.   .31   5.3    .0  28.5   2.0    .0  29.0  10.1    .0   4.6    .1    .1
 VARIATION COEFFICIENTS (%)  : 
          .0    .5   2.7   2.7   17.4   17.0   10.4   10.5    8.6   6.0  16.4  11.3   4.7  20.2  18.0  12.5    15.4 23.4   .0 54.2   5.8   4.2    .3  32.8  18.0    .0  10.2  35.3    .0   5.6    .3    .3



*** RESULTS OF CROP GROWTH MODEL NWHEAT *** SUMMARY OF OUTPUT FOR WINTER WHEAT AND YIELD STATISTICS ***

Name of run: RCCW3, Station= CC   , Soil=   1, Crop=   3, Organic M.=   1, Nsoil=   1, IRR=   0, Runof=  .00
 Roth., UKTR scen.(Micha) dec.66-75,no Var.change,wat-lim. prod.,CO2 617ppm      


YEAR     SOW EMERG  ANTH  HALT   WRT   WLV    WST   WGR    TAGB     HI  LAIM PARAB  RUE   DWAV RAIN  ESOIL   TRANS DRAIN RUNOF IRR  WUE MINOM MINFM DNTOT NRAIN NGIFT NUPT  NLEACH NIMMO  NUE  DNFM  NBIOM
1902     283   291   154   201  1548.  2688.  8070. 10453. 21211.   .49  5.81  812.  2.61  199.  510.  102.    282. 326.   0.   0.  5.52 125.7   6.6 -70.6  10.2 260.0 301.3  26.4    .0  70.4  39.4  32.8
1903     283   293   153   189  1130.  2078.  8950.  9905. 20933.   .47  4.54  696.  3.01  187.  537.  144.    270. 310.   0.   0.  5.06 118.6   6.5 -89.3  10.7 260.0 273.7  29.7    .0  76.5  39.2  32.7
1904     283   295   151   196   922.  1737.  9418.  9921. 21075.   .47  3.82  716.  2.94  180.  352.  157.    243. 132.   0.   0.  5.27 114.5   6.5-132.5   7.0 260.0 246.2   7.6    .0  85.6  39.1  32.6
1905     283   293   152   193  1272.  2307.  8866. 10124. 21298.   .48  4.98  676.  3.15  132.  591.  143.    255. 324.   0.   0.  5.34 123.0   6.6 -83.1  11.8 260.0 285.2  29.7    .0  74.7  39.3  32.8
1906     283   298   149   198   754.  1388.  6774.  9139. 17301.   .53  3.08  541.  3.20   69.  660.  185.    187. 359.   0.   0.  4.66 125.5   6.6-147.8  13.2 260.0 218.7  37.8    .0  79.1  39.4  32.8
1907     283   294   156   208  1457.  2758.  8270. 10796. 21823.   .49  5.99  791.  2.76  205.  471.  118.    292. 265.   0.   0.  5.32 115.7   6.5 -53.3   9.4 260.0 311.9  23.1    .0  70.0  39.2  32.6
1908     283   295   152   195  1182.  2249.  8635.  9824. 20707.   .47  4.93  704.  2.94  207.  490.  139.    264. 294.   0.   0.  5.13 114.2   6.5 -72.9   9.8 260.0 285.9  28.9    .0  72.4  39.1  32.6
1909     283   296   161   200  1095.  2076.  8648.  9332. 20056.   .47  4.56  634.  3.16  141.  576.  150.    221. 345.   0.   0.  5.40 112.7   6.5 -77.2  11.5 260.0 273.9  36.9    .0  73.2  39.1  32.6
1910     283   296   152   195   992.  1904. 10417. 10120. 22441.   .45  4.19  680.  3.30   92.  648.  138.    238. 363.   0.   0.  5.96 116.5   6.5-111.5  13.0 260.0 249.7  32.6    .0  89.9  39.2  32.6
1911     283   295   148   201  1057.  1969.  9471. 10813. 22253.   .49  4.31  691.  3.22  195.  436.  140.    279. 212.   0.   0.  5.30 121.4   6.6-110.8   8.7 260.0 267.1  15.6    .0  83.3  39.3  32.8
1912     283   293   157   203  1061.  1983.  9285. 11249. 22516.   .50  4.37  782.  2.88  160.  521.  160.    245. 276.   0.   0.  5.56 117.2   6.5 -89.9  10.4 260.0 277.8  24.1    .0  81.1  39.2  32.7
1913     283   296   164   211  1254.  2404.  9100. 11640. 23144.   .50  5.23  756.  3.06  138.  651.  170.    290. 329.   0.   0.  5.03 111.0   6.5 -46.3  13.0 260.0 307.7  33.5    .0  75.2  39.0  32.5
1914     283   293   153   196  1398.  2524.  9779. 11016. 23320.   .47  5.48  826.  2.82  203.  411.  122.    290. 202.   0.   0.  5.67 121.2   6.5 -83.3   8.2 260.0 294.5  14.2    .0  79.2  39.3  32.7
1915     283   292   153   198  1070.  1969.  8375. 10970. 21315.   .51  4.31  673.  3.17  143.  597.  143.    267. 330.   0.   0.  5.20 119.4   6.5-100.2  11.9 260.0 264.3  31.0    .0  80.7  39.3  32.7
1916     283   297   151   202   952.  1781.  8334. 11830. 21946.   .54  3.95  747.  2.94  167.  502.  148.    253. 268.   0.   0.  5.47 123.8   6.6-111.7  10.0 260.0 266.5  19.4    .0  82.3  39.4  32.8
1917     283   294   160   209  1302.  2507.  8716. 11039. 22262.   .50  5.46  775.  2.87  191.  475.  144.    266. 256.   0.   0.  5.43 111.2   6.5 -61.7   9.5 260.0 299.6  22.4    .0  74.3  39.0  32.5
1918     283   294   155   191  1348.  2595.  9645.  1206. 13446.   .09  5.63  738.  1.82  206.  336.  136.    206. 200.   0.   0.  3.93  97.9   6.4 -49.1   6.7 260.0 303.3  14.4    .0  44.3  38.4  32.0
1919     283   295   155   197  1432.  2644.  9460.  9889. 21993.   .45  5.75  856.  2.57  162.  496.  117.    277. 263.   0.   0.  5.58 118.0   6.5 -44.5   9.9 260.0 323.0  22.8    .0  68.1  39.2  32.7
1920     283   293   153   206  1321.  2428.  9989. 13629. 26045.   .52  5.31  859.  3.03  179.  528.  125.    297. 285.   0.   0.  6.18 124.7   6.6 -51.7  10.6 260.0 321.2  25.9    .0  81.1  39.4  32.8
1921     283   294   146   196   833.  1553.  8076. 10139. 19769.   .51  3.43  596.  3.32   66.  674.  172.    221. 347.   0.   0.  5.03 130.3   6.6-151.4  13.5 260.0 222.9  34.8    .0  88.7  39.5  32.9
1922     283   294   149   196  1146.  2106.  8382. 10126. 20614.   .49  4.63  744.  2.77  187.  564.  133.    274. 344.   0.   0.  5.07 129.5   6.6 -90.0  11.3 260.0 281.1  33.7    .0  73.3  39.5  32.9
1923     283   295   155   200  1227.  2238.  8915. 11480. 22633.   .51  4.88  746.  3.03  185.  699.  149.    293. 442.   0.   0.  5.12 120.1   6.5 -55.6  14.0 260.0 295.1  46.9    .0  76.7  39.3  32.7
1924     283   296   151   195  1238.  2354.  8859. 11424. 22636.   .50  5.17  817.  2.77  185.  627.  134.    299. 379.   0.   0.  5.23 122.1   6.6 -49.4  12.5 260.0 309.0  39.7    .0  73.3  39.3  32.8
1925     283   295   154   202  1502.  2861.  9677.  4917. 17455.   .28  6.24  884.  1.97  212.  441.  125.    274. 253.   0.   0.  4.37 113.4   6.5 -40.3   8.8 260.0 324.7  20.1    .0  53.7  39.1  32.6
1926     283   294   149   196  1177.  2264.  9222. 11783. 23269.   .51  4.98  689.  3.38   66.  683.  127.    289. 334.   0.   0.  5.60 124.5   6.6 -87.9  13.7 260.0 280.2  33.9    .0  83.0  39.4  32.8
1927     283   296   146   196   851.  1625.  7954. 10912. 20491.   .53  3.61  618.  3.31  176.  547.  149.    211. 363.   0.   0.  5.69 117.0   6.5-102.3  10.9 260.0 251.2  39.8    .0  81.6  39.2  32.7
1928     283   295   153   197  1101.  2078.  8156. 10429. 20662.   .50  4.56  765.  2.70  203.  657.  139.    257. 463.   0.   0.  5.21 118.2   6.5 -76.5  13.1 260.0 267.4  51.4    .0  77.3  39.2  32.7
1929     283   292   147   187  1473.  2772.  9114. 11461. 23347.   .49  5.97  689.  3.39   56.  635.  120.    319. 252.   0.   0.  5.32 126.5   6.6 -74.1  12.7 260.0 307.6  19.6    .0  75.9  39.4  32.8
1930     283   292   147   194  1373.  2537.  8576.  8348. 19461.   .43  5.50  753.  2.59  213.  602.  127.    296. 392.   0.   0.  4.60 123.2   6.6 -63.4  12.0 260.0 295.0  40.0    .0  66.0  39.3  32.8
1931     283   293   153   197  1439.  2668.  8801. 10222. 21691.   .47  5.74  767.  2.83  210.  425.  141.    292. 202.   0.   0.  5.01 117.9   6.5 -68.7   8.5 260.0 305.5  14.8    .0  71.0  39.2  32.7

 MEANS over  30 years  :
        283.  294.  153.  198.  1197.  2235.  8864. 10138. 21237.   .47  4.88  734.  2.92  164.  545.  140.    265. 304.   0.   0.  5.24 119.2   6.5 -81.6  10.9 260.0 283.7  28.4    .0  75.4  39.2  32.7
 STANDARD DEVIATIONS  :
          0.    2.    4.    5.   209.   383.   719.  2180.  2231.   .08   .80   78.   .36   48.   98.   17.     31.  73.   0.   0.   .44   6.4    .0  29.2   2.0    .0  27.1  10.2    .0   9.1    .2    .2
 VARIATION COEFFICIENTS (%)  : 
          .0    .5   2.7   2.7   17.5   17.1    8.1   21.5   10.5  17.8  16.5  10.7  12.3  29.2  18.0  12.3    11.8 24.0   .0   .0   8.4   5.4    .5  35.7  18.0    .0   9.6  35.9    .0  12.1    .5    .5



*** RESULTS OF CROP GROWTH MODEL NWHEAT *** SUMMARY OF OUTPUT FOR WINTER WHEAT AND YIELD STATISTICS ***

Name of run: RCVP1, Station= CCV  , Soil=   1, Crop=   1, Organic M.=   1, Nsoil=   1, IRR=   1, Runof=  .00
 Roth., UKTR scen.(Micha) dec.66-75, Var. change, pot. prod., CO2 353 ppm        


YEAR     SOW EMERG  ANTH  HALT   WRT   WLV    WST   WGR    TAGB     HI  LAIM PARAB  RUE   DWAV RAIN  ESOIL   TRANS DRAIN RUNOF IRR  WUE MINOM MINFM DNTOT NRAIN NGIFT NUPT  NLEACH NIMMO  NUE  DNFM  NBIOM
1902     283   291   155   198  1510.  2695.  7495. 10334. 20523.   .50  6.25  767.  2.68   22.  487.  108.    338. 259.   0. 197.  4.59 133.9   6.6 -77.4   9.7 260.0 307.0  20.9    .0  66.8  39.5  33.0
1903     283   295   153   184  1390.  2584.  8546.  8083. 19213.   .42  5.98  751.  2.56   58.  485.  130.    368. 334.   0. 290.  3.86 119.3   6.5 -61.8   9.7 260.0 296.5  32.3    .0  64.8  39.3  32.7
1904     283   293   151   194   922.  1722.  7627.  8352. 17701.   .47  4.08  657.  2.69   75.  769.  160.    267. 547.   0. 130.  4.14 124.5   6.6-113.8  15.4 260.0 225.4  65.5    .0  78.5  39.4  32.8
1905     283   295   152   192  1452.  2745.  8340.  9223. 20308.   .45  6.40  784.  2.59   67.  567.  127.    398. 359.   0. 250.  3.87 128.2   6.6 -58.4  11.3 260.0 305.4  38.2    .0  66.5  39.4  32.9
1906     283   299   159   207  1028.  1993.  7875. 10429. 20298.   .51  4.74  752.  2.70   96.  455.  142.    288. 371.   0. 250.  4.72 113.4   6.5 -85.2   9.1 260.0 259.9  41.8    .0  78.1  39.1  32.6
1907     283   293   154   212  1648.  3033.  7520. 12348. 22902.   .54  7.09  882.  2.60   75.  559.  106.    443. 342.   0. 257.  4.17 133.6   6.6 -53.5  11.2 260.0 319.9  34.0    .0  71.6  39.5  32.9
1908     283   293   153   198  1380.  2616.  8448. 10229. 21293.   .48  6.17  783.  2.72   47.  415.  103.    374. 223.   0. 237.  4.46 126.2   6.6 -75.8   8.3 260.0 303.9  17.8    .0  70.1  39.4  32.8
1909     283   302   153   193   857.  1626.  7227.  7214. 16067.   .45  3.88  616.  2.61   68.  509.  160.    243. 259.   0.  86.  3.98 118.2   6.5-146.8  10.2 260.0 223.3  23.0    .0  71.9  39.2  32.7
1910     283   294   149   186  1055.  1988.  7733.  8691. 18412.   .47  4.68  679.  2.71   60.  591.  138.    321. 379.   0. 186.  4.02 121.1   6.5 -99.5  11.8 260.0 254.7  42.7    .0  72.3  39.3  32.7
1911     283   299   153   199  1121.  2142.  8061.  9409. 19612.   .48  5.09  730.  2.69   74.  513.  118.    302. 317.   0. 150.  4.67 123.6   6.6 -76.7  10.3 260.0 288.3  32.9    .0  68.0  39.4  32.8
1912     283   299   150   204   771.  1461.  6753.  9511. 17725.   .54  3.50  688.  2.58   83.  627.  181.    264. 322.   0.  57.  3.98 120.2   6.5-151.8  12.5 260.0 214.1  32.4    .0  82.8  39.3  32.7
1913     283   299   152   213   756.  1438.  7127. 10068. 18633.   .54  3.45  726.  2.56   85.  438.  181.    279. 305.   0. 240.  4.06 122.2   6.6-149.2   8.8 260.0 217.8  29.9    .0  85.6  39.3  32.8
1914     283   296   154   197  1133.  2140.  8488.  9288. 19915.   .47  5.05  732.  2.72   53.  524.  121.    315. 308.   0. 167.  4.56 118.3   6.5-101.3  10.5 260.0 260.4  30.9    .0  76.5  39.2  32.7
1915     283   291   153   203  1285.  2314.  7494. 10909. 20717.   .53  5.42  860.  2.41   62.  300.  101.    362. 126.   0. 227.  4.47 129.5   6.6-103.1   6.0 260.0 288.2   7.4    .0  71.9  39.5  32.9
1916     283   305   146   198   853.  1632.  7367. 10262. 19262.   .53  3.92  712.  2.71   85.  364.  179.    286. 183.   0. 198.  4.15 123.0   6.6-148.9   7.3 260.0 234.8  11.9    .0  82.0  39.3  32.8
1917     283   295   157   218  1331.  2567.  8168. 12458. 23193.   .54  6.08  947.  2.45   74.  200.  136.    382.  32.   0. 276.  4.48 125.7   6.6 -84.7   4.0 260.0 307.4   1.3    .0  75.4  39.4  32.8
1918     283   299   147   201   786.  1497.  8419.  9152. 19068.   .48  3.59  676.  2.82   75.  479.  162.    275. 333.   0. 216.  4.37 121.5   6.6-143.1   9.6 260.0 218.9  34.5    .0  87.1  39.3  32.8
1919     283   295   148   186  1095.  2008.  7719.  9051. 18779.   .48  4.73  723.  2.60   44.  569.  137.    334. 360.   0. 217.  3.99 126.4   6.6-113.0  11.4 260.0 250.5  38.0    .0  75.0  39.4  32.8
1920     283   292   152   189  1295.  2353.  7865.  8352. 18570.   .45  5.45  693.  2.68   18.  629.  109.    357. 377.   0. 196.  3.99 123.6   6.6 -71.4  12.6 260.0 288.1  39.6    .0  64.5  39.4  32.8
1921     283   293   149   198  1146.  2127.  7660. 11016. 20803.   .53  5.01  837.  2.49   70.  743.  138.    326. 550.   0. 200.  4.49 129.9   6.6 -69.1  14.9 260.0 274.8  64.8    .0  75.7  39.5  32.9
1922     283   292   151   193  1409.  2603.  9171. 10154. 21928.   .46  6.10  856.  2.56   80.  587.  109.    406. 387.   0. 236.  4.26 129.8   6.6 -54.0  11.7 260.0 312.6  37.9    .0  70.2  39.5  32.9
1923     283   296   147   193  1155.  2162.  8056.  9111. 19328.   .47  5.09  724.  2.67   74.  518.  135.    333. 304.   0. 180.  4.13 127.3   6.6-102.7  10.4 260.0 270.4  28.4    .0  71.5  39.4  32.9
1924     283   298   146   195   852.  1621.  6639.  9671. 17931.   .54  3.88  715.  2.51   73.  617.  138.    268. 464.   0. 180.  4.41 123.8   6.6-114.2  12.3 260.0 235.2  52.0    .0  76.2  39.4  32.8
1925     283   298   154   203  1005.  1918.  7691.  9602. 19212.   .50  4.56  757.  2.54   67.  702.  152.    290. 477.   0. 150.  4.34 118.9   6.5 -84.4  14.0 260.0 257.5  55.8    .0  74.6  39.2  32.7
1926     283   292   152   200  1266.  2284.  8679.  9663. 20625.   .47  5.38  782.  2.64   40.  543.  124.    327. 289.   0. 158.  4.57 129.3   6.6 -87.0  10.9 260.0 291.1  25.7    .0  70.9  39.5  32.9
1927     283   293   143   204   936.  1785.  7823. 10803. 20412.   .53  4.26  772.  2.64   91.  383.  174.    310. 266.   0. 277.  4.22 128.6   6.6-134.3   7.6 260.0 243.4  23.7    .0  83.9  39.5  32.9
1928     283   296   150   195  1054.  2021.  7479.  8913. 18413.   .48  4.79  683.  2.70   70.  609.  141.    313. 414.   0. 190.  4.06 124.3   6.6 -88.8  12.2 260.0 263.2  48.7    .0  70.0  39.4  32.8
1929     283   297   150   189  1207.  2286.  8293. 10093. 20672.   .49  5.37  763.  2.71   74.  478.  147.    351. 311.   0. 256.  4.15 121.8   6.6 -83.4   9.6 260.0 281.9  29.4    .0  73.3  39.3  32.8
1930     283   292   150   207  1319.  2444. 10203. 12050. 24697.   .49  5.74  942.  2.62   72.  446.  138.    432. 265.   0. 318.  4.33 133.3   6.6 -85.2   8.9 260.0 297.3  23.5    .0  83.1  39.5  32.9
1931     283   294   152   195  1201.  2223.  7856.  8925. 19005.   .47  5.21  683.  2.78   66.  449.  138.    310. 143.   0.  76.  4.25 121.7   6.6-103.8   9.0 260.0 281.7   8.6    .0  67.5  39.3  32.8

 MEANS over  30 years  :
        283.  296.  151.  198.  1140.  2134.  7927.  9779. 19841.   .49  5.03  756.  2.63   67.  519.  138.    329. 320.   0. 202.  4.26 124.7   6.6 -97.4  10.4 260.0 269.1  32.4    .0  74.2  39.4  32.8
 STANDARD DEVIATIONS  :
          0.    3.    3.    8.   232.   412.   694.  1192.  1759.   .03   .93   79.   .09   18.  120.   23.     50. 111.   0.  61.   .24   4.9    .0  29.2   2.4    .0  31.3  15.2    .0   6.1    .1    .1
 VARIATION COEFFICIENTS (%)  : 
          .0   1.1   2.2   4.0   20.3   19.3    8.8   12.2    8.9   6.6  18.5  10.4   3.6  26.6  23.2  16.6    15.2 34.7   .0 30.5   5.6   3.9    .3  29.9  23.2    .0  11.6  46.8    .0   8.2    .3    .3



*** RESULTS OF CROP GROWTH MODEL NWHEAT *** SUMMARY OF OUTPUT FOR WINTER WHEAT AND YIELD STATISTICS ***

Name of run: RCVW1, Station= CCV  , Soil=   1, Crop=   1, Organic M.=   1, Nsoil=   1, IRR=   0, Runof=  .00
 Roth., UKTR scen.(Micha) dec.66-75, Var. change, wat-lim. prod.,CO2 353ppm      


YEAR     SOW EMERG  ANTH  HALT   WRT   WLV    WST   WGR    TAGB     HI  LAIM PARAB  RUE   DWAV RAIN  ESOIL   TRANS DRAIN RUNOF IRR  WUE MINOM MINFM DNTOT NRAIN NGIFT NUPT  NLEACH NIMMO  NUE  DNFM  NBIOM
1902     283   291   155   198  1493.  2673.  7342.  5692. 15707.   .36  6.20  743.  2.11  155.  487.  116.    273. 253.   0.   0.  4.04 121.5   6.6 -71.1   9.7 260.0 301.4  20.3    .0  52.1  39.3  32.8
1903     283   295   153   184  1389.  2580.  8528.  1237. 12344.   .10  5.98  732.  1.69  212.  485.  126.    237. 334.   0.   0.  3.40 103.0   6.5 -68.0   9.7 260.0 274.6  32.3    .0  44.9  38.7  32.3
1904     283   293   151   194   922.  1722.  7332.  8352. 17406.   .48  4.08  657.  2.65  195.  769.  155.    262. 547.   0.   0.  4.17 118.2   6.5-103.6  15.4 260.0 229.2  65.5    .0  76.0  39.2  32.7
1905     283   295   152   192  1451.  2745.  8129.  2610. 13483.   .19  6.39  769.  1.75  201.  567.  134.    276. 359.   0.   0.  3.30 113.6   6.5 -42.0  11.3 260.0 307.0  38.2    .0  43.9  39.1  32.6
1906     283   299   159   207  1014.  1967.  7771.  4400. 14138.   .31  4.68  720.  1.96  217.  455.  114.    196. 362.   0.   0.  4.56  92.6   6.3 -93.4   9.1 260.0 232.6  40.5    .0  60.8  38.1  31.7
1907     283   293   154   212  1610.  2980.  7261.  3918. 14158.   .28  6.97  832.  1.70  197.  559.  125.    294. 338.   0.   0.  3.38 116.6   6.5 -56.1  11.2 260.0 300.7  33.9    .0  47.1  39.2  32.6
1908     283   293   153   198  1377.  2613.  8189.  2906. 13708.   .21  6.16  762.  1.80  176.  415.  114.    261. 215.   0.   0.  3.65 110.0   6.5 -60.4   8.3 260.0 303.8  16.9    .0  45.1  39.0  32.5
1909     283   302   153   193   832.  1581.  7137.  7130. 15847.   .45  3.77  607.  2.61  145.  509.  161.    238. 255.   0.   0.  3.97 113.6   6.5-142.4  10.2 260.0 223.7  22.4    .0  70.8  39.1  32.6
1910     283   294   149   186  1027.  1940.  7580.  6337. 15857.   .40  4.57  670.  2.37  195.  591.  139.    273. 375.   0.   0.  3.85 111.5   6.5 -88.5  11.8 260.0 256.6  42.2    .0  61.8  39.0  32.5
1911     283   299   153   199  1121.  2142.  8037.  7884. 18062.   .44  5.09  729.  2.48  198.  513.  116.    278. 317.   0.   0.  4.59 115.8   6.5 -61.6  10.3 260.0 295.2  32.9    .0  61.2  39.2  32.6
1912     283   299   150   204   766.  1450.  6769.  9491. 17710.   .54  3.47  685.  2.58  125.  627.  174.    263. 316.   0.   0.  4.05 118.2   6.5-150.3  12.5 260.0 214.5  31.4    .0  82.6  39.2  32.7
1913     283   299   152   213   756.  1438.  6184.  6245. 13867.   .45  3.45  686.  2.02  215.  438.  147.    202. 305.   0.   0.  3.98 103.6   6.5-137.0   8.8 260.0 211.3  29.9    .0  65.6  38.7  32.3
1914     283   296   154   197  1120.  2117.  7292.  8010. 17418.   .46  5.00  725.  2.40  177.  524.  122.    278. 301.   0.   0.  4.36 108.9   6.5 -87.3  10.5 260.0 265.8  30.0    .0  65.5  38.9  32.4
1915     283   291   153   203  1271.  2292.  7265.  5288. 14845.   .36  5.37  814.  1.82  210.  300.  117.    274. 119.   0.   0.  3.80 116.1   6.5-109.3   6.0 260.0 269.8   6.8    .0  55.0  39.2  32.6
1916     283   305   146   198   824.  1578.  7081.  6772. 15430.   .44  3.79  683.  2.26  207.  364.  167.    228. 177.   0.   0.  3.91 107.5   6.5-152.3   7.3 260.0 216.6  11.3    .0  71.2  38.9  32.4
1917     283   295   157   218  1284.  2485.  7966.  1421. 11872.   .12  5.89  859.  1.38  202.  200.  154.    221.  27.   0.   0.  3.17 104.4   6.5 -77.4   4.0 260.0 293.9   1.1    .0  40.4  38.7  32.3
1918     283   299   147   201   770.  1468.  6241.  7408. 15117.   .49  3.52  649.  2.33  206.  479.  142.    215. 328.   0.   0.  4.23 106.4   6.5-143.3   9.6 260.0 204.5  33.8    .0  73.9  38.8  32.4
1919     283   295   148   186  1096.  2009.  7476.  5417. 14902.   .36  4.74  718.  2.08  184.  569.  135.    265. 352.   0.   0.  3.72 114.9   6.5-104.9  11.4 260.0 248.3  36.9    .0  60.0  39.1  32.6
1920     283   292   152   189  1276.  2327.  7722.  5076. 15125.   .34  5.40  677.  2.23  147.  629.  114.    290. 373.   0.   0.  3.75 115.1   6.5 -63.7  12.6 260.0 287.7  39.2    .0  52.6  39.1  32.6
1921     283   293   149   198  1114.  2078.  7430.  5880. 15388.   .38  4.90  796.  1.93  183.  743.  133.    246. 547.   0.   0.  4.06 116.6   6.5 -54.0  14.9 260.0 275.3  65.2    .0  55.9  39.2  32.6
1922     283   292   151   193  1381.  2563.  9073.  3183. 14819.   .21  6.01  833.  1.78  201.  587.  114.    291. 383.   0.   0.  3.66 115.8   6.5 -38.3  11.7 260.0 314.6  37.5    .0  47.1  39.2  32.6
1923     283   296   147   193  1155.  2162.  8023.  6241. 16426.   .38  5.09  717.  2.29  200.  518.  139.    275. 304.   0.   0.  3.97 116.8   6.5 -92.2  10.4 260.0 270.3  28.4    .0  60.8  39.2  32.7
1924     283   298   146   195   852.  1621.  6562.  6423. 14606.   .44  3.88  693.  2.11  192.  617.  124.    221. 464.   0.   0.  4.23 109.4   6.5 -97.6  12.3 260.0 237.1  52.0    .0  61.6  38.9  32.4
1925     283   298   154   203  1005.  1918.  7665.  6239. 15823.   .39  4.56  736.  2.15  179.  702.  158.    247. 477.   0.   0.  3.91 106.6   6.5 -68.9  14.0 260.0 260.5  55.8    .0  60.7  38.8  32.4
1926     283   292   152   200  1243.  2251.  8627.  7958. 18836.   .42  5.31  777.  2.43  155.  543.  121.    300. 277.   0.   0.  4.48 121.4   6.5 -76.8  10.9 260.0 294.8  24.1    .0  63.9  39.3  32.7
1927     283   293   143   204   893.  1703.  6289.  4439. 12430.   .36  4.06  680.  1.83  217.  383.  136.    203. 261.   0.   0.  3.67 106.3   6.5-151.7   7.6 260.0 205.0  23.1    .0  60.6  38.8  32.3
1928     283   296   150   195  1038.  1994.  7400.  5917. 15312.   .39  4.73  675.  2.27  199.  609.  135.    266. 407.   0.   0.  3.83 111.4   6.5 -72.6  12.2 260.0 267.2  47.9    .0  57.3  39.0  32.5
1929     283   297   150   189  1193.  2263.  8192.  4743. 15198.   .31  5.32  742.  2.05  214.  478.  140.    248. 305.   0.   0.  3.92 106.9   6.5 -91.8   9.6 260.0 259.6  28.6    .0  58.5  38.9  32.4
1930     283   292   150   207  1267.  2364.  7655.  5064. 15083.   .34  5.56  891.  1.69  213.  446.  124.    280. 255.   0.   0.  3.73 115.0   6.5 -79.7   8.9 260.0 285.8  22.4    .0  52.8  39.1  32.6
1931     283   294   152   195  1151.  2139.  7770.  8813. 18722.   .47  5.02  670.  2.79  134.  449.  142.    301. 139.   0.   0.  4.22 119.9   6.5-106.1   9.0 260.0 278.2   8.3    .0  67.3  39.3  32.7

 MEANS over  30 years  :
        283.  296.  151.  198.  1123.  2105.  7533.  5683. 15321.   .36  4.97  731.  2.12  188.  519.  135.    257. 316.   0.   0.  3.92 111.9   6.5 -91.4  10.4 260.0 262.9  32.0    .0  59.2  39.0  32.5
 STANDARD DEVIATIONS  :
          0.    3.    3.    8.   229.   409.   680.  2038.  1726.   .11   .93   66.   .34   26.  120.   17.     30. 112.   0.   0.   .35   6.3    .0  32.7   2.4    .0  32.9  15.4    .0   9.9    .2    .2
 VARIATION COEFFICIENTS (%)  : 
          .0   1.1   2.2   4.0   20.4   19.4    9.0   35.9   11.3  29.2  18.6   9.0  15.8  13.5  23.2  12.5    11.6 35.6   .0   .0   8.9   5.7    .6  35.7  23.2    .0  12.5  48.1    .0  16.8    .6    .6



*** RESULTS OF CROP GROWTH MODEL NWHEAT *** SUMMARY OF OUTPUT FOR WINTER WHEAT AND YIELD STATISTICS ***

Name of run: RCVP3, Station= CCV  , Soil=   1, Crop=   3, Organic M.=   1, Nsoil=   1, IRR=   1, Runof=  .00
 Roth., UKTR scen.(Micha) dec.66-75, Var. change, pot. prod., CO2 617 ppm        


YEAR     SOW EMERG  ANTH  HALT   WRT   WLV    WST   WGR    TAGB     HI  LAIM PARAB  RUE   DWAV RAIN  ESOIL   TRANS DRAIN RUNOF IRR  WUE MINOM MINFM DNTOT NRAIN NGIFT NUPT  NLEACH NIMMO  NUE  DNFM  NBIOM
1902     283   291   155   198  1602.  2882.  9596. 11493. 23971.   .48  6.16  758.  3.16   21.  487.  112.    310. 264.   0. 178.  5.68 133.6   6.6 -55.2   9.7 260.0 328.2  21.4    .0  73.0  39.5  32.9
1903     283   295   153   184  1472.  2752.  9918.  9940. 22610.   .44  5.90  742.  3.05   64.  485.  134.    336. 338.   0. 260.  4.81 119.1   6.5 -43.8   9.7 260.0 313.8  32.9    .0  72.0  39.3  32.7
1904     283   293   151   194   964.  1802.  9766.  8908. 20477.   .44  3.95  647.  3.17   82.  769.  165.    236. 550.   0. 100.  5.11 124.4   6.6 -99.1  15.4 260.0 239.6  65.7    .0  85.5  39.4  32.8
1905     283   295   152   192  1562.  2983.  9583. 11010. 23576.   .47  6.41  778.  3.03   66.  567.  130.    363. 360.   0. 220.  4.79 128.0   6.6 -43.4  11.3 260.0 319.7  38.2    .0  73.8  39.4  32.9
1906     283   299   159   207  1085.  2113.  9539. 11759. 23411.   .50  4.64  736.  3.18   97.  455.  142.    258. 373.   0. 220.  5.86 112.8   6.5 -65.0   9.1 260.0 279.0  42.1    .0  83.9  39.1  32.6
1907     283   293   154   212  1761.  3275.  9177. 14107. 26559.   .53  7.08  875.  3.03   77.  559.  108.    409. 346.   0. 227.  5.14 133.5   6.6 -24.3  11.2 260.0 348.3  34.4    .0  76.2  39.5  32.9
1908     283   293   153   198  1464.  2806.  9656. 11978. 24440.   .49  6.12  774.  3.16   52.  415.  107.    343. 225.   0. 207.  5.43 126.0   6.6 -57.6   8.3 260.0 321.3  18.1    .0  76.1  39.4  32.8
1909     283   302   153   193   885.  1668.  7994.  8598. 18259.   .47  3.68  600.  3.04   66.  509.  165.    212. 264.   0.  66.  4.85 117.2   6.5-132.7  10.2 260.0 235.6  23.7    .0  77.5  39.2  32.7
1910     283   294   149   186  1107.  2100.  9608.  9693. 21401.   .45  4.57  668.  3.21   66.  591.  142.    286. 385.   0. 156.  5.00 120.8   6.5 -84.5  11.8 260.0 268.4  43.5    .0  79.7  39.3  32.7
1911     283   299   153   199  1180.  2258.  9073. 11191. 22522.   .50  4.96  715.  3.15   78.  513.  121.    271. 320.   0. 120.  5.75 122.8   6.6 -59.7  10.3 260.0 304.0  33.3    .0  74.1  39.3  32.8
1912     283   299   150   204   809.  1530.  8918. 10229. 20677.   .49  3.39  675.  3.06   75.  627.  185.    232. 333.   0.  47.  4.97 119.9   6.5-137.0  12.5 260.0 227.9  33.0    .0  90.7  39.3  32.7
1913     283   299   152   213   810.  1549.  9118. 11065. 21732.   .51  3.44  718.  3.03   87.  438.  181.    248. 306.   0. 210.  5.06 121.3   6.5-127.2   8.8 260.0 238.4  30.1    .0  91.2  39.3  32.7
1914     283   296   154   197  1177.  2227. 10831. 10095. 23152.   .44  4.86  716.  3.23   55.  524.  126.    280. 309.   0. 137.  5.69 118.0   6.5 -83.1  10.5 260.0 278.0  31.2    .0  83.3  39.2  32.7
1915     283   291   153   203  1340.  2425.  9655. 11851. 23931.   .50  5.25  843.  2.84   70.  300.  105.    323. 128.   0. 187.  5.58 129.3   6.6 -85.7   6.0 260.0 305.3   7.5    .0  78.4  39.5  32.9
1916     283   305   146   198   899.  1722.  9370. 11104. 22195.   .50  3.82  702.  3.16   89.  364.  181.    252. 188.   0. 168.  5.12 122.3   6.6-132.1   7.3 260.0 250.2  12.3    .0  88.7  39.3  32.8
1917     283   295   157   218  1400.  2719.  9680. 14149. 26549.   .53  5.95  935.  2.84   72.  200.  138.    345.  35.   0. 246.  5.49 125.1   6.6 -64.0   4.0 260.0 327.2   1.5    .0  81.1  39.4  32.8
1918     283   299   147   201   820.  1560. 10609.  9916. 22085.   .45  3.46  658.  3.36   78.  479.  167.    241. 334.   0. 186.  5.40 121.2   6.5-126.6   9.6 260.0 234.9  34.7    .0  94.0  39.3  32.7
1919     283   295   148   186  1164.  2137. 10321.  9998. 22457.   .45  4.65  716.  3.14   38.  569.  140.    302. 362.   0. 197.  5.08 126.3   6.6 -90.4  11.4 260.0 272.5  38.2    .0  82.4  39.4  32.8
1920     283   292   152   189  1359.  2488.  9067. 10089. 21643.   .47  5.32  682.  3.17   20.  629.  111.    321. 382.   0. 166.  5.00 123.5   6.6 -54.1  12.6 260.0 304.5  40.2    .0  71.1  39.4  32.8
1921     283   293   149   198  1211.  2252.  9666. 12119. 24037.   .50  4.89  827.  2.91   65.  743.  141.    294. 553.   0. 180.  5.52 129.7   6.6 -50.9  14.9 260.0 293.0  64.6    .0  82.0  39.5  32.9
1922     283   292   151   193  1493.  2779. 10270. 12208. 25257.   .48  6.01  849.  2.98   74.  587.  112.    370. 394.   0. 216.  5.23 129.6   6.6 -37.0  11.7 260.0 328.7  38.2    .0  76.8  39.5  32.9
1923     283   296   147   193  1241.  2337.  9194. 10815. 22345.   .48  5.08  719.  3.11   69.  518.  137.    303. 308.   0. 160.  5.08 127.3   6.6 -81.5  10.4 260.0 290.8  28.9    .0  76.8  39.4  32.9
1924     283   298   146   195   892.  1696.  8297. 10801. 20794.   .52  3.75  703.  2.96   77.  617.  140.    237. 467.   0. 150.  5.52 123.3   6.6 -96.4  12.3 260.0 252.0  52.4    .0  82.5  39.3  32.8
1925     283   298   154   203  1049.  1999.  8684. 11202. 21885.   .51  4.39  741.  2.95   60.  702.  158.    255. 480.   0. 130.  5.31 118.6   6.5 -63.9  14.0 260.0 277.2  56.2    .0  78.9  39.2  32.7
1926     283   292   152   200  1337.  2428.  9739. 11434. 23601.   .48  5.28  772.  3.06   37.  543.  128.    295. 295.   0. 137.  5.58 129.3   6.6 -68.8  10.9 260.0 308.6  26.1    .0  76.5  39.5  32.9
1927     283   293   143   204   994.  1911.  9637. 11903. 23451.   .51  4.21  760.  3.09   91.  383.  175.    276. 269.   0. 247.  5.20 128.1   6.6-115.4   7.6 260.0 261.5  24.2    .0  89.7  39.4  32.9
1928     283   296   150   195  1117.  2151.  8405. 10712. 21268.   .50  4.71  676.  3.15   73.  609.  142.    282. 417.   0. 160.  5.01 123.7   6.6 -66.2  12.2 260.0 284.6  49.0    .0  74.7  39.4  32.8
1929     283   297   150   189  1302.  2491. 10419. 11532. 24442.   .47  5.40  757.  3.23   80.  478.  149.    320. 316.   0. 226.  5.21 121.4   6.6 -63.0   9.6 260.0 300.9  30.0    .0  81.2  39.3  32.8
1930     283   292   150   207  1410.  2638. 12937. 13300. 28875.   .46  5.73  935.  3.09   76.  446.  141.    391. 268.   0. 278.  5.43 133.3   6.6 -59.1   8.9 260.0 322.8  23.8    .0  89.5  39.5  32.9
1931     283   294   152   195  1272.  2369.  8987. 10766. 22122.   .49  5.14  673.  3.29   63.  449.  142.    280. 147.   0.  56.  5.25 121.7   6.6 -84.1   9.0 260.0 300.9   8.9    .0  73.5  39.3  32.8

 MEANS over  30 years  :
        283.  296.  151.  198.  1206.  2268.  9591. 11132. 22991.   .48  4.94  745.  3.09   67.  519.  141.    296. 324.   0. 175.  5.27 124.4   6.6 -78.4  10.4 260.0 287.3  32.8    .0  80.5  39.4  32.8
 STANDARD DEVIATIONS  :
          0.    3.    3.    8.   251.   456.   895.  1272.  2047.   .03   .95   80.   .12   18.  120.   23.     49. 111.   0.  58.   .29   5.0    .0  30.3   2.4    .0  32.9  15.2    .0   6.2    .1    .1
 VARIATION COEFFICIENTS (%)  : 
          .0   1.1   2.2   4.0   20.8   20.1    9.3   11.4    8.9   5.5  19.3  10.7   3.9  27.1  23.2  16.2    16.4 34.4   .0 33.0   5.5   4.0    .3  38.7  23.2    .0  11.4  46.3    .0   7.8    .3    .3



*** RESULTS OF CROP GROWTH MODEL NWHEAT *** SUMMARY OF OUTPUT FOR WINTER WHEAT AND YIELD STATISTICS ***

Name of run: RCVW3, Station= CCV  , Soil=   1, Crop=   3, Organic M.=   1, Nsoil=   1, IRR=   0, Runof=  .00
 Roth., UKTR scen.(Micha) dec.66-75, Var. change, wat-lim. prod.,CO2 617ppm      


YEAR     SOW EMERG  ANTH  HALT   WRT   WLV    WST   WGR    TAGB     HI  LAIM PARAB  RUE   DWAV RAIN  ESOIL   TRANS DRAIN RUNOF IRR  WUE MINOM MINFM DNTOT NRAIN NGIFT NUPT  NLEACH NIMMO  NUE  DNFM  NBIOM
1902     283   291   155   198  1584.  2858.  8309.  8522. 19688.   .43  6.12  744.  2.65  151.  487.  116.    265. 257.   0.   0.  5.17 122.8   6.6 -46.6   9.7 260.0 326.6  20.7    .0  60.3  39.3  32.8
1903     283   295   153   184  1472.  2750.  9723.  2490. 14964.   .17  5.90  726.  2.06  212.  485.  129.    230. 338.   0.   0.  4.18 103.5   6.5 -49.0   9.7 260.0 293.3  32.9    .0  51.0  38.7  32.3
1904     283   293   151   194   964.  1802.  9765.  8908. 20475.   .44  3.95  647.  3.17  177.  769.  160.    236. 550.   0.   0.  5.18 119.4   6.5 -92.6  15.4 260.0 241.0  65.7    .0  84.9  39.3  32.7
1905     283   295   152   192  1562.  2983.  9437.  4314. 16734.   .26  6.41  770.  2.17  197.  567.  132.    272. 360.   0.   0.  4.14 114.4   6.5 -27.8  11.3 260.0 321.6  38.2    .0  52.0  39.1  32.6
1906     283   299   159   207  1077.  2090.  8821.  6468. 17379.   .37  4.59  712.  2.44  217.  455.  115.    193. 364.   0.   0.  5.64  93.4   6.4 -78.9   9.1 260.0 247.8  40.8    .0  70.1  38.1  31.8
1907     283   293   154   212  1713.  3211.  8567.  5976. 17754.   .34  6.92  835.  2.13  195.  559.  123.    289. 342.   0.   0.  4.31 117.9   6.5 -19.4  11.2 260.0 337.9  34.3    .0  52.5  39.2  32.7
1908     283   293   153   198  1461.  2801.  9417.  4876. 17095.   .29  6.11  762.  2.24  173.  415.  112.    258. 218.   0.   0.  4.61 110.8   6.5 -42.4   8.3 260.0 322.1  17.2    .0  53.1  39.0  32.5
1909     283   302   153   193   859.  1619.  7883.  8484. 17986.   .47  3.58  590.  3.05  124.  509.  167.    207. 259.   0.   0.  4.82 114.3   6.5-133.5  10.2 260.0 232.7  23.1    .0  77.3  39.1  32.6
1910     283   294   149   186  1078.  2046.  8528.  9060. 19634.   .46  4.46  659.  2.98  193.  591.  143.    261. 380.   0.   0.  4.86 112.5   6.5 -72.6  11.8 260.0 272.4  43.0    .0  72.1  39.1  32.5
1911     283   299   153   199  1180.  2258.  9069. 10618. 21945.   .48  4.96  715.  3.07  188.  513.  118.    264. 320.   0.   0.  5.74 118.3   6.5 -47.9  10.3 260.0 311.0  33.3    .0  70.6  39.2  32.7
1912     283   299   150   204   804.  1520.  8862. 10196. 20578.   .50  3.36  673.  3.06  107.  627.  177.    230. 326.   0.   0.  5.05 118.6   6.5-137.6  12.5 260.0 227.0  32.0    .0  90.6  39.2  32.7
1913     283   299   152   213   810.  1550.  7089.  9253. 17892.   .52  3.44  687.  2.60  214.  438.  147.    199. 306.   0.   0.  5.17 104.4   6.5-115.7   8.8 260.0 233.0  30.1    .0  76.8  38.7  32.3
1914     283   296   154   197  1163.  2201.  9657. 10051. 21909.   .46  4.81  712.  3.08  171.  524.  126.    267. 303.   0.   0.  5.59 110.3   6.5 -72.5  10.5 260.0 281.7  30.3    .0  77.8  39.0  32.5
1915     283   291   153   203  1326.  2400.  8214.  8754. 19368.   .45  5.19  812.  2.39  208.  300.  117.    269. 121.   0.   0.  5.02 117.7   6.5 -88.2   6.0 260.0 292.0   7.0    .0  66.3  39.2  32.7
1916     283   305   146   198   870.  1665.  7872.  9615. 19152.   .50  3.70  683.  2.81  206.  364.  168.    221. 182.   0.   0.  4.93 108.3   6.5-134.5   7.3 260.0 234.6  11.7    .0  81.6  38.9  32.4
1917     283   295   157   218  1349.  2626.  8773.  4069. 15469.   .26  5.75  874.  1.77  198.  200.  148.    221.  30.   0.   0.  4.20 105.5   6.5 -55.1   4.0 260.0 317.0   1.2    .0  48.8  38.8  32.3
1918     283   299   147   201   804.  1529.  7909.  9823. 19261.   .51  3.39  643.  2.99  204.  479.  145.    209. 329.   0.   0.  5.44 107.4   6.5-122.9   9.6 260.0 225.5  33.9    .0  85.4  38.9  32.4
1919     283   295   148   186  1165.  2138.  8576.  8463. 19177.   .44  4.65  712.  2.69  182.  569.  138.    258. 354.   0.   0.  4.84 116.0   6.5 -80.7  11.4 260.0 272.9  37.2    .0  70.3  39.2  32.6
1920     283   292   152   189  1341.  2462.  8689.  7572. 18723.   .40  5.28  673.  2.78  144.  629.  114.    282. 377.   0.   0.  4.73 116.4   6.5 -45.9  12.6 260.0 306.0  39.7    .0  61.2  39.2  32.6
1921     283   293   149   198  1176.  2196.  8362.  8551. 19109.   .45  4.78  792.  2.41  181.  743.  134.    239. 551.   0.   0.  5.11 117.4   6.5 -38.2  14.9 260.0 292.5  65.2    .0  65.3  39.2  32.6
1922     283   292   151   193  1459.  2726. 10114.  5374. 18215.   .30  5.89  832.  2.19  199.  587.  115.    282. 389.   0.   0.  4.59 116.4   6.5 -23.0  11.7 260.0 329.8  38.0    .0  55.2  39.2  32.6
1923     283   296   147   193  1241.  2337.  9152.  8624. 20112.   .43  5.08  715.  2.81  194.  518.  139.    265. 308.   0.   0.  4.98 118.4   6.5 -67.6  10.4 260.0 295.6  28.9    .0  68.0  39.2  32.7
1924     283   298   146   195   892.  1696.  7370.  9808. 18874.   .52  3.75  697.  2.71  189.  617.  121.    218. 467.   0.   0.  5.57 110.2   6.5 -78.5  12.3 260.0 256.7  52.4    .0  73.5  39.0  32.5
1925     283   298   154   203  1049.  1999.  8650.  9589. 20237.   .47  4.39  739.  2.74  175.  702.  157.    240. 480.   0.   0.  5.10 107.5   6.5 -48.8  14.0 260.0 281.0  56.2    .0  72.0  38.9  32.4
1926     283   292   152   200  1313.  2391.  9691. 10854. 22937.   .47  5.21  767.  2.99  150.  543.  125.    286. 282.   0.   0.  5.58 122.5   6.6 -58.2  10.9 260.0 313.8  24.6    .0  73.1  39.3  32.8
1927     283   293   143   204   950.  1822.  7222.  7391. 16435.   .45  4.01  679.  2.42  217.  383.  137.    199. 264.   0.   0.  4.89 107.0   6.5-128.5   7.6 260.0 228.3  23.5    .0  72.0  38.8  32.3
1928     283   296   150   195  1098.  2120.  8323.  9011. 19454.   .46  4.64  669.  2.91  196.  609.  136.    258. 409.   0.   0.  4.93 112.6   6.5 -57.3  12.2 260.0 283.1  48.2    .0  68.7  39.1  32.5
1929     283   297   150   189  1286.  2464.  9316.  6834. 18615.   .37  5.35  738.  2.52  214.  478.  142.    240. 310.   0.   0.  4.87 107.4   6.5 -71.4   9.6 260.0 279.5  29.2    .0  66.6  38.9  32.4
1930     283   292   150   207  1355.  2553.  8783.  7969. 19305.   .41  5.55  894.  2.16  213.  446.  125.    276. 258.   0.   0.  4.81 116.2   6.5 -53.8   8.9 260.0 312.3  22.7    .0  61.8  39.1  32.6
1931     283   294   152   195  1220.  2278.  8887. 10669. 21834.   .49  4.95  660.  3.31  111.  449.  146.    272. 142.   0.   0.  5.23 120.2   6.5 -87.3   9.0 260.0 296.8   8.6    .0  73.6  39.3  32.7

 MEANS over  30 years  :
        283.  296.  151.  198.  1187.  2236.  8701.  8073. 19010.   .42  4.87  727.  2.64  183.  519.  136.    247. 319.   0.   0.  4.98 112.9   6.5 -72.5  10.4 260.0 282.2  32.3    .0  68.4  39.0  32.5
 STANDARD DEVIATIONS  :
          0.    3.    3.    8.   246.   452.   757.  2111.  1834.   .09   .94   70.   .38   30.  120.   17.     28. 113.   0.   0.   .42   6.5    .0  33.6   2.4    .0  34.5  15.4    .0  10.6    .2    .2
 VARIATION COEFFICIENTS (%)  : 
          .0   1.1   2.2   4.0   20.8   20.2    8.7   26.1    9.6  20.8  19.4   9.6  14.4  16.4  23.2  12.8    11.4 35.3   .0   .0   8.5   5.7    .6  46.3  23.2    .0  12.2  47.5    .0  15.5    .6    .6



*** RESULTS OF CROP GROWTH MODEL NWHEAT *** SUMMARY OF OUTPUT FOR WINTER WHEAT AND YIELD STATISTICS ***

Name of run: R6VP1, Station= 6675V, Soil=   1, Crop=   1, Organic M.=   1, Nsoil=   1, IRR=   1, Runof=  .00
 Roth., UKTR scen.(EL.normal) dec.66-75, Var. change, pot. prod., CO2 353 ppm    


YEAR     SOW EMERG  ANTH  HALT   WRT   WLV    WST   WGR    TAGB     HI  LAIM PARAB  RUE   DWAV RAIN  ESOIL   TRANS DRAIN RUNOF IRR  WUE MINOM MINFM DNTOT NRAIN NGIFT NUPT  NLEACH NIMMO  NUE  DNFM  NBIOM
1902     283   290   161   207  1739.  3048.  8761. 11619. 23428.   .50  7.10  976.  2.40   79.  604.  101.    387. 384.   0. 190.  4.79 134.6   6.6 -45.1  12.1 260.0 328.1  34.8    .0  71.4  39.6  33.0
1903     283   299   153   183  1085.  2028.  7445.  7185. 16658.   .43  4.76  611.  2.73   62.  365.  136.    322. 155.   0. 187.  3.63 114.9   6.5-119.2   7.3 260.0 256.2   9.8    .0  65.0  39.1  32.6
1904     283   297   147   196   752.  1428.  6430.  8543. 16401.   .52  3.44  601.  2.73   67.  684.  186.    260. 435.   0. 130.  3.68 122.5   6.6-133.6  13.7 260.0 219.4  48.9    .0  74.8  39.3  32.8
1905     283   293   152   191  1351.  2461.  7757.  9279. 19497.   .48  5.72  726.  2.69   72.  446.  147.    335. 206.   0. 170.  4.05 128.1   6.6-100.2   8.9 260.0 284.6  14.7    .0  68.5  39.4  32.9
1906     283   296   160   208  1034.  1981.  7051.  9819. 18851.   .52  4.70  691.  2.73   78.  402.  139.    263. 195.   0. 117.  4.69 110.4   6.5-116.7   8.0 260.0 252.0  14.0    .0  74.8  39.0  32.5
1907     283   295   156   202  1454.  2727.  7601.  9595. 19923.   .48  6.37  787.  2.53   67.  375.  121.    398. 188.   0. 266.  3.83 123.2   6.6 -81.9   7.5 260.0 297.8  13.2    .0  66.9  39.3  32.8
1908     283   298   154   202  1145.  2233.  8246. 10821. 21300.   .51  5.31  784.  2.72   47.  603.  145.    324. 320.   0. 140.  4.54 123.7   6.6 -89.4  12.1 260.0 278.2  32.1    .0  76.6  39.4  32.8
1909     283   297   157   194   799.  1528.  6493.  7864. 15885.   .50  3.66  559.  2.84   83.  555.  179.    237. 313.   0.  90.  3.82 113.3   6.5-153.2  11.1 260.0 206.4  29.8    .0  77.0  39.1  32.6
1910     283   294   146   197  1004.  1931.  7033.  9892. 18856.   .52  4.59  677.  2.78   61.  595.  158.    299. 337.   0. 138.  4.12 126.5   6.6-120.4  11.9 260.0 246.5  36.2    .0  76.5  39.4  32.8
1911     283   293   148   196   927.  1698.  7009.  9371. 18077.   .52  4.05  670.  2.70   70.  606.  165.    312. 385.   0. 186.  3.79 128.0   6.6-123.6  12.1 260.0 238.1  43.2    .0  75.9  39.4  32.9
1912     283   297   155   205  1069.  2067.  7379. 10850. 20296.   .53  4.90  758.  2.68   91.  587.  154.    300. 364.   0. 140.  4.47 117.7   6.5 -86.1  11.7 260.0 269.1  38.6    .0  75.4  39.2  32.7
1913     283   295   152   214   954.  1832.  7940. 11410. 21183.   .54  4.39  747.  2.83   78.  669.  209.    327. 371.   0. 160.  3.95 124.8   6.6-115.2  13.4 260.0 247.5  41.0    .0  85.6  39.4  32.8
1914     283   299   148   204   985.  1857.  7300. 11023. 20180.   .55  4.42  778.  2.59   86.  600.  161.    309. 436.   0. 220.  4.29 129.5   6.6 -98.7  12.0 260.0 257.9  49.8    .0  78.2  39.5  32.9
1915     283   296   151   195  1264.  2372.  7721.  9433. 19525.   .48  5.59  689.  2.84   68.  539.  135.    360. 250.   0. 138.  3.94 127.9   6.6 -87.1  10.8 260.0 294.7  20.1    .0  66.3  39.4  32.9
1916     283   302   148   210   777.  1469.  6748.  9675. 17892.   .54  3.55  688.  2.60   86.  676.  176.    269. 347.   0.  30.  4.03 127.2   6.6-137.1  13.5 260.0 233.7  35.7    .0  76.6  39.4  32.9
1917     283   298   155   211  1144.  2242.  7658. 10283. 20183.   .51  5.30  779.  2.59   73.  553.  174.    340. 291.   0. 180.  3.92 123.1   6.6-108.0  11.1 260.0 262.7  27.6    .0  76.8  39.3  32.8
1918     283   298   152   210   979.  1882.  7549. 11060. 20491.   .54  4.51  753.  2.72   13.  728.  171.    312. 304.   0.  47.  4.24 124.1   6.6-108.6  14.6 260.0 267.3  27.7    .0  76.6  39.4  32.8
1919     283   292   154   193  1089.  2068.  7964.  9677. 19710.   .49  4.87  759.  2.60   74.  699.  147.    316. 429.   0. 119.  4.26 118.0   6.5 -73.8  14.0 260.0 276.5  45.5    .0  71.3  39.2  32.7
1920     283   292   157   207  1163.  2176.  8295. 11215. 21685.   .52  5.09  834.  2.60   82.  642.  145.    325. 472.   0. 219.  4.61 120.5   6.5 -63.3  12.8 260.0 280.5  53.4    .0  77.3  39.3  32.7
1921     283   298   151   200  1049.  1914.  7656. 10805. 20375.   .53  4.51  772.  2.64   95.  641.  161.    308. 386.   0. 120.  4.34 126.9   6.6-109.3  12.8 260.0 254.4  40.4    .0  80.1  39.4  32.8
1922     283   295   156   189  1469.  2780.  7822.  8405. 19007.   .44  6.37  738.  2.58   72.  581.   95.    405. 440.   0. 287.  3.80 121.1   6.6 -52.3  11.6 260.0 291.5  48.3    .0  65.2  39.3  32.8
1923     283   292   153   191  1179.  2239.  7503.  8130. 17872.   .45  5.25  695.  2.57   75.  604.  140.    360. 419.   0. 240.  3.58 119.6   6.5 -76.3  12.1 260.0 270.9  47.3    .0  66.0  39.3  32.7
1924     283   296   153   189   746.  1408.  6101.  7035. 14544.   .48  3.35  574.  2.53   35.  781.  182.    257. 387.   0.  10.  3.32 118.3   6.5-163.5  15.6 260.0 196.3  39.2    .0  74.1  39.2  32.7
1925     283   297   150   192   856.  1618.  6708.  8430. 16755.   .50  3.86  632.  2.65   71.  580.  166.    337. 354.   0. 207.  3.33 123.1   6.6-135.5  11.6 260.0 225.2  38.7    .0  74.4  39.3  32.8
1926     283   297   152   193   983.  1849.  7080.  8948. 17877.   .50  4.38  683.  2.62   38.  719.  141.    304. 332.   0.  20.  4.01 122.2   6.6-121.9  14.4 260.0 245.6  32.8    .0  72.8  39.3  32.8
1927     283   292   150   190   995.  1830.  6534.  8194. 16558.   .49  4.29  609.  2.72   69.  531.  149.    284. 267.   0. 100.  3.82 120.4   6.5-131.7  10.6 260.0 239.4  24.0    .0  69.2  39.3  32.7
1928     283   295   144   200  1080.  2035.  7365. 10595. 19994.   .53  4.81  702.  2.85   47.  769.  139.    364. 442.   0. 130.  3.97 132.3   6.6-119.9  15.4 260.0 245.9  46.5    .0  81.3  39.5  32.9
1929     283   291   152   196   954.  1788.  7724.  9541. 19053.   .50  4.27  789.  2.41   48.  681.  192.    287. 370.   0. 120.  3.98 125.1   6.6-119.9  13.6 260.0 244.7  38.7    .0  77.9  39.4  32.8
1930     283   297   144   193   893.  1672.  7439.  9177. 18287.   .50  3.98  665.  2.75   86.  623.  174.    337. 378.   0. 180.  3.58 127.8   6.6-131.8  12.5 260.0 233.6  39.7    .0  78.3  39.4  32.9
1931     283   297   148   188   978.  1872.  7447.  8517. 17837.   .48  4.45  608.  2.94   63.  587.  157.    340. 373.   0. 220.  3.59 119.0   6.5-106.1  11.7 260.0 249.9  39.0    .0  71.4  39.2  32.7

 MEANS over  30 years  :
        283.  296.  152.  198.  1063.  2001.  7392.  9546. 18939.   .50  4.73  711.  2.67   68.  601.  155.    319. 344.   0. 150.  4.00 123.1   6.6-107.7  12.0 260.0 256.5  35.0    .0  74.1  39.3  32.8
 STANDARD DEVIATIONS  :
          0.    3.    4.    8.   219.   388.   587.  1233.  1893.   .03   .87   86.   .12   18.  102.   24.     40.  81.   0.  68.   .37   5.3    .0  27.7   2.0    .0  27.7  11.6    .0   5.0    .1    .1
 VARIATION COEFFICIENTS (%)  : 
          .0    .9   2.7   4.0   20.6   19.4    7.9   12.9   10.0   5.6  18.4  12.1   4.6  26.4  17.0  15.8    12.7 23.6   .0 45.1   9.4   4.3    .3  25.7  17.0    .0  10.8  33.0    .0   6.7    .3    .3



*** RESULTS OF CROP GROWTH MODEL NWHEAT *** SUMMARY OF OUTPUT FOR WINTER WHEAT AND YIELD STATISTICS ***

Name of run: R6VW1, Station= 6675V, Soil=   1, Crop=   1, Organic M.=   1, Nsoil=   1, IRR=   0, Runof=  .00
 Roth., UKTR scen.(El.normal) dec.66-75, Var. change, wat-lim. prod.,CO2 353ppm  


YEAR     SOW EMERG  ANTH  HALT   WRT   WLV    WST   WGR    TAGB     HI  LAIM PARAB  RUE   DWAV RAIN  ESOIL   TRANS DRAIN RUNOF IRR  WUE MINOM MINFM DNTOT NRAIN NGIFT NUPT  NLEACH NIMMO  NUE  DNFM  NBIOM
1902     283   290   161   207  1739.  3048.  8674.  5468. 17189.   .32  7.10  962.  1.79  195.  604.  108.    307. 384.   0.   0.  4.15 120.8   6.5 -28.5  12.1 260.0 330.8  34.8    .0  52.0  39.3  32.7
1903     283   299   153   183  1060.  1986.  7349.  5171. 14506.   .36  4.66  602.  2.41  201.  365.  138.    279. 149.   0.   0.  3.48 105.3   6.5-109.8   7.3 260.0 256.6   9.2    .0  56.5  38.8  32.3
1904     283   297   147   196   752.  1428.  6404.  8207. 16039.   .51  3.44  601.  2.67  184.  684.  183.    251. 435.   0.   0.  3.70 114.0   6.5-118.5  13.7 260.0 225.7  48.9    .0  71.1  39.1  32.6
1905     283   293   152   191  1351.  2461.  7714.  5559. 15734.   .35  5.72  720.  2.18  190.  446.  149.    281. 206.   0.   0.  3.66 117.1   6.5 -81.8   8.9 260.0 291.8  14.7    .0  53.9  39.2  32.7
1906     283   296   160   208  1014.  1947.  6912.  9547. 18406.   .52  4.62  685.  2.69  182.  402.  140.    255. 189.   0.   0.  4.65 104.0   6.5-105.8   8.0 260.0 257.2  13.3    .0  71.6  38.7  32.3
1907     283   295   156   202  1429.  2689.  7374.  2386. 12449.   .19  6.29  764.  1.63  201.  375.  123.    270. 182.   0.   0.  3.17 107.9   6.5 -78.5   7.5 260.0 286.8  12.6    .0  43.4  38.9  32.4
1908     283   298   154   202  1145.  2233.  8163.  9758. 20154.   .48  5.31  784.  2.57  169.  603.  145.    306. 320.   0.   0.  4.47 116.9   6.5 -76.5  12.1 260.0 284.1  32.1    .0  71.0  39.2  32.7
1909     283   297   157   194   799.  1528.  6488.  7864. 15880.   .50  3.66  559.  2.84  170.  555.  176.    237. 313.   0.   0.  3.85 110.2   6.5-146.7  11.1 260.0 209.6  29.8    .0  75.8  39.0  32.5
1910     283   294   146   197   996.  1918.  6913.  9566. 18396.   .52  4.56  675.  2.73  181.  595.  158.    288. 329.   0.   0.  4.12 121.8   6.6-112.2  11.9 260.0 250.9  35.1    .0  73.3  39.3  32.8
1911     283   293   148   196   900.  1653.  6808.  7414. 15875.   .47  3.94  652.  2.43  210.  606.  167.    270. 380.   0.   0.  3.64 116.7   6.5-124.8  12.1 260.0 226.3  42.8    .0  70.2  39.2  32.7
1912     283   297   155   205  1069.  2067.  7276.  7674. 17017.   .45  4.90  751.  2.27  193.  587.  156.    261. 364.   0.   0.  4.08 107.5   6.5 -70.7  11.7 260.0 274.1  38.6    .0  62.1  38.9  32.4
1913     283   295   152   214   954.  1832.  6660.  7516. 16009.   .47  4.39  737.  2.17  186.  669.  212.    272. 371.   0.   0.  3.31 112.3   6.5 -99.1  13.4 260.0 250.9  41.0    .0  63.8  39.0  32.5
1914     283   299   148   204   985.  1857.  7084.  4595. 13536.   .34  4.42  744.  1.82  211.  600.  142.    233. 436.   0.   0.  3.61 111.4   6.5-109.1  12.0 260.0 229.5  49.8    .0  59.0  39.0  32.5
1915     283   296   151   195  1259.  2363.  7712.  9130. 19205.   .48  5.57  687.  2.79  192.  539.  135.    353. 242.   0.   0.  3.93 123.5   6.6 -78.4  10.8 260.0 299.8  19.1    .0  64.0  39.4  32.8
1916     283   302   148   210   777.  1469.  6748.  9675. 17891.   .54  3.55  688.  2.60  115.  676.  175.    269. 347.   0.   0.  4.03 126.3   6.6-135.9  13.5 260.0 234.0  35.7    .0  76.5  39.4  32.8
1917     283   298   155   211  1144.  2242.  6450.  6623. 15316.   .43  5.30  755.  2.03  205.  553.  185.    282. 291.   0.   0.  3.28 111.5   6.5-104.3  11.1 260.0 255.1  27.6    .0  60.0  39.0  32.5
1918     283   298   152   210   956.  1838.  7491. 10963. 20293.   .54  4.41  744.  2.73   33.  728.  175.    307. 279.   0.   0.  4.21 123.0   6.6-112.7  14.6 260.0 264.4  25.6    .0  76.8  39.3  32.8
1919     283   292   154   193  1078.  2049.  7950.  9652. 19651.   .49  4.82  756.  2.60  173.  699.  147.    314. 411.   0.   0.  4.26 111.4   6.5 -68.2  14.0 260.0 276.7  44.4    .0  71.0  39.0  32.5
1920     283   292   157   207  1155.  2163.  7354.  5412. 14929.   .36  5.06  776.  1.92  213.  642.  147.    244. 464.   0.   0.  3.81 105.5   6.5 -71.0  12.8 260.0 259.3  52.5    .0  57.6  38.8  32.3
1921     283   298   151   200  1049.  1914.  7624. 10459. 19997.   .52  4.51  772.  2.59  207.  641.  159.    303. 386.   0.   0.  4.33 120.2   6.5-101.5  12.8 260.0 255.6  40.4    .0  78.2  39.3  32.7
1922     283   295   156   189  1463.  2771.  7275.  1436. 11482.   .13  6.35  713.  1.61  202.  581.  105.    244. 434.   0.   0.  3.29 105.1   6.5 -42.9  11.6 260.0 286.6  47.5    .0  40.1  38.8  32.3
1923     283   292   153   191  1176.  2236.  7474.  3720. 13431.   .28  5.24  679.  1.98  209.  604.  136.    268. 409.   0.   0.  3.33 106.3   6.5 -74.5  12.1 260.0 261.2  46.0    .0  51.4  38.8  32.4
1924     283   296   153   189   746.  1408.  6101.  7035. 14544.   .48  3.35  574.  2.53   35.  781.  181.    257. 378.   0.   0.  3.32 118.2   6.5-163.7  15.6 260.0 196.3  38.9    .0  74.1  39.2  32.7
1925     283   297   150   192   844.  1596.  6247.  5974. 13818.   .43  3.81  617.  2.24  211.  580.  166.    276. 348.   0.   0.  3.12 111.9   6.5-138.3  11.6 260.0 212.4  37.9    .0  65.0  39.0  32.5
1926     283   297   152   193   983.  1849.  7080.  8948. 17877.   .50  4.38  683.  2.62   38.  719.  141.    304. 312.   0.   0.  4.01 122.2   6.6-123.5  14.4 260.0 245.7  31.0    .0  72.8  39.3  32.8
1927     283   292   150   190   995.  1830.  6531.  8187. 16547.   .49  4.29  609.  2.72  169.  531.  149.    284. 267.   0.   0.  3.82 117.8   6.5-121.5  10.6 260.0 246.3  24.0    .0  67.2  39.2  32.7
1928     283   295   144   200  1080.  2035.  6632. 10000. 18667.   .54  4.81  702.  2.66  160.  769.  139.    348. 442.   0.   0.  3.83 126.8   6.6-105.2  15.4 260.0 254.4  46.5    .0  73.4  39.4  32.8
1929     283   291   152   196   954.  1788.  7721.  9535. 19044.   .50  4.27  789.  2.41  155.  681.  178.    287. 370.   0.   0.  4.09 120.3   6.5-109.5  13.6 260.0 250.2  38.7    .0  76.1  39.3  32.7
1930     283   297   144   193   893.  1672.  6664.  5464. 13799.   .40  3.98  654.  2.11  206.  623.  172.    279. 378.   0.   0.  3.06 115.2   6.5-116.5  12.5 260.0 236.3  39.7    .0  58.4  39.1  32.6
1931     283   297   148   188   978.  1872.  7383.  3303. 12558.   .26  4.45  593.  2.12  187.  587.  159.    242. 373.   0.   0.  3.13 104.9   6.5 -87.6  11.7 260.0 254.3  39.0    .0  49.4  38.8  32.3

 MEANS over  30 years  :
        283.  296.  152.  198.  1057.  1991.  7142.  7208. 16341.   .43  4.71  701.  2.35  173.  601.  155.    279. 340.   0.   0.  3.76 114.5   6.5-100.6  12.0 260.0 255.4  34.6    .0  64.5  39.1  32.6
 STANDARD DEVIATIONS  :
          0.    3.    4.    8.   218.   387.   593.  2489.  2468.   .11   .87   82.   .36   50.  102.   23.     29.  82.   0.   0.   .43   6.8    .0  29.2   2.0    .0  28.1  11.6    .0  10.3    .2    .2
 VARIATION COEFFICIENTS (%)  : 
          .0    .9   2.7   4.0   20.6   19.4    8.3   34.5   15.1  24.8  18.4  11.7  15.1  29.1  17.0  14.8    10.5 24.0   .0   .0  11.5   5.9    .5  29.0  17.0    .0  11.0  33.6    .0  16.0    .5    .5



*** RESULTS OF CROP GROWTH MODEL NWHEAT *** SUMMARY OF OUTPUT FOR WINTER WHEAT AND YIELD STATISTICS ***

Name of run: R6VP3, Station= 6675V, Soil=   1, Crop=   3, Organic M.=   1, Nsoil=   1, IRR=   1, Runof=  .00
 Roth., UKTR scen.(El.normal) dec.66-75, Var. change, pot. prod., CO2 617 ppm    


YEAR     SOW EMERG  ANTH  HALT   WRT   WLV    WST   WGR    TAGB     HI  LAIM PARAB  RUE   DWAV RAIN  ESOIL   TRANS DRAIN RUNOF IRR  WUE MINOM MINFM DNTOT NRAIN NGIFT NUPT  NLEACH NIMMO  NUE  DNFM  NBIOM
1902     283   290   161   207  1876.  3306. 10297. 13655. 27257.   .50  7.09  973.  2.80   82.  604.  103.    361. 392.   0. 170.  5.88 134.6   6.6 -19.4  12.1 260.0 353.6  34.5    .0  77.1  39.6  33.0
1903     283   299   153   183  1155.  2168.  8797.  8608. 19573.   .44  4.70  603.  3.25   65.  365.  139.    291. 157.   0. 157.  4.56 114.3   6.5-100.6   7.3 260.0 273.7  10.0    .0  71.5  39.1  32.6
1904     283   297   147   196   796.  1513.  7934.  9755. 19202.   .51  3.37  590.  3.26   75.  684.  190.    232. 438.   0. 100.  4.56 122.0   6.6-116.7  13.7 260.0 235.2  49.4    .0  81.7  39.3  32.8
1905     283   293   152   191  1474.  2720.  9200. 11164. 23084.   .48  5.84  721.  3.20   74.  446.  148.    310. 212.   0. 150.  5.04 128.2   6.6 -70.6   8.9 260.0 313.4  15.2    .0  73.7  39.4  32.9
1906     283   296   160   208  1106.  2129.  9255. 10804. 22189.   .49  4.68  682.  3.25   76.  402.  141.    238. 197.   0.  97.  5.87 110.6   6.5 -93.9   8.0 260.0 274.5  14.2    .0  80.8  39.0  32.5
1907     283   295   156   202  1562.  2961.  8972. 10994. 22927.   .48  6.39  778.  2.95   69.  375.  123.    365. 192.   0. 236.  4.70 122.9   6.6 -59.7   7.5 260.0 319.0  13.6    .0  71.9  39.3  32.8
1908     283   298   154   202  1214.  2379. 10421. 11919. 24718.   .48  5.23  776.  3.19   53.  603.  148.    294. 323.   0. 110.  5.59 123.8   6.6 -69.3  12.1 260.0 297.7  32.5    .0  83.0  39.4  32.8
1909     283   297   157   194   830.  1585.  8808.  8396. 18789.   .45  3.52  543.  3.46   83.  555.  185.    207. 316.   0.  70.  4.80 113.4   6.5-140.2  11.1 260.0 218.8  30.3    .0  85.9  39.1  32.6
1910     283   294   146   197  1084.  2102.  8723. 11015. 21839.   .50  4.61  672.  3.25   68.  595.  160.    272. 339.   0. 108.  5.06 126.6   6.6 -98.7  11.9 260.0 267.5  36.6    .0  81.6  39.4  32.8
1911     283   293   148   196   985.  1812.  8793. 10340. 20945.   .49  4.00  662.  3.16   75.  606.  168.    279. 389.   0. 156.  4.68 128.0   6.6-104.8  12.1 260.0 256.3  43.7    .0  81.7  39.4  32.9
1912     283   297   155   205  1148.  2231.  9304. 12154. 23689.   .51  4.88  755.  3.14   88.  587.  155.    275. 365.   0. 120.  5.51 117.5   6.5 -65.0  11.7 260.0 289.6  38.9    .0  81.8  39.2  32.7
1913     283   295   152   214  1027.  1989. 10243. 12610. 24842.   .51  4.40  740.  3.36   78.  669.  212.    293. 373.   0. 130.  4.92 124.6   6.6 -89.3  13.4 260.0 272.6  41.3    .0  91.1  39.4  32.8
1914     283   299   148   204  1063.  2015.  9292. 12118. 23425.   .52  4.44  777.  3.01   82.  600.  161.    282. 440.   0. 200.  5.29 129.1   6.6 -74.8  12.0 260.0 280.9  50.1    .0  83.4  39.5  32.9
1915     283   296   151   195  1363.  2586.  8852. 11206. 22644.   .49  5.63  683.  3.31   76.  539.  138.    328. 257.   0. 108.  4.86 127.9   6.6 -69.3  10.8 260.0 311.5  20.7    .0  72.7  39.4  32.9
1916     283   302   148   210   822.  1557.  7519. 11156. 20232.   .55  3.48  681.  2.97   92.  676.  178.    239. 351.   0.   0.  4.85 126.7   6.6-122.5  13.5 260.0 247.2  36.3    .0  81.8  39.4  32.8
1917     283   298   155   211  1225.  2418.  9998. 11200. 23616.   .47  5.28  773.  3.06   70.  553.  177.    312. 294.   0. 160.  4.83 123.1   6.6 -83.8  11.1 260.0 286.3  28.0    .0  82.5  39.3  32.8
1918     283   298   152   210  1031.  1986.  8529. 12974. 23489.   .55  4.40  742.  3.17   11.  728.  176.    281. 319.   0.  37.  5.14 124.0   6.6 -87.4  14.6 260.0 287.2  28.9    .0  81.8  39.4  32.8
1919     283   292   154   193  1135.  2162. 10237. 10655. 23055.   .46  4.71  746.  3.09   80.  699.  151.    282. 435.   0.  89.  5.32 117.9   6.5 -57.2  14.0 260.0 292.3  46.1    .0  78.9  39.2  32.7
1920     283   292   157   207  1228.  2310. 11062. 12170. 25542.   .48  4.99  823.  3.10   78.  642.  148.    295. 476.   0. 199.  5.76 120.0   6.5 -40.3  12.8 260.0 302.5  53.8    .0  84.4  39.3  32.7
1921     283   298   151   200  1124.  2060. 10042. 11926. 24027.   .50  4.48  768.  3.13   91.  641.  162.    278. 392.   0. 100.  5.46 126.6   6.6 -88.7  12.8 260.0 274.1  40.9    .0  87.7  39.4  32.8
1922     283   295   156   189  1563.  2980.  9726.  9417. 22123.   .43  6.32  729.  3.03   65.  581.   98.    371. 443.   0. 267.  4.71 120.7   6.5 -46.5  11.6 260.0 297.6  48.4    .0  74.3  39.3  32.7
1923     283   292   153   191  1235.  2360.  8511.  9687. 20558.   .47  5.12  683.  3.01   75.  604.  146.    321. 422.   0. 210.  4.40 119.4   6.5 -66.1  12.1 260.0 280.7  47.7    .0  73.2  39.3  32.7
1924     283   296   153   189   784.  1486.  7224.  8215. 16925.   .49  3.28  565.  3.00   22.  781.  184.    227. 392.   0.   0.  4.12 118.3   6.5-151.8  15.6 260.0 207.5  39.6    .0  81.6  39.2  32.7
1925     283   297   150   192   894.  1688.  8837.  9029. 19553.   .46  3.72  620.  3.15   78.  580.  171.    296. 357.   0. 167.  4.18 122.5   6.6-122.8  11.6 260.0 236.9  39.1    .0  82.6  39.3  32.8
1926     283   297   152   193  1037.  1962.  8752. 10149. 20863.   .49  4.30  674.  3.10   35.  719.  145.    273. 347.   0.  10.  4.99 122.3   6.6-103.4  14.4 260.0 263.6  33.4    .0  79.1  39.3  32.8
1927     283   292   150   190  1050.  1930.  7995.  9474. 19399.   .49  4.18  597.  3.25   77.  531.  154.    254. 271.   0.  70.  4.76 120.4   6.5-112.1  10.6 260.0 258.3  24.6    .0  75.1  39.3  32.7
1928     283   295   144   200  1158.  2199.  9432. 11675. 23306.   .50  4.81  696.  3.35   41.  769.  141.    330. 449.   0. 110.  4.94 132.4   6.6 -97.8  15.4 260.0 267.6  46.7    .0  87.1  39.5  32.9
1929     283   291   152   196  1012.  1900. 10000. 10611. 22511.   .47  4.20  778.  2.89   49.  681.  196.    257. 377.   0. 100.  4.97 124.7   6.6 -98.9  13.6 260.0 264.3  39.5    .0  85.2  39.4  32.8
1930     283   297   144   193   962.  1806.  9501. 10248. 21555.   .48  3.97  660.  3.27   91.  623.  176.    303. 386.   0. 150.  4.51 127.3   6.6-111.3  12.5 260.0 253.0  40.2    .0  85.2  39.4  32.9
1931     283   297   148   188  1059.  2048.  8661. 10301. 21009.   .49  4.49  602.  3.49   71.  587.  155.    308. 375.   0. 180.  4.53 118.6   6.5 -78.7  11.7 260.0 276.4  39.3    .0  76.0  39.2  32.7

 MEANS over  30 years  :
        283.  296.  152.  198.  1133.  2145.  9164. 10787. 22096.   .49  4.68  703.  3.15   69.  601.  158.    288. 349.   0. 125.  4.96 122.9   6.6 -88.1  12.0 260.0 275.3  35.5    .0  80.5  39.3  32.8
 STANDARD DEVIATIONS  :
          0.    3.    4.    8.   240.   432.   874.  1332.  2207.   .03   .89   87.   .16   19.  102.   25.     39.  81.   0.  65.   .46   5.3    .0  28.8   2.0    .0  29.8  11.5    .0   5.0    .1    .1
 VARIATION COEFFICIENTS (%)  : 
          .0    .9   2.7   4.0   21.2   20.1    9.5   12.3   10.0   5.5  19.1  12.4   5.0  28.1  17.0  15.7    13.6 23.3   .0 51.6   9.2   4.3    .3  32.7  17.0    .0  10.8  32.5    .0   6.2    .3    .3



*** RESULTS OF CROP GROWTH MODEL NWHEAT *** SUMMARY OF OUTPUT FOR WINTER WHEAT AND YIELD STATISTICS ***

Name of run: R6VW3, Station= 6675V, Soil=   1, Crop=   3, Organic M.=   1, Nsoil=   1, IRR=   0, Runof=  .00
 Roth., UKTR scen.(El.normal) dec.66-75, Var. change, wat-lim. prod.,CO2 617ppm  


YEAR     SOW EMERG  ANTH  HALT   WRT   WLV    WST   WGR    TAGB     HI  LAIM PARAB  RUE   DWAV RAIN  ESOIL   TRANS DRAIN RUNOF IRR  WUE MINOM MINFM DNTOT NRAIN NGIFT NUPT  NLEACH NIMMO  NUE  DNFM  NBIOM
1902     283   290   161   207  1876.  3306.  9827.  7817. 20949.   .37  7.09  961.  2.18  193.  604.  108.    296. 392.   0.   0.  5.18 121.3   6.5  -4.8  12.1 260.0 354.8  34.5    .0  59.0  39.3  32.7
1903     283   299   153   183  1126.  2118.  8339.  7694. 18152.   .42  4.60  595.  3.05  197.  365.  140.    270. 151.   0.   0.  4.42 106.3   6.5 -93.2   7.3 260.0 273.8   9.4    .0  66.3  38.8  32.4
1904     283   297   147   196   796.  1513.  7847.  9755. 19115.   .51  3.37  590.  3.24  171.  684.  187.    230. 438.   0.   0.  4.58 115.7   6.5-106.5  13.7 260.0 238.9  49.4    .0  80.0  39.2  32.6
1905     283   293   152   191  1474.  2720.  9130.  7914. 19764.   .40  5.84  719.  2.75  187.  446.  149.    272. 212.   0.   0.  4.69 117.8   6.5 -54.3   8.9 260.0 319.0  15.2    .0  62.0  39.2  32.7
1906     283   296   160   208  1084.  2090.  9184. 10724. 21997.   .49  4.59  675.  3.26  164.  402.  142.    234. 190.   0.   0.  5.85 106.2   6.5 -88.3   8.0 260.0 276.5  13.4    .0  79.5  38.8  32.4
1907     283   295   156   202  1535.  2919.  8611.  4063. 15594.   .26  6.31  759.  2.05  200.  375.  124.    265. 186.   0.   0.  4.01 108.9   6.5 -55.4   7.5 260.0 310.2  13.0    .0  50.3  38.9  32.5
1908     283   298   154   202  1214.  2379. 10358. 11919. 24655.   .48  5.23  776.  3.18  161.  603.  148.    293. 323.   0.   0.  5.59 118.4   6.5 -59.7  12.1 260.0 301.9  32.5    .0  81.7  39.2  32.7
1909     283   297   157   194   830.  1585.  8807.  8396. 18787.   .45  3.52  543.  3.46  149.  555.  182.    207. 316.   0.   0.  4.84 110.6   6.5-136.3  11.1 260.0 219.8  30.3    .0  85.5  39.0  32.5
1910     283   294   146   197  1076.  2088.  8690. 10992. 21771.   .50  4.59  669.  3.25  166.  595.  160.    270. 332.   0.   0.  5.07 122.8   6.6 -89.7  11.9 260.0 273.7  35.5    .0  79.5  39.3  32.8
1911     283   293   148   196   959.  1766.  7887. 10141. 19794.   .51  3.90  653.  3.03  206.  606.  169.    259. 383.   0.   0.  4.62 118.2   6.5 -97.4  12.1 260.0 254.5  43.3    .0  77.8  39.2  32.7
1912     283   297   155   205  1148.  2231.  8181. 10697. 21109.   .51  4.88  752.  2.81  188.  587.  156.    254. 365.   0.   0.  5.15 109.1   6.5 -52.2  11.7 260.0 293.8  38.9    .0  71.9  38.9  32.4
1913     283   295   152   214  1027.  1989.  7688. 11219. 20895.   .54  4.40  732.  2.86  180.  669.  214.    262. 373.   0.   0.  4.39 113.9   6.5 -76.2  13.4 260.0 274.9  41.3    .0  76.0  39.1  32.6
1914     283   299   148   204  1064.  2016.  8055.  7490. 17561.   .43  4.44  748.  2.35  210.  600.  143.    228. 440.   0.   0.  4.74 112.1   6.5 -83.2  12.0 260.0 255.6  50.1    .0  68.7  39.0  32.5
1915     283   296   151   195  1357.  2576.  8844. 11200. 22620.   .50  5.61  682.  3.32  175.  539.  138.    327. 249.   0.   0.  4.87 124.7   6.6 -62.8  10.8 260.0 315.7  19.8    .0  71.6  39.4  32.8
1916     283   302   148   210   822.  1557.  7519. 11156. 20232.   .55  3.48  681.  2.97   92.  676.  178.    239. 351.   0.   0.  4.85 126.7   6.6-122.5  13.5 260.0 247.2  36.3    .0  81.8  39.4  32.8
1917     283   298   155   211  1225.  2418.  7310. 10526. 20254.   .52  5.28  767.  2.64  199.  553.  179.    278. 294.   0.   0.  4.43 113.1   6.5 -78.6  11.1 260.0 281.6  28.0    .0  71.9  39.1  32.6
1918     283   298   152   210  1007.  1940.  8454. 12863. 23257.   .55  4.30  733.  3.17   11.  728.  179.    276. 284.   0.   0.  5.11 123.2   6.6 -92.5  14.6 260.0 283.9  26.3    .0  81.9  39.3  32.8
1919     283   292   154   193  1125.  2142. 10225. 10624. 22991.   .46  4.67  742.  3.10  159.  699.  152.    280. 426.   0.   0.  5.33 112.0   6.5 -52.3  14.0 260.0 292.3  45.1    .0  78.7  39.0  32.5
1920     283   292   157   207  1221.  2298.  8231.  8275. 18804.   .44  4.97  777.  2.42  212.  642.  149.    238. 467.   0.   0.  4.86 106.2   6.5 -42.3  12.8 260.0 288.2  52.9    .0  65.3  38.8  32.4
1921     283   298   151   200  1124.  2060. 10039. 11926. 24025.   .50  4.48  768.  3.13  190.  641.  161.    278. 392.   0.   0.  5.48 121.7   6.6 -82.0  12.8 260.0 275.8  40.9    .0  87.1  39.3  32.8
1922     283   295   156   189  1558.  2973.  8203.  2557. 13733.   .19  6.31  709.  1.94  202.  581.  107.    239. 437.   0.   0.  3.98 105.7   6.5 -34.5  11.6 260.0 295.5  47.6    .0  46.5  38.8  32.4
1923     283   292   153   191  1233.  2357.  8416.  5765. 16537.   .35  5.11  671.  2.47  208.  604.  140.    260. 412.   0.   0.  4.13 107.1   6.5 -61.8  12.1 260.0 274.1  46.5    .0  60.3  38.9  32.4
1924     283   296   153   189   784.  1486.  7224.  8215. 16925.   .49  3.28  565.  3.00   22.  781.  184.    227. 392.   0.   0.  4.12 118.3   6.5-151.8  15.6 260.0 207.5  39.6    .0  81.6  39.2  32.7
1925     283   297   150   192   879.  1661.  7048.  8792. 17501.   .50  3.67  611.  2.86  208.  580.  169.    269. 350.   0.   0.  4.00 113.0   6.5-123.0  11.6 260.0 228.3  38.2    .0  76.7  39.1  32.6
1926     283   297   152   193  1037.  1962.  8752. 10149. 20863.   .49  4.30  674.  3.10   35.  719.  145.    273. 337.   0.   0.  4.99 122.3   6.6-104.1  14.4 260.0 263.6  32.7    .0  79.1  39.3  32.8
1927     283   292   150   190  1050.  1930.  7987.  9474. 19392.   .49  4.18  597.  3.25  147.  531.  153.    254. 271.   0.   0.  4.76 118.6   6.5-105.8  10.6 260.0 262.6  24.6    .0  73.8  39.2  32.7
1928     283   295   144   200  1158.  2199.  8994. 11675. 22868.   .51  4.81  696.  3.28  146.  769.  141.    326. 449.   0.   0.  4.90 128.5   6.6 -87.1  15.4 260.0 274.0  46.7    .0  83.5  39.4  32.9
1929     283   291   152   196  1012.  1900.  9996. 10611. 22507.   .47  4.20  778.  2.89  135.  681.  182.    257. 377.   0.   0.  5.12 120.9   6.5 -92.9  13.6 260.0 266.4  39.5    .0  84.5  39.3  32.7
1930     283   297   144   193   962.  1806.  7751.  8829. 18386.   .48  3.97  653.  2.81  204.  623.  172.    269. 386.   0.   0.  4.16 116.0   6.5 -97.2  12.5 260.0 255.6  40.2    .0  71.9  39.2  32.6
1931     283   297   148   188  1059.  2048.  8536.  5694. 16278.   .35  4.49  592.  2.75  184.  587.  158.    239. 375.   0.   0.  4.10 105.7   6.5 -62.4  11.7 260.0 279.8  39.3    .0  58.2  38.8  32.4

 MEANS over  30 years  :
        283.  296.  152.  198.  1127.  2134.  8538.  9238. 19910.   .46  4.66  696.  2.89  163.  601.  157.    262. 345.   0.   0.  4.74 115.5   6.5 -81.7  12.0 260.0 274.7  35.0    .0  73.1  39.1  32.6
 STANDARD DEVIATIONS  :
          0.    3.    4.    8.   239.   431.   877.  2367.  2619.   .08   .89   84.   .39   54.  102.   23.     27.  82.   0.   0.   .49   6.7    .0  30.8   2.0    .0  29.8  11.6    .0  10.3    .2    .2
 VARIATION COEFFICIENTS (%)  : 
          .0    .9   2.7   4.0   21.2   20.2   10.3   25.6   13.2  17.9  19.1  12.1  13.4  33.0  17.0  14.8    10.2 23.8   .0   .0  10.4   5.8    .5  37.7  17.0    .0  10.9  33.1    .0  14.1    .5    .5



*** RESULTS OF CROP GROWTH MODEL NWHEAT *** SUMMARY OF OUTPUT FOR WINTER WHEAT AND YIELD STATISTICS ***

Name of run: R6P1 , Station= 6675 , Soil=   1, Crop=   1, Organic M.=   1, Nsoil=   1, IRR=   1, Runof=  .00
 Roth., UKTR scen.(EL.normal) dec.66-75, no Var. change, pot. prod., CO2 353 ppm 


YEAR     SOW EMERG  ANTH  HALT   WRT   WLV    WST   WGR    TAGB     HI  LAIM PARAB  RUE   DWAV RAIN  ESOIL   TRANS DRAIN RUNOF IRR  WUE MINOM MINFM DNTOT NRAIN NGIFT NUPT  NLEACH NIMMO  NUE  DNFM  NBIOM
1902     283   291   157   202  1178.  2110.  7640.  8956. 18706.   .48  4.95  718.  2.61   43.  522.  133.    295. 226.   0.  90.  4.37 125.1   6.6-114.8  10.4 260.0 267.3  17.2    .0  70.0  39.4  32.8
1903     283   294   154   190  1102.  2003.  7619.  8534. 18156.   .47  4.70  649.  2.80   68.  762.  152.    322. 476.   0. 120.  3.83 124.4   6.6-111.2  15.2 260.0 243.9  48.1    .0  74.4  39.4  32.8
1904     283   296   151   199   834.  1593.  7165.  9013. 17771.   .51  3.81  656.  2.71   73.  595.  166.    273. 319.   0.  90.  4.04 118.7   6.5-132.5  11.9 260.0 234.3  29.0    .0  75.9  39.2  32.7
1905     283   293   152   194  1485.  2722.  7555. 10080. 20358.   .50  6.29  760.  2.68   79.  676.  129.    342. 394.   0. 110.  4.32 125.0   6.6 -63.7  13.5 260.0 295.3  41.7    .0  68.9  39.4  32.8
1906     283   297   154   203   901.  1691.  6661.  9043. 17395.   .52  4.03  635.  2.74   79.  633.  161.    255. 376.   0.  80.  4.18 123.2   6.6-132.4  12.7 260.0 227.4  41.1    .0  76.5  39.3  32.8
1907     283   293   157   203  1568.  2891.  7379. 10230. 20500.   .50  6.74  775.  2.65   82.  570.  114.    401. 337.   0. 200.  3.98 125.7   6.6 -57.2  11.4 260.0 308.2  33.6    .0  66.5  39.4  32.8
1908     283   294   159   204  1513.  2847.  8937. 10418. 22202.   .47  6.66  860.  2.58   45.  648.  109.    354. 330.   0. 100.  4.80 123.3   6.6 -40.4  13.0 260.0 325.8  32.4    .0  68.1  39.3  32.8
1909     283   295   159   200   809.  1509.  6764.  7597. 15870.   .48  3.59  596.  2.66   73.  574.  178.    227. 261.   0.  20.  3.91 114.5   6.5-147.6  11.5 260.0 220.9  22.7    .0  71.9  39.1  32.6
1910     283   293   153   201   910.  1666.  6949.  8799. 17415.   .51  3.95  694.  2.51   62.  637.  167.    260. 321.   0.  50.  4.07 123.3   6.6-142.1  12.7 260.0 227.5  31.4    .0  76.5  39.3  32.8
1911     283   293   155   201  1171.  2203.  7639. 10512. 20354.   .52  5.24  770.  2.65   91.  521.  137.    336. 260.   0. 120.  4.31 127.0   6.6-107.1  10.4 260.0 273.2  20.8    .0  74.5  39.4  32.9
1912     283   297   150   197  1057.  1980.  7225.  9645. 18850.   .51  4.71  643.  2.93   17.  628.  143.    307. 285.   0.  90.  4.19 122.2   6.6-120.4  12.6 260.0 253.2  25.5    .0  74.5  39.3  32.8
1913     283   296   160   218  1011.  1911.  7730. 11323. 20963.   .54  4.55  811.  2.59   63.  765.  192.    308. 418.   0.  90.  4.19 122.8   6.6-103.5  15.3 260.0 254.3  45.3    .0  82.4  39.3  32.8
1914     283   296   149   200   906.  1721.  6896.  9781. 18399.   .53  4.13  650.  2.83   59.  547.  151.    276. 239.   0.  60.  4.31 123.2   6.6-137.0  10.9 260.0 244.6  17.6    .0  75.2  39.3  32.8
1915     283   294   151   195   919.  1667.  6468.  8603. 16739.   .51  3.94  673.  2.49   82.  692.  167.    315. 382.   0.  90.  3.47 126.9   6.6-132.7  13.8 260.0 231.1  41.5    .0  72.4  39.4  32.9
1916     283   291   145   201   949.  1784.  6955.  9931. 18670.   .53  4.25  686.  2.72   70.  519.  158.    316. 254.   0. 140.  3.94 127.9   6.6-132.3  10.4 260.0 249.7  21.3    .0  74.8  39.4  32.9
1917     283   297   152   213  1212.  2302.  7742. 11757. 21801.   .54  5.43  790.  2.76   75.  568.  154.    353. 257.   0. 120.  4.31 128.4   6.6-103.6  11.4 260.0 279.0  21.5    .0  78.1  39.4  32.9
1918     283   293   149   201   834.  1556.  6363.  9587. 17507.   .55  3.73  672.  2.60   97.  560.  198.    302. 287.   0. 130.  3.50 127.4   6.6-149.0  11.2 260.0 228.0  26.3    .0  76.8  39.4  32.9
1919     283   293   149   195  1226.  2259.  7981. 10158. 20398.   .50  5.30  751.  2.72   79.  587.  141.    339. 316.   0. 130.  4.25 130.4   6.6 -97.4  11.7 260.0 277.5  30.2    .0  73.5  39.5  32.9
1920     283   296   152   202  1169.  2184.  8924.  9870. 20978.   .47  5.15  779.  2.69   84.  684.  132.    333. 403.   0. 100.  4.52 127.0   6.6-102.0  13.7 260.0 260.9  41.6    .0  80.4  39.4  32.9
1921     283   296   154   197  1331.  2512.  8591. 10203. 21306.   .48  5.90  832.  2.56   71.  442.  117.    355. 241.   0. 200.  4.51 122.4   6.6 -72.1   8.8 260.0 302.3  19.7    .0  70.5  39.3  32.8
1922     283   292   151   192  1312.  2297.  7449.  9366. 19111.   .49  5.37  737.  2.59   73.  535.  121.    380. 297.   0. 190.  3.81 132.8   6.6-104.4  10.7 260.0 277.0  24.9    .0  69.0  39.5  32.9
1923     283   292   150   190  1346.  2411.  7376.  9745. 19532.   .50  5.61  681.  2.87   74.  511.  129.    392. 222.   0. 158.  3.74 126.1   6.6 -95.9  10.2 260.0 286.9  16.3    .0  68.1  39.4  32.8
1924     283   295   153   196   906.  1711.  6904.  8831. 17447.   .51  4.07  640.  2.73   79.  614.  164.    281. 358.   0. 110.  3.92 118.8   6.5-118.6  12.3 260.0 239.5  37.8    .0  72.8  39.2  32.7
1925     283   294   148   204   861.  1628.  7628. 10581. 19837.   .53  3.92  715.  2.77   47.  594.  185.    327. 278.   0. 150.  3.87 126.8   6.6-132.3  11.9 260.0 247.3  24.5    .0  80.2  39.4  32.8
1926     283   294   146   192  1026.  1931.  6968.  9570. 18469.   .52  4.58  674.  2.74   79.  696.  154.    329. 412.   0. 120.  3.82 127.3   6.6-111.8  13.9 260.0 253.4  40.3    .0  72.9  39.4  32.9
1927     283   293   153   198  1278.  2392.  7365. 10552. 20309.   .52  5.63  697.  2.91   26.  633.  121.    307. 247.   0.  16.  4.74 125.8   6.6-108.4  12.7 260.0 278.2  15.0    .0  73.0  39.4  32.8
1928     283   295   147   196  1109.  2059.  6279.  9965. 18303.   .54  4.84  631.  2.90   87.  646.  142.    355. 325.   0.  90.  3.68 130.5   6.6-121.9  12.9 260.0 252.9  32.5    .0  72.4  39.5  32.9
1929     283   294   156   196  1330.  2486.  8536. 10490. 21513.   .49  5.81  794.  2.71   76.  580.  142.    327. 313.   0. 127.  4.58 123.7   6.6 -67.9  11.6 260.0 299.3  30.8    .0  71.9  39.4  32.8
1930     283   295   155   194  1083.  2008.  6749.  8312. 17069.   .49  4.75  676.  2.53   69.  628.  131.    346. 291.   0.  70.  3.58 123.6   6.6-129.9  12.6 260.0 249.6  20.4    .0  68.4  39.4  32.8
1931     283   294   151   194  1101.  2107.  6909.  9597. 18614.   .52  4.99  652.  2.85   73.  591.  139.    353. 243.   0.  70.  3.78 119.4   6.5-120.0  11.8 260.0 255.2  19.7    .0  72.9  39.3  32.7

 MEANS over  30 years  :
        283.  294.  152.  199.  1115.  2071.  7378.  9702. 19151.   .51  4.89  710.  2.70   69.  605.  148.    322. 312.   0. 108.  4.09 124.8   6.6-110.3  12.1 260.0 261.4  29.0    .0  73.5  39.4  32.8
 STANDARD DEVIATIONS  :
          0.    2.    4.    6.   210.   380.   687.   881.  1628.   .02   .86   67.   .12   18.   72.   23.     39.  65.   0.  44.   .35   3.7    .0  26.8   1.4    .0  26.5   9.4    .0   3.8    .1    .1
 VARIATION COEFFICIENTS (%)  : 
          .0    .6   2.5   3.0   18.9   18.3    9.3    9.1    8.5   4.5  17.5   9.4   4.4  25.4  11.9  15.3    12.2 20.7   .0 41.0   8.5   3.0    .2  24.3  11.9    .0  10.1  32.4    .0   5.2    .2    .2



*** RESULTS OF CROP GROWTH MODEL NWHEAT *** SUMMARY OF OUTPUT FOR WINTER WHEAT AND YIELD STATISTICS ***

Name of run: R6W1 , Station= 6675 , Soil=   1, Crop=   1, Organic M.=   1, Nsoil=   1, IRR=   0, Runof=  .00
 Roth., UKTR scen.(El.normal) dec.66-75, no Var. change,wat-lim. prod.,CO2 353ppm


YEAR     SOW EMERG  ANTH  HALT   WRT   WLV    WST   WGR    TAGB     HI  LAIM PARAB  RUE   DWAV RAIN  ESOIL   TRANS DRAIN RUNOF IRR  WUE MINOM MINFM DNTOT NRAIN NGIFT NUPT  NLEACH NIMMO  NUE  DNFM  NBIOM
1902     283   291   157   202  1178.  2110.  7638.  8952. 18700.   .48  4.95  718.  2.60  132.  522.  133.    295. 226.   0.   0.  4.37 122.8   6.6-108.4  10.4 260.0 271.4  17.1    .0  68.9  39.3  32.8
1903     283   294   154   190  1102.  2003.  7614.  8534. 18151.   .47  4.70  649.  2.80  183.  762.  147.    322. 476.   0.   0.  3.87 119.9   6.5-102.2  15.2 260.0 248.3  48.1    .0  73.1  39.3  32.7
1904     283   296   151   199   834.  1593.  7164.  9012. 17769.   .51  3.81  656.  2.71  154.  595.  158.    273. 319.   0.   0.  4.13 115.8   6.5-127.3  11.9 260.0 236.5  29.0    .0  75.1  39.2  32.6
1905     283   293   152   194  1485.  2722.  7554. 10026. 20302.   .49  6.29  760.  2.67  187.  676.  128.    341. 394.   0.   0.  4.33 121.1   6.5 -56.4  13.5 260.0 298.5  41.7    .0  68.0  39.3  32.7
1906     283   297   154   203   901.  1691.  6658.  8947. 17296.   .52  4.03  635.  2.72  157.  633.  161.    254. 376.   0.   0.  4.17 119.0   6.5-122.9  12.7 260.0 232.6  41.1    .0  74.4  39.2  32.7
1907     283   293   157   203  1568.  2891.  7365.  5753. 16009.   .36  6.74  763.  2.10  210.  570.  116.    327. 337.   0.   0.  3.61 116.1   6.5 -53.6  11.4 260.0 302.6  33.6    .0  52.9  39.2  32.6
1908     283   294   159   204  1513.  2847.  8925. 10169. 21942.   .46  6.66  860.  2.55  142.  648.  109.    350. 330.   0.   0.  4.78 119.3   6.5 -33.6  13.0 260.0 328.5  32.4    .0  66.8  39.3  32.7
1909     283   295   159   200   809.  1509.  6764.  7597. 15870.   .48  3.59  596.  2.66   92.  574.  178.    227. 261.   0.   0.  3.92 113.9   6.5-146.9  11.5 260.0 220.9  22.7    .0  71.8  39.1  32.6
1910     283   293   153   201   910.  1666.  6947.  8799. 17413.   .51  3.95  694.  2.51  111.  637.  167.    260. 321.   0.   0.  4.08 120.5   6.5-138.2  12.7 260.0 228.6  31.4    .0  76.2  39.3  32.7
1911     283   293   155   201  1171.  2203.  7634. 10293. 20130.   .51  5.24  770.  2.62  202.  521.  131.    332. 260.   0.   0.  4.35 121.6   6.6 -93.8  10.4 260.0 280.8  20.8    .0  71.7  39.3  32.8
1912     283   297   150   197  1057.  1980.  7222.  9640. 18842.   .51  4.71  643.  2.93  107.  628.  142.    307. 285.   0.   0.  4.19 118.5   6.5-111.9  12.6 260.0 257.8  25.5    .0  73.1  39.2  32.7
1913     283   296   160   218  1011.  1911.  7723. 11323. 20956.   .54  4.55  811.  2.58  153.  765.  192.    308. 418.   0.   0.  4.19 118.3   6.5 -92.6  15.3 260.0 260.5  45.3    .0  80.4  39.2  32.7
1914     283   296   149   200   906.  1721.  6896.  9781. 18398.   .53  4.13  650.  2.83  118.  547.  150.    276. 239.   0.   0.  4.32 119.8   6.5-133.1  10.9 260.0 245.0  17.6    .0  75.1  39.3  32.7
1915     283   294   151   195   919.  1667.  6465.  8598. 16730.   .51  3.94  673.  2.49  167.  692.  162.    315. 382.   0.   0.  3.51 123.8   6.6-123.6  13.8 260.0 236.2  41.5    .0  70.8  39.4  32.8
1916     283   291   145   201   949.  1784.  6877.  7045. 15706.   .45  4.25  678.  2.32  177.  519.  160.    281. 254.   0.   0.  3.55 118.4   6.5-116.7  10.4 260.0 255.6  21.3    .0  61.4  39.2  32.7
1917     283   297   152   213  1212.  2302.  7438. 11757. 21497.   .55  5.43  790.  2.72  190.  568.  153.    348. 257.   0.   0.  4.30 123.2   6.6 -89.0  11.4 260.0 288.2  21.5    .0  74.6  39.3  32.8
1918     283   293   149   201   834.  1556.  6359.  9477. 17392.   .54  3.73  672.  2.59  211.  560.  183.    300. 287.   0.   0.  3.59 118.9   6.5-134.0  11.2 260.0 234.1  26.3    .0  74.3  39.2  32.7
1919     283   293   149   195  1226.  2259.  7974.  9024. 19257.   .47  5.30  750.  2.57  192.  587.  140.    323. 316.   0.   0.  4.16 122.9   6.6 -81.4  11.7 260.0 284.8  30.2    .0  67.6  39.3  32.8
1920     283   296   152   202  1169.  2184.  8910.  9870. 20965.   .47  5.15  779.  2.69  178.  684.  125.    333. 403.   0.   0.  4.58 124.2   6.6 -92.4  13.7 260.0 266.2  41.6    .0  78.7  39.4  32.8
1921     283   296   154   197  1331.  2512.  8559.  5856. 16927.   .35  5.90  820.  2.06  198.  442.  122.    277. 241.   0.   0.  4.24 111.1   6.5 -59.7   8.8 260.0 303.3  19.7    .0  55.8  39.0  32.5
1922     283   292   151   192  1312.  2297.  7430.  6508. 16234.   .40  5.37  731.  2.22  208.  535.  121.    325. 297.   0.   0.  3.63 123.8   6.6-103.3  10.7 260.0 269.3  24.9    .0  60.3  39.4  32.8
1923     283   292   150   190  1330.  2389.  7331.  8353. 18073.   .46  5.57  678.  2.67  198.  511.  130.    367. 213.   0.   0.  3.64 118.2   6.5 -92.1  10.2 260.0 283.7  15.4    .0  63.7  39.2  32.7
1924     283   295   153   196   906.  1711.  6901.  8634. 17246.   .50  4.07  640.  2.70  184.  614.  163.    277. 358.   0.   0.  3.92 115.5   6.5-107.9  12.3 260.0 246.7  37.8    .0  69.9  39.2  32.6
1925     283   294   148   204   861.  1628.  6915. 10437. 18980.   .55  3.92  713.  2.66  179.  594.  183.    311. 278.   0.   0.  3.84 120.1   6.5-127.8  11.9 260.0 245.0  24.5    .0  77.5  39.3  32.7
1926     283   294   146   192  1026.  1931.  6965.  9545. 18441.   .52  4.58  674.  2.73  191.  696.  146.    329. 412.   0.   0.  3.88 123.4   6.6-100.4  13.9 260.0 260.4  40.3    .0  70.8  39.3  32.8
1927     283   293   153   198  1226.  2306.  7310. 10471. 20087.   .52  5.43  685.  2.93   26.  633.  114.    299. 246.   0.   0.  4.87 124.9   6.6-113.2  12.7 260.0 272.7  15.0    .0  73.7  39.4  32.8
1928     283   295   147   196  1109.  2059.  6278.  9962. 18298.   .54  4.84  631.  2.90  176.  646.  142.    355. 325.   0.   0.  3.68 126.8   6.6-113.8  12.9 260.0 257.1  32.5    .0  71.2  39.4  32.8
1929     283   294   156   196  1312.  2456.  8514. 10026. 20996.   .48  5.74  789.  2.66  187.  580.  144.    316. 307.   0.   0.  4.57 119.4   6.5 -59.8  11.6 260.0 303.9  30.0    .0  69.1  39.3  32.7
1930     283   295   155   194  1083.  2008.  6747.  8308. 17063.   .49  4.75  676.  2.53  139.  628.  130.    346. 291.   0.   0.  3.59 121.9   6.6-123.7  12.6 260.0 253.9  20.4    .0  67.2  39.3  32.8
1931     283   294   151   194  1101.  2107.  6906.  9595. 18608.   .52  4.99  652.  2.85  143.  591.  139.    353. 243.   0.   0.  3.79 117.9   6.5-114.8  11.8 260.0 258.6  19.7    .0  72.0  39.2  32.7

 MEANS over  30 years  :
        283.  294.  152.  199.  1112.  2067.  7333.  9076. 18476.   .49  4.88  708.  2.62  163.  605.  146.    311. 312.   0.   0.  4.05 120.0   6.5-102.5  12.1 260.0 264.4  29.0    .0  70.2  39.3  32.7
 STANDARD DEVIATIONS  :
          0.    2.    4.    6.   208.   376.   684.  1410.  1718.   .05   .85   66.   .21   41.   72.   21.     33.  65.   0.   0.   .37   3.4    .0  27.3   1.4    .0  25.8   9.5    .0   6.2    .1    .1
 VARIATION COEFFICIENTS (%)  : 
          .0    .6   2.5   3.0   18.7   18.2    9.3   15.5    9.3  10.1  17.4   9.3   8.1  25.0  11.9  14.7    10.7 20.9   .0   .0   9.1   2.8    .2  26.7  11.9    .0   9.7  32.7    .0   8.9    .2    .2



*** RESULTS OF CROP GROWTH MODEL NWHEAT *** SUMMARY OF OUTPUT FOR WINTER WHEAT AND YIELD STATISTICS ***

Name of run: R6P3 , Station= 6675 , Soil=   1, Crop=   3, Organic M.=   1, Nsoil=   1, IRR=   1, Runof=  .00
 Roth., UKTR scen.(El.normal) dec.66-75, no Var. change, pot. prod., CO2 617 ppm 


YEAR     SOW EMERG  ANTH  HALT   WRT   WLV    WST   WGR    TAGB     HI  LAIM PARAB  RUE   DWAV RAIN  ESOIL   TRANS DRAIN RUNOF IRR  WUE MINOM MINFM DNTOT NRAIN NGIFT NUPT  NLEACH NIMMO  NUE  DNFM  NBIOM
1902     283   291   157   202  1242.  2236.  8528. 10766. 21531.   .50  4.86  708.  3.04   40.  522.  137.    268. 228.   0.  70.  5.32 125.3   6.6 -95.3  10.4 260.0 286.6  17.4    .0  75.1  39.4  32.8
1903     283   294   154   190  1179.  2161. 10267.  9287. 21716.   .43  4.69  644.  3.37   63.  762.  154.    292. 490.   0. 110.  4.88 124.2   6.6 -91.0  15.2 260.0 263.2  48.5    .0  82.5  39.4  32.8
1904     283   296   151   199   885.  1691.  8485. 10494. 20670.   .51  3.75  646.  3.20   77.  595.  170.    245. 327.   0.  70.  4.98 118.7   6.5-115.2  11.9 260.0 250.9  29.5    .0  82.4  39.2  32.7
1905     283   293   152   194  1599.  2975.  8828. 11830. 23633.   .50  6.34  753.  3.14   79.  676.  132.    314. 399.   0.  90.  5.30 125.2   6.6 -43.5  13.5 260.0 314.7  42.1    .0  75.1  39.4  32.8
1906     283   297   154   203   957.  1794.  7631. 10696. 20121.   .53  3.95  626.  3.21   87.  633.  165.    228. 378.   0.  50.  5.13 122.5   6.6-111.9  12.7 260.0 246.6  41.4    .0  81.6  39.3  32.8
1907     283   293   157   203  1686.  3157.  8689. 11745. 23591.   .50  6.80  764.  3.09   77.  570.  118.    367. 342.   0. 180.  4.86 125.9   6.6 -43.1  11.4 260.0 321.6  34.2    .0  73.4  39.4  32.8
1908     283   294   159   204  1593.  3022. 10028. 12473. 25522.   .49  6.53  850.  3.00   31.  648.  113.    322. 334.   0.  90.  5.86 123.4   6.6 -25.6  13.0 260.0 340.0  32.8    .0  75.1  39.3  32.8
1909     283   295   159   200   865.  1616.  7758.  9381. 18754.   .50  3.56  586.  3.20   72.  574.  181.    201. 263.   0.   0.  4.91 114.1   6.5-127.3  11.5 260.0 240.3  23.0    .0  78.1  39.1  32.6
1910     283   293   153   201   954.  1745.  8746.  9503. 19995.   .48  3.82  678.  2.95   63.  637.  173.    230. 337.   0.  40.  4.96 122.9   6.6-124.6  12.7 260.0 243.5  32.4    .0  82.1  39.3  32.8
1911     283   293   155   201  1238.  2334.  9307. 12114. 23755.   .51  5.13  760.  3.13   92.  521.  141.    303. 270.   0. 100.  5.36 126.9   6.6 -86.4  10.4 260.0 293.0  21.3    .0  81.1  39.4  32.8
1912     283   297   150   197  1141.  2152.  8282. 11570. 22004.   .53  4.73  640.  3.44   13.  628.  144.    280. 287.   0.  70.  5.19 122.2   6.6 -95.2  12.6 260.0 277.8  25.8    .0  79.2  39.3  32.8
1913     283   296   160   218  1053.  1993.  9739. 12207. 23939.   .51  4.39  793.  3.02   54.  765.  198.    271. 420.   0.  70.  5.11 122.6   6.6 -85.3  15.3 260.0 271.9  45.6    .0  88.0  39.3  32.8
1914     283   296   149   200   958.  1830.  8203. 11413. 21446.   .53  4.06  640.  3.35   62.  547.  155.    246. 248.   0.  40.  5.35 123.1   6.6-115.4  10.9 260.0 265.2  18.3    .0  80.9  39.3  32.8
1915     283   294   151   195   959.  1744.  7593.  9880. 19216.   .51  3.82  662.  2.90   92.  692.  167.    279. 388.   0.  50.  4.31 126.1   6.6-118.8  13.8 260.0 243.4  42.3    .0  78.9  39.4  32.8
1916     283   291   145   201  1012.  1913.  7932. 11679. 21524.   .54  4.22  680.  3.17   74.  519.  160.    285. 257.   0. 110.  4.83 127.7   6.6-111.0  10.4 260.0 270.2  21.7    .0  79.7  39.4  32.9
1917     283   297   152   213  1290.  2469.  9889. 12792. 25151.   .51  5.38  782.  3.22   79.  568.  157.    322. 259.   0.  90.  5.26 128.2   6.6 -84.1  11.4 260.0 297.8  21.7    .0  84.5  39.4  32.9
1918     283   293   149   201   872.  1625.  7672. 10979. 20276.   .54  3.60  658.  3.08   90.  560.  203.    268. 289.   0. 110.  4.30 127.4   6.6-133.9  11.2 260.0 242.9  26.6    .0  83.5  39.4  32.9
1919     283   293   149   195  1331.  2472.  9083. 12242. 23797.   .51  5.35  750.  3.17   87.  587.  141.    310. 323.   0. 100.  5.28 130.2   6.6 -71.3  11.7 260.0 302.7  30.8    .0  78.6  39.5  32.9
1920     283   296   152   202  1240.  2329. 11105. 10758. 24192.   .44  5.07  771.  3.14   93.  684.  135.    303. 410.   0.  70.  5.53 127.0   6.6 -81.5  13.7 260.0 280.7  42.0    .0  86.2  39.4  32.9
1921     283   296   154   197  1424.  2704.  9788. 12047. 24539.   .49  5.86  826.  2.97   73.  442.  119.    324. 242.   0. 170.  5.54 122.2   6.6 -50.7   8.8 260.0 323.1  19.9    .0  76.0  39.3  32.8
1922     283   292   151   192  1420.  2511.  8801. 11139. 22452.   .50  5.42  734.  3.06   68.  535.  122.    349. 303.   0. 170.  4.77 132.8   6.6 -81.7  10.7 260.0 299.2  25.1    .0  75.0  39.5  32.9
1923     283   292   150   190  1442.  2616.  8971. 11244. 22830.   .49  5.62  673.  3.39   74.  511.  133.    355. 225.   0. 128.  4.67 126.1   6.6 -77.2  10.2 260.0 304.8  16.7    .0  74.9  39.4  32.8
1924     283   295   153   196   969.  1841.  8058. 10550. 20449.   .52  4.06  631.  3.24   76.  614.  167.    252. 361.   0.  90.  4.88 119.0   6.5 -99.6  12.3 260.0 258.0  38.2    .0  79.3  39.2  32.7
1925     283   294   148   204   920.  1747. 10086. 11557. 23391.   .49  3.89  708.  3.30   48.  594.  187.    293. 282.   0. 120.  4.87 126.6   6.6-109.7  11.9 260.0 268.9  25.1    .0  87.0  39.4  32.8
1926     283   294   146   192  1091.  2076.  8280. 10990. 21347.   .51  4.55  666.  3.20   86.  696.  157.    296. 419.   0.  90.  4.71 127.3   6.6 -98.2  13.9 260.0 266.2  40.9    .0  80.2  39.4  32.9
1927     283   293   153   198  1361.  2566.  9221. 11857. 23643.   .50  5.57  691.  3.42   23.  633.  124.    280. 268.   0.  16.  5.86 125.9   6.6 -85.5  12.7 260.0 300.1  15.8    .0  78.8  39.4  32.8
1928     283   295   147   196  1199.  2255.  8018. 11254. 21527.   .52  4.89  630.  3.42   89.  646.  142.    325. 328.   0.  60.  4.61 130.4   6.6 -97.6  12.9 260.0 276.7  32.7    .0  77.8  39.5  32.9
1929     283   294   156   196  1424.  2685. 10316. 12211. 25211.   .48  5.80  788.  3.20   73.  580.  145.    299. 316.   0. 107.  5.68 123.8   6.6 -45.7  11.6 260.0 320.8  31.2    .0  78.6  39.4  32.8
1930     283   295   155   194  1149.  2137.  7885.  9885. 19907.   .50  4.68  667.  2.98   69.  628.  134.    311. 302.   0.  50.  4.47 123.7   6.6-112.2  12.6 260.0 266.6  20.9    .0  74.7  39.4  32.8
1931     283   294   151   194  1179.  2278.  9072. 10624. 21974.   .48  4.99  643.  3.42   74.  591.  141.    319. 245.   0.  40.  4.77 119.0   6.5 -99.3  11.8 260.0 275.1  20.0    .0  79.9  39.2  32.7

 MEANS over  30 years  :
        283.  294.  152.  199.  1188.  2222.  8875. 11172. 22270.   .50  4.85  702.  3.18   69.  605.  150.    291. 318.   0.  85.  5.05 124.7   6.6 -90.6  12.1 260.0 280.4  29.5    .0  79.6  39.4  32.8
 STANDARD DEVIATIONS  :
          0.    2.    4.    6.   229.   424.   921.   927.  1838.   .02   .88   66.   .15   20.   72.   23.     38.  65.   0.  42.   .40   3.8    .0  26.8   1.4    .0  26.9   9.4    .0   3.8    .1    .1
 VARIATION COEFFICIENTS (%)  : 
          .0    .6   2.5   3.0   19.3   19.1   10.4    8.3    8.3   4.8  18.1   9.5   4.8  29.1  11.9  15.3    13.0 20.6   .0 49.4   8.0   3.0    .2  29.6  11.9    .0   9.6  32.0    .0   4.7    .2    .2



*** RESULTS OF CROP GROWTH MODEL NWHEAT *** SUMMARY OF OUTPUT FOR WINTER WHEAT AND YIELD STATISTICS ***

Name of run: R6W3 , Station= 6675 , Soil=   1, Crop=   3, Organic M.=   1, Nsoil=   1, IRR=   0, Runof=  .00
 Roth., UKTR scen.(El.normal) dec.66-75, no Var. change,wat-lim. prod.,CO2 617ppm


YEAR     SOW EMERG  ANTH  HALT   WRT   WLV    WST   WGR    TAGB     HI  LAIM PARAB  RUE   DWAV RAIN  ESOIL   TRANS DRAIN RUNOF IRR  WUE MINOM MINFM DNTOT NRAIN NGIFT NUPT  NLEACH NIMMO  NUE  DNFM  NBIOM
1902     283   291   157   202  1242.  2236.  8528. 10765. 21529.   .50  4.86  708.  3.04  110.  522.  137.    268. 228.   0.   0.  5.32 123.4   6.6 -92.0  10.4 260.0 288.0  17.4    .0  74.8  39.4  32.8
1903     283   294   154   190  1179.  2161. 10264.  9287. 21713.   .43  4.69  644.  3.37  169.  762.  150.    292. 490.   0.   0.  4.92 120.5   6.5 -84.6  15.2 260.0 265.8  48.5    .0  81.7  39.3  32.7
1904     283   296   151   199   885.  1691.  8484. 10494. 20669.   .51  3.75  646.  3.20  138.  595.  161.    245. 327.   0.   0.  5.08 116.1   6.5-111.4  11.9 260.0 252.1  29.5    .0  82.0  39.2  32.6
1905     283   293   152   194  1599.  2975.  8827. 11830. 23632.   .50  6.34  753.  3.14  168.  676.  131.    314. 399.   0.   0.  5.32 122.3   6.6 -39.3  13.5 260.0 316.0  42.1    .0  74.8  39.3  32.8
1906     283   297   154   203   957.  1794.  7631. 10695. 20120.   .53  3.95  626.  3.21  137.  633.  165.    228. 378.   0.   0.  5.13 120.2   6.5-108.3  12.7 260.0 247.9  41.4    .0  81.2  39.3  32.7
1907     283   293   157   203  1686.  3157.  8669.  8148. 19973.   .41  6.80  758.  2.64  209.  570.  119.    319. 342.   0.   0.  4.57 117.5   6.5 -37.5  11.4 260.0 319.1  34.2    .0  62.6  39.2  32.7
1908     283   294   159   204  1593.  3022. 10027. 12472. 25521.   .49  6.53  850.  3.00  121.  648.  113.    322. 334.   0.   0.  5.86 120.1   6.5 -21.0  13.0 260.0 341.4  32.8    .0  74.8  39.3  32.7
1909     283   295   159   200   865.  1616.  7758.  9381. 18754.   .50  3.56  586.  3.20   72.  574.  181.    201. 263.   0.   0.  4.91 114.1   6.5-127.3  11.5 260.0 240.3  23.0    .0  78.1  39.1  32.6
1910     283   293   153   201   954.  1745.  8745.  9503. 19994.   .48  3.82  678.  2.95  102.  637.  172.    230. 337.   0.   0.  4.97 120.7   6.5-121.8  12.7 260.0 244.1  32.4    .0  81.9  39.3  32.7
1911     283   293   155   201  1238.  2334.  9300. 12114. 23748.   .51  5.13  760.  3.13  187.  521.  135.    303. 270.   0.   0.  5.42 122.7   6.6 -78.2  10.4 260.0 297.0  21.3    .0  79.9  39.3  32.8
1912     283   297   150   197  1141.  2152.  8280. 11568. 22000.   .53  4.73  640.  3.44   83.  628.  144.    280. 287.   0.   0.  5.19 119.7   6.5 -90.5  12.6 260.0 279.9  25.8    .0  78.6  39.3  32.7
1913     283   296   160   218  1053.  1993.  9736. 12207. 23936.   .51  4.39  793.  3.02  123.  765.  198.    271. 420.   0.   0.  5.11 120.6   6.5 -80.2  15.3 260.0 274.9  45.6    .0  87.1  39.3  32.7
1914     283   296   149   200   958.  1830.  8203. 11413. 21446.   .53  4.06  640.  3.35  101.  547.  154.    246. 248.   0.   0.  5.36 120.4   6.5-112.5  10.9 260.0 265.4  18.3    .0  80.8  39.3  32.7
1915     283   294   151   195   959.  1744.  7589.  9880. 19212.   .51  3.82  662.  2.90  141.  692.  167.    279. 388.   0.   0.  4.31 124.7   6.6-115.5  13.8 260.0 245.2  42.3    .0  78.3  39.4  32.8
1916     283   291   145   201  1012.  1913.  7819. 10644. 20375.   .52  4.22  680.  3.00  170.  519.  160.    272. 257.   0.   0.  4.72 120.6   6.5 -98.1  10.4 260.0 275.9  21.7    .0  73.8  39.3  32.7
1917     283   297   152   213  1290.  2469.  9880. 12792. 25141.   .51  5.38  782.  3.21  168.  568.  156.    322. 259.   0.   0.  5.26 125.4   6.6 -75.0  11.4 260.0 304.0  21.7    .0  82.7  39.4  32.8
1918     283   293   149   201   872.  1625.  7664. 10979. 20268.   .54  3.60  658.  3.08  186.  560.  189.    268. 289.   0.   0.  4.44 120.7   6.5-121.7  11.2 260.0 247.9  26.6    .0  81.8  39.3  32.7
1919     283   293   149   195  1331.  2472.  9065. 11790. 23326.   .51  5.35  750.  3.11  181.  587.  140.    305. 323.   0.   0.  5.24 125.5   6.6 -59.1  11.7 260.0 308.9  30.8    .0  75.5  39.4  32.8
1920     283   296   152   202  1240.  2329. 11099. 10758. 24186.   .44  5.07  771.  3.14  157.  684.  129.    303. 410.   0.   0.  5.61 124.8   6.6 -76.1  13.7 260.0 283.7  42.0    .0  85.3  39.4  32.8
1921     283   296   154   197  1424.  2704.  9727.  8271. 20702.   .40  5.86  819.  2.53  196.  442.  122.    273. 242.   0.   0.  5.23 112.3   6.5 -38.0   8.8 260.0 325.8  19.9    .0  63.5  39.1  32.5
1922     283   292   151   192  1420.  2511.  8462.  9220. 20194.   .46  5.42  732.  2.76  206.  535.  122.    317. 303.   0.   0.  4.61 125.1   6.6 -76.4  10.7 260.0 296.9  25.1    .0  68.0  39.4  32.8
1923     283   292   150   190  1427.  2594.  8861. 11216. 22671.   .49  5.58  670.  3.38  192.  511.  133.    352. 218.   0.   0.  4.68 119.8   6.5 -67.7  10.2 260.0 308.8  15.9    .0  73.4  39.3  32.7
1924     283   295   153   196   969.  1841.  8050. 10550. 20441.   .52  4.06  631.  3.24  165.  614.  166.    252. 361.   0.   0.  4.89 116.9   6.5 -91.0  12.3 260.0 264.3  38.2    .0  77.3  39.2  32.7
1925     283   294   148   204   920.  1747. 10068. 11557. 23373.   .49  3.89  708.  3.30  166.  594.  186.    292. 282.   0.   0.  4.89 122.0   6.6 -97.2  11.9 260.0 276.6  25.1    .0  84.5  39.3  32.8
1926     283   294   146   192  1091.  2076.  8275. 10990. 21341.   .51  4.55  666.  3.20  169.  696.  150.    296. 419.   0.   0.  4.79 124.4   6.6 -91.3  13.9 260.0 270.0  40.9    .0  79.0  39.4  32.8
1927     283   293   153   198  1304.  2470.  9199. 11699. 23367.   .50  5.37  678.  3.45   23.  633.  116.    272. 267.   0.   0.  6.02 125.0   6.6 -91.5  12.7 260.0 293.5  15.8    .0  79.6  39.4  32.8
1928     283   295   147   196  1199.  2255.  8016. 11254. 21525.   .52  4.89  630.  3.42  149.  646.  142.    325. 328.   0.   0.  4.61 127.7   6.6 -93.3  12.9 260.0 278.2  32.7    .0  77.4  39.4  32.9
1929     283   294   156   196  1405.  2652. 10309. 12164. 25125.   .48  5.73  783.  3.21  172.  580.  146.    296. 310.   0.   0.  5.69 120.8   6.5 -40.4  11.6 260.0 324.0  30.4    .0  77.6  39.3  32.7
1930     283   295   155   194  1149.  2137.  7882.  9885. 19905.   .50  4.68  667.  2.98  119.  628.  134.    311. 302.   0.   0.  4.47 122.4   6.6-109.2  12.6 260.0 268.4  20.9    .0  74.2  39.3  32.8
1931     283   294   151   194  1179.  2278.  9070. 10624. 21971.   .48  4.99  643.  3.42  114.  591.  141.    319. 245.   0.   0.  4.77 118.5   6.5 -97.2  11.8 260.0 276.5  20.0    .0  79.5  39.2  32.7

 MEANS over  30 years  :
        283.  294.  152.  199.  1185.  2217.  8850. 10805. 21872.   .49  4.84  700.  3.13  146.  605.  149.    286. 317.   0.   0.  5.05 121.2   6.5 -84.8  12.1 260.0 282.7  29.4    .0  77.7  39.3  32.7
 STANDARD DEVIATIONS  :
          0.    2.    4.    6.   227.   420.   924.  1169.  1845.   .03   .87   66.   .22   42.   72.   22.     34.  66.   0.   0.   .42   3.5    .0  27.5   1.4    .0  26.7   9.5    .0   5.5    .1    .1
 VARIATION COEFFICIENTS (%)  : 
          .0    .6   2.5   3.0   19.1   18.9   10.4   10.8    8.4   7.0  18.0   9.4   7.2  28.9  11.9  14.9    11.8 20.7   .0   .0   8.2   2.8    .2  32.4  11.9    .0   9.4  32.2    .0   7.1    .2    .2



*** RESULTS OF CROP GROWTH MODEL NWHEAT *** SUMMARY OF OUTPUT FOR WINTER WHEAT AND YIELD STATISTICS ***

Name of run: RHVP1, Station= UKHIV, Soil=   1, Crop=   1, Organic M.=   1, Nsoil=   1, IRR=   1, Runof=  .00
 Roth., UKHI scen.(normal), Var. change, pot. prod., CO2 353 ppm                 


YEAR     SOW EMERG  ANTH  HALT   WRT   WLV    WST   WGR    TAGB     HI  LAIM PARAB  RUE   DWAV RAIN  ESOIL   TRANS DRAIN RUNOF IRR  WUE MINOM MINFM DNTOT NRAIN NGIFT NUPT  NLEACH NIMMO  NUE  DNFM  NBIOM
1902     283   290   137   178  1446.  2261.  7315.  9358. 18934.   .49  5.20  689.  2.75   68.  635.  102.    349. 390.   0. 137.  4.21 152.5   6.6-134.5  12.7 260.0 263.9  28.9    .0  71.7  39.8  33.1
1903     283   291   135   171  1144.  1949.  6787.  8335. 17071.   .49  4.50  607.  2.81   77.  523.  114.    326. 317.   0. 157.  3.88 135.7   6.6-147.7  10.5 260.0 243.1  18.8    .0  70.2  39.6  33.0
1904     283   294   130   186   626.  1069.  5435.  7805. 14310.   .55  2.54  560.  2.56   55.  748.  189.    218. 495.   0. 100.  3.52 138.9   6.6-177.6  15.0 260.0 188.9  53.7    .0  75.7  39.6  33.0
1905     283   290   136   174  1122.  1817.  6617.  8161. 16596.   .49  4.14  613.  2.71   69.  973.  149.    291. 661.   0.  59.  3.77 140.2   6.6-129.1  19.5 260.0 235.6  58.6    .0  70.5  39.6  33.0
1906     283   297   136   182   504.   846.  4560.  5541. 10947.   .51  1.98  439.  2.49   99.  875.  195.    168. 671.   0.  60.  3.02 132.6   6.6-194.2  17.5 260.0 140.7  81.2    .0  77.8  39.5  32.9
1907     283   292   133   175  1231.  1997.  6848.  8811. 17656.   .50  4.65  655.  2.70   74.  589.  130.    367. 372.   0. 206.  3.55 151.8   6.6-140.2  11.8 260.0 257.8  27.4    .0  68.5  39.8  33.1
1908     283   291   128   171   960.  1520.  6056.  7811. 15386.   .51  3.48  564.  2.73   81.  530.  151.    311. 286.   0. 136.  3.33 144.1   6.6-198.8  10.6 260.0 197.5  22.9    .0  77.9  39.7  33.1
1909     283   291   136   181   781.  1292.  5753.  8164. 15210.   .54  3.02  542.  2.80   57.  863.  186.    243. 561.   0.  70.  3.55 140.8   6.6-171.2  17.3 260.0 190.8  61.4    .0  79.7  39.6  33.0
1910     283   290   128   177   781.  1278.  5699.  8188. 15165.   .54  2.96  574.  2.64   88.  832.  184.    231. 602.   0.  97.  3.65 145.1   6.6-172.0  16.6 260.0 195.7  59.7    .0  77.5  39.7  33.1
1911     283   294   133   182   713.  1155.  5564.  7849. 14567.   .54  2.69  583.  2.50   66.  563.  216.    254. 318.   0. 160.  3.10 156.6   6.6-221.6  11.3 260.0 183.2  29.0    .0  79.5  39.8  33.2
1912     283   295   130   174   581.  1001.  4519.  6380. 11899.   .54  2.34  434.  2.74   80.  915.  185.    213. 615.   0.  17.  2.99 133.7   6.6-194.7  18.3 260.0 156.3  66.6    .0  76.1  39.5  32.9
1913     283   293   133   183   774.  1341.  5642.  8430. 15413.   .55  3.14  569.  2.71   91. 1020.  223.    287. 672.   0.  70.  3.02 140.0   6.6-164.4  20.4 260.0 190.3  71.2    .0  81.0  39.6  33.0
1914     283   292   130   181   958.  1576.  6287.  9142. 17005.   .54  3.66  631.  2.69   87.  709.  156.    293. 487.   0. 140.  3.78 146.1   6.6-157.1  14.2 260.0 219.1  48.0    .0  77.6  39.7  33.1
1915     283   293   129   176   874.  1457.  6116.  8412. 15984.   .53  3.37  581.  2.75   92.  751.  166.    279. 497.   0. 100.  3.59 141.1   6.6-157.4  15.0 260.0 215.2  48.0    .0  74.3  39.6  33.0
1916     283   301   125   180   476.   810.  3905.  6856. 11570.   .59  1.90  445.  2.60  100.  700.  220.    184. 465.   0.  70.  2.86 138.1   6.6-226.2  14.0 260.0 144.2  48.5    .0  80.2  39.6  33.0
1917     283   294   130   186   625.  1031.  4700.  7130. 12860.   .55  2.42  486.  2.65  101.  812.  238.    238. 516.   0.  80.  2.70 142.8   6.6-220.2  16.2 260.0 150.5  54.7    .0  85.5  39.7  33.0
1918     283   291   124   189   613.   987.  5062.  8514. 14563.   .58  2.33  583.  2.50   81.  719.  254.    245. 391.   0.  90.  2.92 153.6   6.6-213.6  14.4 260.0 181.4  39.1    .0  80.3  39.8  33.1
1919     283   292   134   176   939.  1527.  6413.  8313. 16252.   .51  3.54  636.  2.56   78.  792.  164.    273. 483.   0.  50.  3.72 143.0   6.6-166.8  15.8 260.0 215.0  41.8    .0  75.6  39.7  33.1
1920     283   290   128   184   805.  1221.  5437.  8292. 14951.   .55  2.79  581.  2.58   92.  687.  200.    250. 406.   0.  78.  3.32 150.1   6.6-205.6  13.7 260.0 182.8  41.2    .0  81.8  39.7  33.1
1921     283   292   130   178   914.  1527.  6207.  9265. 16999.   .55  3.58  617.  2.76   79.  609.  169.    268. 379.   0. 127.  3.90 148.3   6.6-183.6  12.2 260.0 212.0  29.7    .0  80.2  39.7  33.1
1922     283   290   131   168   730.  1214.  5284.  6850. 13349.   .51  2.81  506.  2.64   89.  627.  169.    255. 412.   0. 120.  3.14 146.4   6.6-212.0  12.5 260.0 173.2  38.9    .0  77.1  39.7  33.1
1923     283   293   136   174  1131.  1939.  6752.  8306. 16997.   .49  4.48  597.  2.85   73.  618.  115.    340. 356.   0. 120.  3.74 133.1   6.6-142.1  12.4 260.0 244.1  22.6    .0  69.6  39.5  32.9
1924     283   293   139   180  1106.  1941.  7733.  9208. 18882.   .49  4.57  659.  2.87   81.  905.  152.    379. 536.   0.  80.  3.56 157.5   6.6-129.1  18.1 260.0 257.5  53.0    .0  73.3  39.8  33.2
1925     283   297   130   174   815.  1367.  6122.  7713. 15202.   .51  3.13  579.  2.62   71.  804.  192.    318. 564.   0. 200.  2.98 151.6   6.6-171.8  16.1 260.0 198.8  62.2    .0  76.5  39.7  33.1
1926     283   293   134   177  1151.  1985.  6688.  9159. 17833.   .51  4.54  676.  2.64   87.  702.  121.    339. 539.   0. 210.  3.88 140.5   6.6-128.8  14.0 260.0 240.1  48.7    .0  74.3  39.6  33.0
1927     283   290   129   176   603.  1065.  4748.  6826. 12638.   .54  2.52  462.  2.74   93.  792.  188.    191. 554.   0.  47.  3.34 131.0   6.6-193.5  15.8 260.0 161.8  57.5    .0  78.1  39.5  32.9
1928     283   291   124   179   847.  1342.  5644.  8693. 15680.   .55  3.12  584.  2.69   83.  915.  179.    301. 689.   0. 170.  3.27 153.3   6.6-158.2  18.3 260.0 203.1  75.7    .0  77.2  39.8  33.1
1929     283   297   132   169   911.  1536.  6205.  7120. 14861.   .48  3.55  535.  2.78   76.  954.  163.    283. 604.   0.  20.  3.33 137.7   6.6-152.0  19.1 260.0 204.6  64.7    .0  72.6  39.6  33.0
1930     283   295   126   177   616.   978.  4718.  6784. 12480.   .54  2.28  469.  2.66   64. 1077.  211.    224. 735.   0.  30.  2.86 148.0   6.6-193.2  21.5 260.0 162.7  79.9    .0  76.7  39.7  33.1
1931     283   291   132   178   976.  1664.  7021.  9216. 17901.   .51  3.87  645.  2.78   45.  610.  151.    302. 352.   0. 150.  3.96 137.2   6.6-150.1  12.2 260.0 230.6  33.4    .0  77.6  39.6  33.0

 MEANS over  30 years  :
        283.  293.  131.  178.   858.  1423.  5861.  8021. 15305.   .53  3.30  570.  2.68   79.  762.  174.    274. 498.   0. 105.  3.41 143.7   6.6-173.6  15.2 260.0 201.4  48.9    .0  76.5  39.7  33.1
 STANDARD DEVIATIONS  :
          0.    3.    4.    5.   231.   380.   904.   951.  2093.   .03   .87   70.   .10   13.  147.   37.     53. 123.   0.  53.   .39   7.3    .0  29.4   2.9    .0  34.2  17.2    .0   3.9    .1    .1
 VARIATION COEFFICIENTS (%)  : 
          .0    .9   2.9   2.8   26.9   26.7   15.4   11.9   13.7   5.4  26.2  12.3   3.7  16.8  19.3  21.1    19.3 24.7   .0 50.2  11.3   5.1    .2  16.9  19.3    .0  17.0  35.3    .0   5.0    .2    .2



*** RESULTS OF CROP GROWTH MODEL NWHEAT *** SUMMARY OF OUTPUT FOR WINTER WHEAT AND YIELD STATISTICS ***

Name of run: RHVW1, Station= UKHIV, Soil=   1, Crop=   1, Organic M.=   1, Nsoil=   1, IRR=   0, Runof=  .00
 Roth., UKHI scen.(normal), Var. change,wat-lim. prod.,CO2 353ppm                


YEAR     SOW EMERG  ANTH  HALT   WRT   WLV    WST   WGR    TAGB     HI  LAIM PARAB  RUE   DWAV RAIN  ESOIL   TRANS DRAIN RUNOF IRR  WUE MINOM MINFM DNTOT NRAIN NGIFT NUPT  NLEACH NIMMO  NUE  DNFM  NBIOM
1902     283   290   137   178  1424.  2238.  7246.  9113. 18596.   .49  5.15  685.  2.71  192.  635.  102.    340. 385.   0.   0.  4.21 147.2   6.6-122.0  12.7 260.0 270.9  29.0    .0  68.7  39.7  33.1
1903     283   291   135   171  1115.  1913.  6701.  7771. 16385.   .47  4.42  601.  2.72  207.  523.  111.    307. 311.   0.   0.  3.91 126.8   6.6-148.7  10.5 260.0 234.0  18.4    .0  70.0  39.4  32.8
1904     283   294   130   186   626.  1069.  5435.  7805. 14309.   .55  2.54  560.  2.56  138.  748.  172.    218. 495.   0.   0.  3.67 133.8   6.6-172.3  15.0 260.0 189.1  53.7    .0  75.7  39.5  32.9
1905     283   290   136   174  1107.  1801.  6607.  8146. 16554.   .49  4.11  611.  2.71  118.  973.  148.    289. 654.   0.   0.  3.79 137.2   6.6-126.0  19.5 260.0 235.8  58.4    .0  70.2  39.6  33.0
1906     283   297   136   182   504.   846.  4560.  5540. 10946.   .51  1.98  439.  2.49  142.  875.  178.    168. 671.   0.   0.  3.17 127.3   6.6-188.7  17.5 260.0 141.1  81.2    .0  77.6  39.4  32.8
1907     283   292   133   175  1206.  1968.  6778.  6316. 15062.   .42  4.59  642.  2.35  208.  589.  112.    316. 369.   0.   0.  3.52 140.5   6.6-142.7  11.8 260.0 245.7  27.6    .0  61.3  39.6  33.0
1908     283   291   128   171   920.  1469.  5952.  7709. 15130.   .51  3.37  553.  2.73  173.  530.  119.    302. 282.   0.   0.  3.59 138.0   6.6-198.0  10.6 260.0 192.4  22.9    .0  78.7  39.6  33.0
1909     283   291   136   181   781.  1292.  5753.  8164. 15210.   .54  3.02  542.  2.80  117.  863.  175.    243. 561.   0.   0.  3.64 137.9   6.6-168.3  17.3 260.0 190.8  61.4    .0  79.7  39.6  33.0
1910     283   290   128   177   781.  1278.  5698.  8196. 15172.   .54  2.96  574.  2.64  150.  832.  156.    231. 595.   0.   0.  3.92 140.6   6.6-168.3  16.6 260.0 195.5  59.0    .0  77.6  39.6  33.0
1911     283   294   133   182   713.  1155.  5565.  7850. 14569.   .54  2.69  583.  2.50  175.  563.  166.    254. 318.   0.   0.  3.47 147.0   6.6-214.4  11.3 260.0 180.8  29.0    .0  80.6  39.7  33.1
1912     283   295   130   174   576.   993.  4496.  6347. 11836.   .54  2.32  432.  2.74   90.  915.  185.    211. 609.   0.   0.  2.98 133.2   6.6-195.6  18.3 260.0 155.6  66.0    .0  76.1  39.5  32.9
1913     283   293   133   183   774.  1341.  5642.  8430. 15413.   .55  3.14  569.  2.71  135. 1020.  196.    287. 672.   0.   0.  3.19 137.5   6.6-161.8  20.4 260.0 190.4  71.2    .0  81.0  39.6  33.0
1914     283   292   130   181   958.  1576.  6284.  8566. 16425.   .52  3.66  630.  2.61  202.  709.  140.    284. 487.   0.   0.  3.87 135.9   6.6-145.4  14.2 260.0 220.5  48.0    .0  74.5  39.6  33.0
1915     283   293   129   176   874.  1457.  6114.  8410. 15981.   .53  3.37  581.  2.75  171.  751.  146.    279. 497.   0.   0.  3.76 138.3   6.6-152.5  15.0 260.0 217.0  48.0    .0  73.6  39.6  33.0
1916     283   301   125   180   476.   810.  3906.  6856. 11572.   .59  1.90  445.  2.60  126.  700.  176.    184. 465.   0.   0.  3.21 136.1   6.6-226.2  14.0 260.0 142.4  48.5    .0  81.3  39.6  33.0
1917     283   294   130   186   625.  1031.  4698.  7130. 12858.   .55  2.42  486.  2.65  161.  812.  218.    238. 516.   0.   0.  2.82 138.4   6.6-214.6  16.2 260.0 151.6  54.7    .0  84.8  39.6  33.0
1918     283   291   124   189   613.   987.  5062.  8514. 14563.   .58  2.33  583.  2.50  151.  719.  234.    245. 391.   0.   0.  3.04 146.4   6.6-205.6  14.4 260.0 182.2  39.1    .0  79.9  39.7  33.1
1919     283   292   134   176   939.  1527.  6413.  8312. 16252.   .51  3.54  636.  2.56  126.  792.  162.    273. 483.   0.   0.  3.73 141.6   6.6-164.7  15.8 260.0 215.6  41.8    .0  75.4  39.6  33.0
1920     283   290   128   184   805.  1221.  5437.  8292. 14951.   .55  2.79  581.  2.58  137.  687.  175.    250. 398.   0.   0.  3.51 146.2   6.6-201.5  13.7 260.0 184.0  40.2    .0  81.3  39.7  33.1
1921     283   292   130   178   906.  1517.  6192.  9234. 16943.   .54  3.56  615.  2.76  174.  609.  144.    266. 372.   0.   0.  4.13 142.6   6.6-180.5  12.2 260.0 210.3  29.0    .0  80.6  39.7  33.0
1922     283   290   131   168   730.  1214.  5285.  6850. 13350.   .51  2.81  506.  2.64  171.  627.  132.    255. 412.   0.   0.  3.45 140.9   6.6-207.3  12.5 260.0 172.4  38.9    .0  77.4  39.6  33.0
1923     283   293   136   174  1131.  1939.  6749.  8244. 16933.   .49  4.48  597.  2.84  183.  618.  107.    339. 356.   0.   0.  3.80 129.0   6.6-130.4  12.4 260.0 251.6  22.6    .0  67.3  39.5  32.9
1924     283   293   139   180  1106.  1941.  7729.  9203. 18874.   .49  4.57  659.  2.87  160.  905.  150.    379. 536.   0.   0.  3.57 155.0   6.6-120.6  18.1 260.0 263.4  53.0    .0  71.7  39.8  33.1
1925     283   297   130   174   815.  1367.  5283.  5606. 12256.   .46  3.13  560.  2.19  197.  804.  171.    265. 564.   0.   0.  2.81 137.6   6.6-162.5  16.1 260.0 194.0  62.2    .0  63.2  39.6  33.0
1926     283   293   134   177  1151.  1985.  6653.  5508. 14146.   .39  4.54  648.  2.18  214.  702.  107.    270. 539.   0.   0.  3.75 127.2   6.6-142.7  14.0 260.0 213.9  48.7    .0  66.1  39.4  32.9
1927     283   290   129   176   585.  1037.  4675.  6721. 12433.   .54  2.46  454.  2.74  112.  792.  169.    186. 548.   0.   0.  3.49 129.8   6.6-195.3  15.8 260.0 159.3  57.2    .0  78.1  39.5  32.9
1928     283   291   124   179   847.  1342.  5603.  7510. 14456.   .52  3.12  578.  2.50  208.  915.  162.    273. 689.   0.   0.  3.32 141.2   6.6-152.0  18.3 260.0 197.5  75.7    .0  73.2  39.6  33.0
1929     283   297   132   169   911.  1536.  6205.  7120. 14861.   .48  3.55  535.  2.78   95.  954.  162.    283. 604.   0.   0.  3.34 137.5   6.6-151.7  19.1 260.0 204.7  64.7    .0  72.6  39.6  33.0
1930     283   295   126   177   616.   978.  4718.  6784. 12480.   .54  2.28  469.  2.66   89. 1077.  206.    224. 735.   0.   0.  2.90 147.3   6.6-192.5  21.5 260.0 162.6  79.9    .0  76.8  39.7  33.1
1931     283   291   132   178   976.  1664.  7003.  8333. 17000.   .49  3.87  644.  2.64  171.  610.  144.    285. 352.   0.   0.  3.96 129.8   6.6-133.4  12.2 260.0 239.5  33.4    .0  71.0  39.5  32.9

 MEANS over  30 years  :
        283.  293.  131.  178.   853.  1416.  5815.  7619. 14851.   .51  3.29  567.  2.62  156.  762.  158.    265. 496.   0.   0.  3.52 138.3   6.6-169.5  15.2 260.0 200.2  48.8    .0  74.9  39.6  33.0
 STANDARD DEVIATIONS  :
          0.    3.    4.    5.   227.   376.   900.  1041.  1965.   .04   .86   68.   .16   36.  147.   32.     46. 123.   0.   0.   .37   6.7    .0  30.0   2.9    .0  34.3  17.3    .0   5.7    .1    .1
 VARIATION COEFFICIENTS (%)  : 
          .0    .9   2.9   2.8   26.6   26.5   15.5   13.7   13.2   8.3  26.1  12.1   6.3  23.2  19.3  20.6    17.5 24.9   .0   .0  10.6   4.9    .2  17.7  19.3    .0  17.1  35.4    .0   7.5    .2    .2



*** RESULTS OF CROP GROWTH MODEL NWHEAT *** SUMMARY OF OUTPUT FOR WINTER WHEAT AND YIELD STATISTICS ***

Name of run: RHVP4, Station= UKHIV, Soil=   1, Crop=   4, Organic M.=   1, Nsoil=   1, IRR=   1, Runof=  .00
 Roth., UKHI scen.(normal), Var. change, pot. prod., CO2 646 ppm                 


YEAR     SOW EMERG  ANTH  HALT   WRT   WLV    WST   WGR    TAGB     HI  LAIM PARAB  RUE   DWAV RAIN  ESOIL   TRANS DRAIN RUNOF IRR  WUE MINOM MINFM DNTOT NRAIN NGIFT NUPT  NLEACH NIMMO  NUE  DNFM  NBIOM
1902     283   290   137   178  1614.  2560.  9784. 10564. 22908.   .46  5.37  688.  3.33   72.  635.  101.    321. 402.   0. 117.  5.43 152.4   6.6-110.8  12.7 260.0 289.2  26.5    .0  79.2  39.8  33.1
1903     283   291   135   171  1237.  2148.  8861.  9458. 20466.   .46  4.54  601.  3.41   77.  523.  116.    291. 330.   0. 137.  5.03 135.8   6.6-132.8  10.5 260.0 257.7  18.8    .0  79.4  39.6  33.0
1904     283   294   130   186   680.  1170.  7167.  8869. 17205.   .52  2.55  558.  3.08   61.  748.  185.    192. 501.   0.  70.  4.56 138.1   6.6-155.1  15.0 260.0 210.8  53.4    .0  81.6  39.6  33.0
1905     283   290   136   174  1240.  2037.  8203.  9801. 20041.   .49  4.24  612.  3.27   67.  973.  148.    263. 678.   0.  49.  4.88 139.8   6.6-107.5  19.5 260.0 258.3  56.7    .0  77.6  39.6  33.0
1906     283   297   136   182   537.   907.  5139.  6961. 13007.   .54  1.95  434.  3.00   94.  875.  200.    144. 675.   0.  50.  3.79 130.7   6.6-180.2  17.5 260.0 153.0  80.9    .0  85.0  39.5  32.9
1907     283   292   133   175  1384.  2270.  8313. 10598. 21180.   .50  4.82  656.  3.23   81.  589.  128.    333. 385.   0. 176.  4.59 151.8   6.6-114.2  11.8 260.0 285.6  25.6    .0  74.2  39.8  33.1
1908     283   291   128   171  1072.  1732.  8717.  8858. 19307.   .46  3.64  569.  3.39   83.  530.  147.    283. 300.   0. 116.  4.50 143.9   6.6-169.9  10.6 260.0 225.9  22.8    .0  85.5  39.7  33.1
1909     283   291   136   181   864.  1445.  7597.  9459. 18501.   .51  3.09  546.  3.39   59.  863.  182.    217. 572.   0.  50.  4.63 140.7   6.6-149.8  17.3 260.0 212.8  60.5    .0  86.9  39.6  33.0
1910     283   290   128   177   855.  1416.  7027.  9757. 18200.   .54  3.00  574.  3.17   90.  832.  181.    203. 616.   0.  77.  4.74 144.3   6.6-147.6  16.6 260.0 219.9  58.8    .0  82.8  39.7  33.1
1911     283   294   133   182   807.  1320.  7346.  9492. 18158.   .52  2.81  594.  3.06   73.  563.  209.    229. 328.   0. 130.  4.14 156.3   6.6-196.0  11.3 260.0 208.4  28.7    .0  87.1  39.8  33.2
1912     283   295   130   174   633.  1099.  5875.  7640. 14614.   .52  2.35  431.  3.39   76.  915.  186.    185. 627.   0.   7.  3.93 133.8   6.6-178.3  18.3 260.0 173.0  66.5    .0  84.5  39.5  32.9
1913     283   293   133   183   861.  1509.  7669.  9703. 18881.   .51  3.23  571.  3.31  100. 1020.  198.    254. 687.   0.  20.  4.17 139.1   6.6-140.6  20.4 260.0 214.0  70.1    .0  88.2  39.6  33.0
1914     283   292   130   181  1047.  1755.  7389. 11031. 20176.   .55  3.73  629.  3.21   86.  709.  157.    261. 497.   0. 120.  4.83 146.2   6.6-134.1  14.2 260.0 243.4  47.2    .0  82.9  39.7  33.1
1915     283   293   129   176   962.  1631.  7385. 10160. 19176.   .53  3.45  579.  3.31   91.  751.  166.    247. 509.   0.  80.  4.64 141.4   6.6-137.4  15.0 260.0 235.9  47.5    .0  81.3  39.6  33.0
1916     283   301   125   180   524.   905.  5611.  7687. 14202.   .54  1.95  449.  3.16  101.  700.  213.    162. 476.   0.  50.  3.79 137.5   6.6-209.6  14.0 260.0 161.5  47.1    .0  87.9  39.6  33.0
1917     283   294   130   186   703.  1171.  6974.  8037. 16182.   .50  2.52  495.  3.27   95.  812.  236.    214. 526.   0.  70.  3.59 142.9   6.6-196.6  16.2 260.0 175.6  52.9    .0  92.1  39.7  33.1
1918     283   291   124   189   688.  1126.  6386. 10192. 17704.   .58  2.44  595.  2.98   74.  719.  250.    220. 403.   0.  80.  3.77 152.6   6.6-188.7  14.4 260.0 205.6  38.7    .0  86.1  39.8  33.1
1919     283   292   134   176  1053.  1723.  8767.  9517. 20007.   .48  3.65  642.  3.12   71.  792.  160.    246. 497.   0.  40.  4.92 142.9   6.6-136.8  15.8 260.0 245.2  41.0    .0  81.6  39.7  33.1
1920     283   290   128   184   900.  1390.  7656.  9278. 18324.   .51  2.91  589.  3.11   94.  687.  192.    225. 422.   0.  58.  4.39 150.0   6.6-183.7  13.7 260.0 205.1  40.4    .0  89.3  39.7  33.1
1921     283   292   130   178  1027.  1730.  8692. 10519. 20941.   .50  3.69  623.  3.36   81.  609.  166.    241. 391.   0. 107.  5.15 148.4   6.6-157.5  12.2 260.0 239.1  28.5    .0  87.6  39.7  33.1
1922     283   290   131   168   822.  1382.  7824.  7623. 16830.   .45  2.93  514.  3.27   89.  627.  165.    232. 420.   0. 100.  4.24 146.2   6.6-193.8  12.5 260.0 192.9  36.9    .0  87.2  39.7  33.1
1923     283   293   136   174  1234.  2150.  8617.  9845. 20612.   .48  4.54  592.  3.48   80.  618.  116.    304. 368.   0.  90.  4.91 132.3   6.6-124.5  12.4 260.0 261.0  22.2    .0  79.0  39.5  32.9
1924     283   293   139   180  1253.  2240.  9303. 11189. 22732.   .49  4.82  663.  3.43   71.  905.  149.    347. 551.   0.  70.  4.58 157.7   6.6-102.7  18.1 260.0 285.5  51.0    .0  79.6  39.8  33.2
1925     283   297   130   174   924.  1572.  8457.  8611. 18641.   .46  3.30  589.  3.16   75.  804.  186.    290. 573.   0. 170.  3.92 151.0   6.6-151.7  16.1 260.0 220.7  59.5    .0  84.5  39.7  33.1
1926     283   293   134   177  1264.  2220.  8666. 10486. 21372.   .49  4.65  677.  3.16   82.  702.  120.    308. 546.   0. 190.  4.99 140.3   6.6-111.0  14.0 260.0 258.6  47.7    .0  82.6  39.6  33.0
1927     283   290   129   176   663.  1187.  5800.  8451. 15439.   .55  2.58  463.  3.34   96.  792.  173.    168. 565.   0.  17.  4.53 130.9   6.6-172.3  15.8 260.0 182.5  57.7    .0  84.6  39.5  32.9
1928     283   291   124   179   948.  1516.  7684. 10270. 19470.   .53  3.25  597.  3.26   78.  915.  171.    276. 697.   0. 150.  4.35 153.0   6.6-133.9  18.3 260.0 230.7  71.9    .0  84.4  39.8  33.1
1929     283   297   132   169   999.  1713.  7386.  8676. 17774.   .49  3.62  534.  3.33   79.  954.  162.    252. 618.   0.   0.  4.29 137.6   6.6-133.0  19.1 260.0 223.8  64.1    .0  79.4  39.6  33.0
1930     283   295   126   177   678.  1096.  5646.  8297. 15038.   .55  2.35  476.  3.16   65. 1077.  205.    199. 748.   0.  10.  3.73 147.7   6.6-172.2  21.5 260.0 184.5  78.5    .0  81.5  39.7  33.1
1931     283   291   132   178  1081.  1881.  8283. 11196. 21360.   .52  3.99  645.  3.31   50.  610.  149.    271. 360.   0. 120.  5.08 137.3   6.6-128.3  12.2 260.0 251.7  33.8    .0  84.9  39.6  33.0

 MEANS over  30 years  :
        283.  293.  131.  178.   952.  1600.  7607.  9407. 18615.   .51  3.40  573.  3.25   80.  762.  171.    246. 509.   0.  84.  4.47 143.4   6.6-151.7  15.2 260.0 223.7  47.9    .0  83.6  39.7  33.0
 STANDARD DEVIATIONS  :
          0.    3.    4.    5.   258.   432.  1155.  1121.  2455.   .03   .90   70.   .13   12.  147.   34.     50. 123.   0.  51.   .48   7.4    .0  29.7   2.9    .0  35.7  17.0    .0   3.9    .1    .1
 VARIATION COEFFICIENTS (%)  : 
          .0    .9   2.9   2.8   27.2   27.0   15.2   11.9   13.2   6.1  26.4  12.2   4.0  15.5  19.3  20.2    20.5 24.1   .0 60.2  10.7   5.2    .2  19.6  19.3    .0  15.9  35.6    .0   4.6    .2    .2



*** RESULTS OF CROP GROWTH MODEL NWHEAT *** SUMMARY OF OUTPUT FOR WINTER WHEAT AND YIELD STATISTICS ***

Name of run: RHVW4, Station= UKHIV, Soil=   1, Crop=   4, Organic M.=   1, Nsoil=   1, IRR=   0, Runof=  .00
 Roth., UKHI scen.(normal), Var. change,wat-lim. prod.,CO2 646ppm                


YEAR     SOW EMERG  ANTH  HALT   WRT   WLV    WST   WGR    TAGB     HI  LAIM PARAB  RUE   DWAV RAIN  ESOIL   TRANS DRAIN RUNOF IRR  WUE MINOM MINFM DNTOT NRAIN NGIFT NUPT  NLEACH NIMMO  NUE  DNFM  NBIOM
1902     283   290   137   178  1598.  2542.  9692. 10545. 22780.   .46  5.33  686.  3.32  180.  635.  100.    318. 397.   0.   0.  5.45 148.5   6.6-100.7  12.7 260.0 295.4  26.5    .0  77.1  39.7  33.1
1903     283   291   135   171  1206.  2107.  8777.  9395. 20279.   .46  4.46  596.  3.40  200.  523.  113.    285. 325.   0.   0.  5.09 127.6   6.6-128.6  10.5 260.0 254.4  18.5    .0  79.7  39.4  32.9
1904     283   294   130   186   680.  1170.  7166.  8869. 17205.   .52  2.55  558.  3.08  119.  748.  173.    192. 501.   0.   0.  4.71 134.5   6.6-151.2  15.0 260.0 211.0  53.4    .0  81.5  39.5  33.0
1905     283   290   136   174  1223.  2016.  8204.  9768. 19989.   .49  4.20  609.  3.28  107.  973.  148.    260. 672.   0.   0.  4.89 137.6   6.6-105.8  19.5 260.0 257.8  56.7    .0  77.5  39.6  33.0
1906     283   297   136   182   537.   907.  5139.  6960. 13006.   .54  1.95  434.  3.00  124.  875.  180.    144. 675.   0.   0.  4.02 128.0   6.6-177.5  17.5 260.0 153.2  80.9    .0  84.9  39.4  32.9
1907     283   292   133   175  1360.  2243.  8100.  8846. 19188.   .46  4.77  648.  2.96  207.  589.  111.    304. 381.   0.   0.  4.63 141.5   6.6-109.8  11.8 260.0 280.7  25.6    .0  68.4  39.6  33.0
1908     283   291   128   171  1028.  1674.  8613.  8741. 19028.   .46  3.52  559.  3.40  159.  530.  118.    275. 297.   0.   0.  4.85 138.4   6.6-170.0  10.6 260.0 220.4  22.9    .0  86.3  39.6  33.0
1909     283   291   136   181   864.  1445.  7597.  9459. 18501.   .51  3.09  546.  3.39  100.  863.  174.    217. 572.   0.   0.  4.73 138.5   6.6-147.5  17.3 260.0 212.8  60.5    .0  86.9  39.6  33.0
1910     283   290   128   177   855.  1416.  7030.  9758. 18203.   .54  3.00  574.  3.17  136.  832.  157.    203. 608.   0.   0.  5.06 141.2   6.6-145.7  16.6 260.0 219.4  58.2    .0  83.0  39.6  33.0
1911     283   294   133   182   807.  1320.  7347.  9492. 18159.   .52  2.81  594.  3.06  159.  563.  165.    229. 328.   0.   0.  4.61 147.8   6.6-188.5  11.3 260.0 207.4  28.7    .0  87.6  39.7  33.1
1912     283   295   130   174   629.  1093.  5842.  7614. 14549.   .52  2.34  430.  3.38   76.  915.  186.    185. 620.   0.   0.  3.92 133.5   6.6-179.5  18.3 260.0 172.3  65.8    .0  84.4  39.5  32.9
1913     283   293   133   183   861.  1509.  7669.  9703. 18881.   .51  3.23  571.  3.31  118. 1020.  196.    254. 687.   0.   0.  4.19 137.9   6.6-139.5  20.4 260.0 214.0  70.1    .0  88.2  39.6  33.0
1914     283   292   130   181  1047.  1755.  7388. 11027. 20170.   .55  3.73  629.  3.20  191.  709.  142.    261. 497.   0.   0.  5.01 137.6   6.6-121.9  14.2 260.0 246.0  47.2    .0  82.0  39.6  33.0
1915     283   293   129   176   962.  1631.  7384. 10158. 19174.   .53  3.45  579.  3.31  151.  751.  146.    247. 509.   0.   0.  4.88 139.2   6.6-133.7  15.0 260.0 237.2  47.5    .0  80.8  39.6  33.0
1916     283   301   125   180   524.   905.  5613.  7687. 14205.   .54  1.95  449.  3.16  115.  700.  176.    162. 476.   0.   0.  4.20 136.7   6.6-211.3  14.0 260.0 159.1  47.1    .0  89.3  39.6  33.0
1917     283   294   130   186   703.  1171.  6973.  8037. 16181.   .50  2.52  495.  3.27  146.  812.  217.    214. 526.   0.   0.  3.75 139.4   6.6-192.1  16.2 260.0 176.6  52.9    .0  91.6  39.6  33.0
1918     283   291   124   189   688.  1126.  6385. 10192. 17703.   .58  2.44  595.  2.98  136.  719.  232.    220. 403.   0.   0.  3.92 147.2   6.6-182.6  14.4 260.0 206.1  38.7    .0  85.9  39.7  33.1
1919     283   292   134   176  1053.  1723.  8767.  9517. 20007.   .48  3.65  642.  3.12  110.  792.  159.    246. 497.   0.   0.  4.93 142.2   6.6-135.8  15.8 260.0 245.4  41.0    .0  81.5  39.7  33.0
1920     283   290   128   184   900.  1389.  7662.  9275. 18327.   .51  2.91  589.  3.11  126.  687.  174.    225. 414.   0.   0.  4.59 146.9   6.6-180.8  13.7 260.0 205.9  39.4    .0  89.0  39.7  33.1
1921     283   292   130   178  1017.  1717.  8662. 10487. 20866.   .50  3.67  620.  3.36  158.  609.  143.    240. 384.   0.   0.  5.45 143.6   6.6-155.3  12.2 260.0 237.3  27.8    .0  87.9  39.7  33.1
1922     283   290   131   168   822.  1382.  7825.  7623. 16831.   .45  2.93  514.  3.27  154.  627.  130.    232. 420.   0.   0.  4.65 141.5   6.6-190.0  12.5 260.0 192.0  36.9    .0  87.7  39.6  33.0
1923     283   293   136   174  1234.  2150.  8614.  9845. 20609.   .48  4.54  592.  3.48  162.  618.  109.    304. 368.   0.   0.  5.00 130.0   6.6-119.1  12.4 260.0 264.1  22.2    .0  78.0  39.5  32.9
1924     283   293   139   180  1253.  2240.  9302. 11187. 22729.   .49  4.82  663.  3.43  139.  905.  148.    347. 549.   0.   0.  4.59 156.0   6.6 -98.9  18.1 260.0 287.5  51.0    .0  79.0  39.8  33.2
1925     283   297   130   174   924.  1572.  6202.  8219. 15993.   .51  3.30  580.  2.76  195.  804.  167.    258. 573.   0.   0.  3.76 138.6   6.6-136.5  16.1 260.0 223.2  59.5    .0  71.6  39.6  33.0
1926     283   293   134   177  1264.  2220.  7597.  8051. 17869.   .45  4.65  662.  2.70  213.  702.  108.    261. 546.   0.   0.  4.84 128.2   6.6-114.0  14.0 260.0 244.1  47.7    .0  73.2  39.4  32.9
1927     283   290   129   176   643.  1154.  5674.  8312. 15140.   .55  2.51  455.  3.33   99.  792.  169.    163. 558.   0.   0.  4.55 130.5   6.6-175.7  15.8 260.0 179.1  57.5    .0  84.5  39.5  32.9
1928     283   291   124   179   948.  1516.  6753. 10201. 18470.   .55  3.25  596.  3.10  205.  915.  160.    263. 697.   0.   0.  4.36 142.9   6.6-121.9  18.3 260.0 232.6  71.9    .0  79.4  39.7  33.0
1929     283   297   132   169   999.  1713.  7386.  8676. 17774.   .49  3.62  534.  3.33   79.  954.  162.    252. 618.   0.   0.  4.29 137.6   6.6-133.0  19.1 260.0 223.8  64.1    .0  79.4  39.6  33.0
1930     283   295   126   177   678.  1096.  5646.  8297. 15039.   .55  2.35  476.  3.16   74. 1077.  205.    199. 748.   0.   0.  3.73 147.6   6.6-172.3  21.5 260.0 184.3  78.5    .0  81.6  39.7  33.1
1931     283   291   132   178  1080.  1881.  8233. 11011. 21124.   .52  3.99  645.  3.27  161.  610.  144.    268. 360.   0.   0.  5.13 131.9   6.6-114.9  12.2 260.0 259.5  33.8    .0  81.4  39.5  32.9

 MEANS over  30 years  :
        283.  293.  131.  178.   946.  1593.  7441.  9232. 18266.   .51  3.38  571.  3.20  143.  762.  157.    241. 507.   0.   0.  4.59 139.1   6.6-147.8  15.2 260.0 223.4  47.7    .0  82.3  39.6  33.0
 STANDARD DEVIATIONS  :
          0.    3.    4.    5.   254.   428.  1146.  1107.  2371.   .03   .89   69.   .19   39.  147.   32.     46. 123.   0.   0.   .48   6.7    .0  31.0   2.9    .0  36.1  17.0    .0   5.4    .1    .1
 VARIATION COEFFICIENTS (%)  : 
          .0    .9   2.9   2.8   26.9   26.9   15.4   12.0   13.0   6.6  26.3  12.2   5.9  27.4  19.3  20.5    19.2 24.3   .0   .0  10.4   4.8    .2  21.0  19.3    .0  16.2  35.7    .0   6.5    .2    .2



*** RESULTS OF CROP GROWTH MODEL NWHEAT *** SUMMARY OF OUTPUT FOR WINTER WHEAT AND YIELD STATISTICS ***

Name of run: RHIP1, Station= UKHI , Soil=   1, Crop=   1, Organic M.=   1, Nsoil=   1, IRR=   1, Runof=  .00
 Roth., UKHI scen.(normal), no Var. change, pot. prod., CO2 353 ppm              


YEAR     SOW EMERG  ANTH  HALT   WRT   WLV    WST   WGR    TAGB     HI  LAIM PARAB  RUE   DWAV RAIN  ESOIL   TRANS DRAIN RUNOF IRR  WUE MINOM MINFM DNTOT NRAIN NGIFT NUPT  NLEACH NIMMO  NUE  DNFM  NBIOM
1902     283   290   132   182  1040.  1645.  5971.  9317. 16933.   .55  3.80  620.  2.73   37.  522.  130.    293. 254.   0. 120.  4.00 148.9   6.6-189.1  10.4 260.0 215.5  19.1    .0  78.6  39.7  33.1
1903     283   292   132   176  1025.  1632.  5588.  8488. 15709.   .54  3.79  547.  2.87   75.  877.  142.    304. 546.   0.  40.  3.52 145.8   6.6-166.2  17.5 260.0 210.8  50.6    .0  74.5  39.7  33.1
1904     283   292   126   179   652.  1169.  5244.  8157. 14569.   .56  2.79  513.  2.84   76.  635.  167.    237. 336.   0.  30.  3.60 139.3   6.6-204.9  12.7 260.0 181.8  31.4    .0  80.1  39.6  33.0
1905     283   292   131   171  1289.  2107.  6646.  8464. 17217.   .49  4.84  608.  2.83   57.  717.  123.    326. 426.   0. 100.  3.83 145.3   6.6-138.1  14.3 260.0 245.5  38.7    .0  70.1  39.7  33.1
1906     283   293   136   176   747.  1210.  5454.  7191. 13855.   .52  2.83  505.  2.75   87.  678.  167.    236. 442.   0.  80.  3.44 138.7   6.6-186.6  13.6 260.0 181.7  49.1    .0  76.2  39.6  33.0
1907     283   291   137   177  1445.  2410.  7568.  8739. 18717.   .47  5.57  689.  2.72   78.  635.   95.    369. 380.   0. 130.  4.04 143.0   6.6-106.4  12.7 260.0 279.5  31.9    .0  67.0  39.7  33.1
1908     283   292   134   184  1282.  2162.  7977. 10708. 20848.   .51  5.05  758.  2.75   34.  657.  110.    347. 353.   0. 120.  4.56 145.6   6.6-114.4  13.1 260.0 276.6  31.3    .0  75.4  39.7  33.1
1909     283   293   135   178   625.  1065.  5115.  6554. 12734.   .51  2.53  470.  2.71   93.  535.  183.    212. 274.   0.  40.  3.22 134.8   6.6-216.7  10.7 260.0 171.0  23.7    .0  74.5  39.6  33.0
1910     283   291   132   184   848.  1427.  6033.  9039. 16500.   .55  3.35  633.  2.61   59.  687.  152.    233. 381.   0.  20.  4.29 144.7   6.6-177.7  13.7 260.0 208.0  38.1    .0  79.3  39.7  33.1
1911     283   291   134   178  1074.  1786.  7170.  9371. 18327.   .51  4.17  636.  2.88   81.  581.  125.    299. 307.   0.  70.  4.32 146.7   6.6-158.1  11.6 260.0 240.8  23.6    .0  76.1  39.7  33.1
1912     283   294   128   174   788.  1368.  5824.  8198. 15390.   .53  3.23  510.  3.02   46.  599.  156.    272. 307.   0.  90.  3.60 141.2   6.6-198.4  12.0 260.0 191.6  28.5    .0  80.3  39.6  33.0
1913     283   293   138   189   857.  1493.  6865.  9016. 17374.   .52  3.53  692.  2.51   64.  786.  200.    294. 466.   0. 110.  3.52 140.0   6.6-145.3  15.7 260.0 224.2  51.5    .0  77.5  39.6  33.0
1914     283   293   126   179   809.  1373.  5352.  8406. 15132.   .56  3.24  529.  2.86   87.  609.  150.    262. 325.   0.  40.  3.68 143.5   6.6-205.7  12.2 260.0 191.2  24.3    .0  79.1  39.7  33.1
1915     283   291   129   171   886.  1423.  6147.  7403. 14973.   .49  3.31  548.  2.73   62.  773.  152.    290. 443.   0.  50.  3.39 147.5   6.6-188.4  15.5 260.0 193.4  46.0    .0  77.4  39.7  33.1
1916     283   289   121   172   696.  1169.  4890.  7099. 13158.   .54  2.75  456.  2.89   71.  519.  177.    248. 285.   0. 120.  3.10 144.2   6.6-225.0  10.4 260.0 171.4  24.2    .0  76.8  39.7  33.1
1917     283   294   129   186  1050.  1764.  6386.  9827. 17977.   .55  4.12  638.  2.82   71.  629.  151.    345. 294.   0.  90.  3.62 145.6   6.6-171.5  12.6 260.0 225.1  26.3    .0  79.9  39.7  33.1
1918     283   291   127   169   735.  1221.  5556.  6825. 13602.   .50  2.87  483.  2.82  100.  601.  181.    277. 323.   0.  80.  2.97 142.9   6.6-207.3  12.0 260.0 182.1  30.9    .0  74.7  39.7  33.1
1919     283   291   128   173  1073.  1686.  6459.  8905. 17050.   .52  3.89  601.  2.84   81.  612.  146.    327. 340.   0. 120.  3.60 150.1   6.6-171.7  12.2 260.0 226.0  28.6    .0  75.4  39.7  33.1
1920     283   294   132   181  1100.  1865.  6855.  9184. 17904.   .51  4.35  651.  2.75   60.  768.  128.    308. 461.   0.  70.  4.10 149.7   6.6-146.9  15.4 260.0 239.8  42.5    .0  74.7  39.7  33.1
1921     283   293   130   179  1188.  2030.  7330. 10471. 19832.   .53  4.70  739.  2.68   78.  492.  118.    321. 287.   0. 156.  4.51 143.8   6.6-136.4   9.8 260.0 256.4  24.6    .0  77.3  39.7  33.1
1922     283   290   128   174  1161.  1720.  6135.  8300. 16156.   .51  3.96  598.  2.70   73.  625.  128.    336. 374.   0. 140.  3.48 155.6   6.6-176.7  12.5 260.0 224.9  30.0    .0  71.8  39.8  33.1
1923     283   291   127   170  1164.  1881.  6221.  8603. 16705.   .52  4.35  568.  2.94   77.  590.  129.    368. 289.   0. 119.  3.36 146.5   6.6-175.5  11.8 260.0 225.9  20.0    .0  74.0  39.7  33.1
1924     283   292   129   175   814.  1413.  5745.  8138. 15296.   .53  3.34  538.  2.84   87.  646.  152.    277. 403.   0. 100.  3.56 141.6   6.6-179.9  12.9 260.0 202.0  37.8    .0  75.7  39.6  33.0
1925     283   292   127   181   696.  1189.  5330.  7922. 14441.   .55  2.82  533.  2.71   74.  600.  201.    282. 321.   0. 130.  2.99 147.0   6.6-209.5  12.0 260.0 186.5  28.2    .0  77.4  39.7  33.1
1926     283   292   124   169   807.  1305.  5442.  7153. 13900.   .51  3.03  483.  2.88   71.  800.  164.    268. 488.   0.  50.  3.22 145.7   6.6-192.8  16.0 260.0 190.9  43.2    .0  72.8  39.7  33.1
1927     283   292   131   176  1045.  1814.  6574.  9072. 17460.   .52  4.27  580.  3.01   79.  622.  127.    266. 324.   0.  16.  4.44 145.8   6.6-163.9  12.4 260.0 238.0  20.6    .0  73.4  39.7  33.1
1928     283   293   125   168   954.  1535.  5536.  7075. 14146.   .50  3.52  477.  2.97   90.  717.  139.    316. 382.   0.  30.  3.11 147.8   6.6-182.7  14.3 260.0 206.5  37.4    .0  68.5  39.7  33.1
1929     283   292   134   177  1125.  1870.  7380.  9688. 18938.   .51  4.37  690.  2.74   79.  629.  141.    314. 340.   0.  87.  4.16 145.3   6.6-145.9  12.6 260.0 243.9  32.0    .0  77.6  39.7  33.1
1930     283   292   136   172  1105.  1849.  6546.  7720. 16115.   .48  4.30  597.  2.70   57.  639.  114.    330. 311.   0.  60.  3.62 143.5   6.6-163.4  12.8 260.0 233.7  22.6    .0  69.0  39.7  33.1
1931     283   292   132   173  1030.  1780.  6763.  8141. 16684.   .49  4.16  585.  2.85   41.  613.  130.    320. 294.   0.  90.  3.71 139.8   6.6-151.1  12.3 260.0 239.6  25.4    .0  69.6  39.6  33.0

 MEANS over  30 years  :
        283.  292.  130.  176.   970.  1612.  6203.  8439. 16255.   .52  3.76  582.  2.80   71.  646.  146.    296. 359.   0.  83.  3.69 144.7   6.6-173.2  12.9 260.0 216.8  32.1    .0  75.2  39.7  33.1
 STANDARD DEVIATIONS  :
          0.    1.    4.    5.   206.   331.   785.  1026.  1984.   .02   .75   80.   .11   16.   87.   26.     40.  71.   0.  38.   .44   3.9    .0  28.7   1.7    .0  28.9   9.2    .0   3.6    .0    .0
 VARIATION COEFFICIENTS (%)  : 
          .0    .4   3.1   3.0   21.2   20.5   12.6   12.2   12.2   4.3  19.9  13.7   4.0  22.9  13.5  17.5    13.4 19.8   .0 45.9  12.1   2.7    .1  16.5  13.5    .0  13.3  28.8    .0   4.7    .1    .1



*** RESULTS OF CROP GROWTH MODEL NWHEAT *** SUMMARY OF OUTPUT FOR WINTER WHEAT AND YIELD STATISTICS ***

Name of run: RHIW1, Station= UKHI , Soil=   1, Crop=   1, Organic M.=   1, Nsoil=   1, IRR=   0, Runof=  .00
 Roth., UKHI scen.(normal), no Var. change,wat-lim. prod.,CO2 353ppm             


YEAR     SOW EMERG  ANTH  HALT   WRT   WLV    WST   WGR    TAGB     HI  LAIM PARAB  RUE   DWAV RAIN  ESOIL   TRANS DRAIN RUNOF IRR  WUE MINOM MINFM DNTOT NRAIN NGIFT NUPT  NLEACH NIMMO  NUE  DNFM  NBIOM
1902     283   290   132   182  1040.  1645.  5942.  9140. 16727.   .55  3.80  620.  2.70  150.  522.  128.    289. 254.   0.   0.  4.01 143.8   6.6-173.5  10.4 260.0 225.3  19.1    .0  74.2  39.7  33.1
1903     283   292   132   176  1025.  1632.  5588.  8488. 15708.   .54  3.79  547.  2.87  109.  877.  136.    304. 546.   0.   0.  3.57 145.2   6.6-164.9  17.5 260.0 211.4  50.6    .0  74.3  39.7  33.1
1904     283   292   126   179   652.  1169.  5244.  8157. 14569.   .56  2.79  513.  2.84  105.  635.  167.    237. 336.   0.   0.  3.61 138.3   6.6-203.8  12.7 260.0 181.9  31.4    .0  80.1  39.6  33.0
1905     283   292   131   171  1289.  2107.  6643.  8454. 17204.   .49  4.84  608.  2.83  157.  717.  123.    326. 426.   0.   0.  3.84 141.8   6.6-127.4  14.3 260.0 252.3  38.7    .0  68.2  39.6  33.0
1906     283   293   136   176   747.  1210.  5454.  7190. 13854.   .52  2.83  505.  2.75  160.  678.  160.    236. 442.   0.   0.  3.50 132.8   6.6-179.3  13.6 260.0 183.0  49.1    .0  75.7  39.5  32.9
1907     283   291   137   177  1445.  2410.  7563.  7703. 17675.   .44  5.57  689.  2.57  190.  635.   95.    351. 380.   0.   0.  3.96 137.9   6.6 -95.0  12.7 260.0 285.5  31.9    .0  61.9  39.6  33.0
1908     283   292   134   184  1282.  2162.  7963. 10156. 20282.   .50  5.05  758.  2.67  143.  657.  110.    337. 353.   0.   0.  4.54 138.6   6.6 -96.5  13.1 260.0 287.2  31.3    .0  70.6  39.6  33.0
1909     283   293   135   178   625.  1065.  5115.  6554. 12734.   .51  2.53  470.  2.71  124.  535.  174.    212. 274.   0.   0.  3.30 134.4   6.6-216.0  10.7 260.0 171.3  23.7    .0  74.3  39.5  33.0
1910     283   291   132   184   848.  1427.  6033.  9039. 16500.   .55  3.35  633.  2.61   79.  687.  152.    233. 381.   0.   0.  4.29 144.6   6.6-177.7  13.7 260.0 207.9  38.1    .0  79.3  39.7  33.1
1911     283   291   134   178  1074.  1786.  7169.  9370. 18325.   .51  4.17  636.  2.88  150.  581.  124.    299. 307.   0.   0.  4.33 144.2   6.6-154.0  11.6 260.0 242.4  23.6    .0  75.6  39.7  33.1
1912     283   294   128   174   788.  1368.  5818.  8198. 15384.   .53  3.23  510.  3.01  135.  599.  155.    272. 307.   0.   0.  3.60 137.8   6.6-190.0  12.0 260.0 196.5  28.5    .0  78.3  39.6  33.0
1913     283   293   138   189   857.  1493.  6855.  8506. 16854.   .50  3.53  692.  2.44  163.  786.  199.    285. 466.   0.   0.  3.49 134.7   6.6-128.1  15.7 260.0 235.0  51.5    .0  71.7  39.6  33.0
1914     283   293   126   179   809.  1373.  5352.  8406. 15131.   .56  3.24  529.  2.86  127.  609.  149.    262. 325.   0.   0.  3.69 139.9   6.6-201.5  12.2 260.0 191.8  24.3    .0  78.9  39.6  33.0
1915     283   291   129   171   886.  1423.  6146.  7403. 14972.   .49  3.31  548.  2.73  111.  773.  152.    290. 443.   0.   0.  3.39 146.6   6.6-186.6  15.5 260.0 194.2  46.0    .0  77.1  39.7  33.1
1916     283   289   121   172   696.  1169.  4888.  7045. 13102.   .54  2.75  456.  2.87  183.  519.  170.    247. 285.   0.   0.  3.14 134.8   6.6-210.2  10.4 260.0 176.4  24.2    .0  74.3  39.6  33.0
1917     283   294   129   186  1050.  1764.  6380.  9818. 17963.   .55  4.12  638.  2.82  161.  629.  151.    345. 294.   0.   0.  3.62 140.8   6.6-157.5  12.6 260.0 233.1  26.3    .0  77.0  39.6  33.0
1918     283   291   127   169   735.  1221.  5554.  6821. 13596.   .50  2.87  483.  2.81  171.  601.  172.    277. 323.   0.   0.  3.03 141.1   6.6-201.3  12.0 260.0 186.2  30.9    .0  73.0  39.6  33.0
1919     283   291   128   173  1073.  1686.  6454.  8744. 16884.   .52  3.89  601.  2.81  196.  612.  144.    323. 340.   0.   0.  3.61 141.4   6.6-154.7  12.2 260.0 234.1  28.6    .0  72.1  39.6  33.0
1920     283   294   132   181  1100.  1865.  6853.  9182. 17899.   .51  4.35  651.  2.75  130.  768.  128.    308. 461.   0.   0.  4.10 147.1   6.6-139.9  15.4 260.0 244.2  42.5    .0  73.3  39.7  33.1
1921     283   293   130   179  1184.  2026.  7263.  9703. 18993.   .51  4.69  737.  2.58  207.  492.  117.    301. 281.   0.   0.  4.54 135.6   6.6-136.9   9.8 260.0 248.6  23.9    .0  76.4  39.6  33.0
1922     283   290   128   174  1161.  1720.  6128.  7700. 15548.   .50  3.96  598.  2.60  195.  625.  127.    319. 374.   0.   0.  3.48 148.3   6.6-161.8  12.5 260.0 232.1  30.0    .0  67.0  39.7  33.1
1923     283   291   127   170  1145.  1860.  6119.  8573. 16551.   .52  4.30  564.  2.93  185.  590.  129.    364. 282.   0.   0.  3.36 142.4   6.6-166.6  11.8 260.0 230.3  19.3    .0  71.9  39.7  33.0
1924     283   292   129   175   814.  1413.  5742.  8069. 15224.   .53  3.34  538.  2.83  184.  646.  151.    275. 403.   0.   0.  3.57 136.8   6.6-169.6  12.9 260.0 207.4  37.8    .0  73.4  39.6  33.0
1925     283   292   127   181   696.  1189.  5326.  7712. 14228.   .54  2.82  533.  2.67  176.  600.  178.    277. 321.   0.   0.  3.12 140.9   6.6-197.3  12.0 260.0 192.5  28.2    .0  73.9  39.6  33.0
1926     283   292   124   169   807.  1305.  5442.  7153. 13900.   .51  3.03  483.  2.88  120.  800.  163.    268. 488.   0.   0.  3.22 144.0   6.6-190.9  16.0 260.0 191.0  43.2    .0  72.8  39.7  33.1
1927     283   292   131   176  1002.  1753.  6506.  8966. 17225.   .52  4.13  570.  3.02   78.  622.  120.    259. 321.   0.   0.  4.55 144.7   6.6-167.8  12.4 260.0 233.1  20.7    .0  73.9  39.7  33.1
1928     283   293   125   168   954.  1535.  5535.  7074. 14144.   .50  3.52  477.  2.97  120.  717.  139.    316. 382.   0.   0.  3.11 147.7   6.6-181.0  14.3 260.0 208.0  37.4    .0  68.0  39.7  33.1
1929     283   292   134   177  1114.  1856.  7366.  9670. 18893.   .51  4.34  688.  2.75  158.  629.  141.    312. 334.   0.   0.  4.17 141.9   6.6-143.1  12.6 260.0 244.2  31.2    .0  77.4  39.6  33.0
1930     283   292   136   172  1105.  1849.  6545.  7719. 16113.   .48  4.30  597.  2.70  116.  639.  114.    330. 311.   0.   0.  3.63 142.3   6.6-161.0  12.8 260.0 234.8  22.6    .0  68.6  39.7  33.0
1931     283   292   132   173  1030.  1780.  6757.  8131. 16667.   .49  4.16  585.  2.85  131.  613.  129.    320. 294.   0.   0.  3.71 137.4   6.6-137.4  12.3 260.0 249.4  25.4    .0  66.8  39.6  33.0

 MEANS over  30 years  :
        283.  292.  130.  176.   968.  1609.  6191.  8295. 16095.   .52  3.75  582.  2.78  147.  646.  143.    293. 358.   0.   0.  3.70 140.9   6.6-165.7  12.9 260.0 220.4  32.0    .0  73.3  39.6  33.0
 STANDARD DEVIATIONS  :
          0.    1.    4.    5.   204.   329.   779.   945.  1850.   .03   .75   80.   .13   34.   87.   23.     37.  72.   0.   0.   .44   4.2    .0  30.4   1.7    .0  29.9   9.3    .0   4.1    .1    .0
 VARIATION COEFFICIENTS (%)  : 
          .0    .4   3.1   3.0   21.1   20.4   12.6   11.4   11.5   5.0  19.9  13.7   4.9  23.0  13.5  16.1    12.8 20.0   .0   .0  11.8   3.0    .1  18.3  13.5    .0  13.6  29.0    .0   5.6    .1    .1



*** RESULTS OF CROP GROWTH MODEL NWHEAT *** SUMMARY OF OUTPUT FOR WINTER WHEAT AND YIELD STATISTICS ***

Name of run: RHIP4, Station= UKHI , Soil=   1, Crop=   4, Organic M.=   1, Nsoil=   1, IRR=   1, Runof=  .00
 Roth., UKHI scen.(normal), no Var. change, pot. prod., CO2 646 ppm              


YEAR     SOW EMERG  ANTH  HALT   WRT   WLV    WST   WGR    TAGB     HI  LAIM PARAB  RUE   DWAV RAIN  ESOIL   TRANS DRAIN RUNOF IRR  WUE MINOM MINFM DNTOT NRAIN NGIFT NUPT  NLEACH NIMMO  NUE  DNFM  NBIOM
1902     283   290   132   182  1116.  1795.  7570. 10609. 19974.   .53  3.80  614.  3.25   40.  522.  132.    260. 258.   0.  90.  5.08 148.7   6.6-167.3  10.4 260.0 236.6  19.5    .0  84.4  39.7  33.1
1903     283   292   132   176  1134.  1843.  7688.  9651. 19183.   .50  3.91  549.  3.49   79.  877.  140.    274. 562.   0.  20.  4.64 145.9   6.6-140.7  17.5 260.0 236.4  50.2    .0  81.2  39.7  33.1
1904     283   292   126   179   708.  1287.  6978.  9264. 17529.   .53  2.82  513.  3.42   84.  635.  167.    209. 343.   0.   0.  4.66 138.8   6.6-183.4  12.7 260.0 202.1  31.9    .0  86.7  39.6  33.0
1905     283   292   131   171  1436.  2375.  8149. 10479. 21003.   .50  5.00  611.  3.44   67.  717.  121.    299. 434.   0.  70.  5.00 144.6   6.6-111.1  14.3 260.0 272.4  37.8    .0  77.1  39.7  33.1
1906     283   293   136   176   813.  1339.  7099.  8523. 16961.   .50  2.87  506.  3.35   85.  678.  166.    209. 447.   0.  60.  4.52 138.8   6.6-167.4  13.6 260.0 200.8  49.3    .0  84.5  39.6  33.0
1907     283   291   137   177  1565.  2642.  8856. 10682. 22181.   .48  5.59  684.  3.24   82.  635.   96.    332. 389.   0. 100.  5.18 143.0   6.6 -84.6  12.7 260.0 301.0  32.0    .0  73.7  39.7  33.1
1908     283   292   134   184  1407.  2390.  9957. 13001. 25348.   .51  5.15  764.  3.32   29.  657.  106.    320. 360.   0. 100.  5.94 145.4   6.6 -80.3  13.1 260.0 310.0  31.3    .0  81.8  39.7  33.1
1909     283   293   135   178   673.  1158.  6037.  8109. 15304.   .53  2.52  466.  3.28   98.  535.  181.    184. 278.   0.  10.  4.19 134.8   6.6-198.1  10.7 260.0 189.0  24.3    .0  81.0  39.6  33.0
1910     283   291   132   184   909.  1543.  7991.  9896. 19429.   .51  3.31  626.  3.10   57.  687.  154.    203. 387.   0.   0.  5.44 144.9   6.6-160.8  13.7 260.0 224.7  38.3    .0  86.5  39.7  33.1
1911     283   291   134   178  1174.  1978.  8624. 11192. 21795.   .51  4.24  634.  3.44   77.  581.  125.    268. 314.   0.  50.  5.54 146.8   6.6-139.2  11.6 260.0 259.7  23.4    .0  83.9  39.7  33.1
1912     283   294   128   174   880.  1548.  8114.  9275. 18937.   .49  3.35  514.  3.68   41.  599.  153.    245. 311.   0.  70.  4.75 141.2   6.6-173.5  12.0 260.0 215.7  29.0    .0  87.8  39.6  33.0
1913     283   293   138   189   921.  1624.  7782. 10959. 20365.   .54  3.52  689.  2.96   61.  786.  201.    257. 470.   0.  80.  4.45 139.8   6.6-125.1  15.7 260.0 243.5  51.8    .0  83.6  39.6  33.0
1914     283   293   126   179   882.  1523.  6653. 10028. 18204.   .55  3.30  527.  3.45   93.  609.  149.    232. 341.   0.  20.  4.78 141.9   6.6-180.5  12.2 260.0 214.7  24.2    .0  84.8  39.6  33.0
1915     283   291   129   171   979.  1606.  8361.  8174. 18141.   .45  3.42  551.  3.29   63.  773.  150.    260. 457.   0.  30.  4.43 147.6   6.6-169.3  15.5 260.0 212.3  45.9    .0  85.5  39.7  33.1
1916     283   289   121   172   773.  1322.  5942.  8863. 16127.   .55  2.86  461.  3.50   68.  519.  174.    222. 291.   0. 100.  4.08 143.9   6.6-201.8  10.4 260.0 193.8  24.5    .0  83.2  39.7  33.1
1917     283   294   129   186  1166.  1991.  8358. 11391. 21741.   .52  4.27  644.  3.38   61.  629.  148.    315. 297.   0.  70.  4.70 145.9   6.6-142.5  12.6 260.0 253.6  26.7    .0  85.7  39.7  33.1
1918     283   291   127   169   805.  1352.  6563.  8660. 16574.   .52  2.91  485.  3.41   94.  601.  180.    247. 328.   0.  60.  3.87 143.1   6.6-185.6  12.0 260.0 203.5  31.3    .0  81.5  39.7  33.1
1919     283   291   128   173  1206.  1930.  7866. 10820. 20616.   .52  4.07  604.  3.41   89.  612.  143.    295. 353.   0.  90.  4.71 150.0   6.6-146.4  12.2 260.0 251.0  28.4    .0  82.1  39.7  33.1
1920     283   294   132   181  1212.  2074.  8281. 11022. 21377.   .52  4.44  655.  3.26   62.  768.  126.    281. 473.   0.  50.  5.25 149.1   6.6-119.0  15.4 260.0 267.5  41.8    .0  79.9  39.7  33.1
1921     283   293   130   179  1326.  2285. 10277. 11922. 24484.   .49  4.88  749.  3.27   73.  492.  111.    300. 290.   0. 136.  5.96 144.2   6.6-104.8   9.8 260.0 287.9  24.6    .0  85.1  39.7  33.1
1922     283   290   128   174  1298.  1943.  7309. 10139. 19392.   .52  4.08  599.  3.24   80.  625.  127.    304. 383.   0. 110.  4.50 155.5   6.6-151.5  12.5 260.0 251.1  28.6    .0  77.2  39.8  33.1
1923     283   291   127   170  1290.  2124.  8554.  9763. 20442.   .48  4.48  567.  3.60   81.  590.  128.    331. 300.   0.  89.  4.45 146.7   6.6-150.3  11.8 260.0 251.6  19.6    .0  81.3  39.7  33.1
1924     283   292   129   175   885.  1553.  7167.  9649. 18369.   .53  3.36  534.  3.44   92.  646.  153.    244. 410.   0.  70.  4.62 141.5   6.6-158.3  12.9 260.0 223.4  37.7    .0  82.2  39.6  33.0
1925     283   292   127   181   768.  1323.  6302.  9933. 17557.   .57  2.88  536.  3.28   79.  600.  200.    250. 329.   0. 100.  3.90 146.8   6.6-187.9  12.0 260.0 207.2  28.6    .0  84.7  39.7  33.1
1926     283   292   124   169   883.  1454.  6517.  8707. 16679.   .52  3.09  482.  3.46   72.  800.  164.    236. 501.   0.  30.  4.17 145.8   6.6-170.4  16.0 260.0 213.9  42.4    .0  78.0  39.7  33.1
1927     283   292   131   176  1166.  2061.  7887. 10899. 20847.   .52  4.43  581.  3.59   63.  622.  126.    240. 336.   0.  16.  5.70 146.0   6.6-141.1  12.4 260.0 260.7  20.4    .0  80.0  39.7  33.1
1928     283   293   125   168  1069.  1758.  6682.  8614. 17054.   .51  3.69  479.  3.56   91.  717.  136.    287. 394.   0.  10.  4.03 148.0   6.6-158.3  14.3 260.0 231.1  37.0    .0  73.8  39.7  33.1
1929     283   292   134   177  1242.  2107.  8960. 11581. 22648.   .51  4.50  690.  3.28   82.  629.  141.    283. 355.   0.  67.  5.35 145.3   6.6-119.0  12.6 260.0 270.1  32.3    .0  83.9  39.7  33.1
1930     283   292   136   172  1217.  2067.  8249.  9225. 19541.   .47  4.40  599.  3.26   62.  639.  112.    300. 329.   0.  40.  4.74 143.5   6.6-136.7  12.8 260.0 259.6  22.9    .0  75.3  39.7  33.1
1931     283   292   132   173  1122.  1968.  7975.  9952. 19894.   .50  4.21  581.  3.42   36.  613.  131.    284. 303.   0.  70.  4.79 139.8   6.6-131.1  12.3 260.0 258.8  25.9    .0  76.9  39.6  33.0

 MEANS over  30 years  :
        283.  292.  130.  176.  1068.  1799.  7758. 10033. 19590.   .51  3.84  583.  3.37   71.  646.  145.    266. 368.   0.  60.  4.78 144.6   6.6-149.5  12.9 260.0 240.1  32.1    .0  81.8  39.7  33.1
 STANDARD DEVIATIONS  :
          0.    1.    4.    5.   230.   373.  1036.  1166.  2366.   .02   .77   81.   .15   18.   87.   26.     39.  73.   0.  36.   .56   4.0    .0  30.6   1.7    .0  31.2   9.1    .0   3.8    .0    .0
 VARIATION COEFFICIENTS (%)  : 
          .0    .4   3.1   3.0   21.5   20.7   13.4   11.6   12.1   4.7  20.1  13.8   4.4  24.9  13.5  17.9    14.5 19.8   .0 59.0  11.7   2.7    .1  20.5  13.5    .0  13.0  28.5    .0   4.6    .1    .1



*** RESULTS OF CROP GROWTH MODEL NWHEAT *** SUMMARY OF OUTPUT FOR WINTER WHEAT AND YIELD STATISTICS ***

Name of run: RHIW4, Station= UKHI , Soil=   1, Crop=   4, Organic M.=   1, Nsoil=   1, IRR=   0, Runof=  .00
 Roth., UKHI scen.(normal), no Var. change,wat-lim. prod.,CO2 646ppm             


YEAR     SOW EMERG  ANTH  HALT   WRT   WLV    WST   WGR    TAGB     HI  LAIM PARAB  RUE   DWAV RAIN  ESOIL   TRANS DRAIN RUNOF IRR  WUE MINOM MINFM DNTOT NRAIN NGIFT NUPT  NLEACH NIMMO  NUE  DNFM  NBIOM
1902     283   290   132   182  1116.  1795.  7564. 10609. 19968.   .53  3.80  614.  3.25  128.  522.  131.    260. 258.   0.   0.  5.11 145.4   6.6-160.6  10.4 260.0 239.9  19.5    .0  83.2  39.7  33.1
1903     283   292   132   176  1134.  1843.  7688.  9651. 19182.   .50  3.91  549.  3.49   94.  877.  135.    274. 562.   0.   0.  4.69 145.6   6.6-140.2  17.5 260.0 236.6  50.2    .0  81.1  39.7  33.1
1904     283   292   126   179   708.  1287.  6978.  9264. 17529.   .53  2.82  513.  3.42   84.  635.  167.    209. 343.   0.   0.  4.66 138.8   6.6-183.4  12.7 260.0 202.1  31.9    .0  86.7  39.6  33.0
1905     283   292   131   171  1436.  2375.  8146. 10477. 20998.   .50  5.00  611.  3.44  136.  717.  120.    299. 434.   0.   0.  5.01 142.7   6.6-105.1  14.3 260.0 276.3  37.8    .0  76.0  39.7  33.1
1906     283   293   136   176   813.  1339.  7097.  8523. 16959.   .50  2.87  506.  3.35  138.  678.  160.    209. 447.   0.   0.  4.59 133.8   6.6-161.5  13.6 260.0 201.5  49.3    .0  84.2  39.5  32.9
1907     283   291   137   177  1565.  2642.  8852. 10496. 21990.   .48  5.59  685.  3.21  179.  635.   96.    329. 389.   0.   0.  5.17 139.4   6.6 -73.1  12.7 260.0 308.5  32.0    .0  71.3  39.6  33.0
1908     283   292   134   184  1407.  2390.  9853. 13001. 25244.   .52  5.15  764.  3.30  128.  657.  106.    319. 360.   0.   0.  5.94 140.6   6.6 -67.2  13.1 260.0 318.1  31.3    .0  79.4  39.6  33.0
1909     283   293   135   178   673.  1158.  6037.  8109. 15304.   .53  2.52  466.  3.28  102.  535.  175.    184. 278.   0.   0.  4.27 134.7   6.6-197.9  10.7 260.0 189.0  24.3    .0  81.0  39.6  33.0
1910     283   291   132   184   909.  1543.  7991.  9896. 19429.   .51  3.31  626.  3.10   57.  687.  154.    203. 387.   0.   0.  5.44 144.9   6.6-160.8  13.7 260.0 224.7  38.3    .0  86.5  39.7  33.1
1911     283   291   134   178  1174.  1978.  8623. 11192. 21794.   .51  4.24  634.  3.44  126.  581.  124.    268. 314.   0.   0.  5.55 144.9   6.6-136.9  11.6 260.0 260.1  23.4    .0  83.8  39.7  33.1
1912     283   294   128   174   880.  1548.  8113.  9275. 18936.   .49  3.35  514.  3.68  110.  599.  153.    245. 311.   0.   0.  4.76 138.5   6.6-168.6  12.0 260.0 217.8  29.0    .0  87.0  39.6  33.0
1913     283   293   138   189   921.  1624.  7778. 10954. 20356.   .54  3.52  689.  2.95  140.  786.  200.    257. 470.   0.   0.  4.46 137.0   6.6-116.3  15.7 260.0 249.4  51.8    .0  81.6  39.6  33.0
1914     283   293   126   179   882.  1523.  6653. 10028. 18204.   .55  3.30  527.  3.45  112.  609.  149.    232. 341.   0.   0.  4.79 140.4   6.6-178.7  12.2 260.0 214.9  24.2    .0  84.7  39.6  33.0
1915     283   291   129   171   979.  1606.  8361.  8174. 18141.   .45  3.42  551.  3.29   93.  773.  149.    260. 457.   0.   0.  4.44 147.0   6.6-168.7  15.5 260.0 212.3  45.9    .0  85.4  39.7  33.1
1916     283   289   121   172   773.  1322.  5942.  8863. 16127.   .55  2.86  461.  3.50  163.  519.  169.    222. 291.   0.   0.  4.13 136.4   6.6-194.3  10.4 260.0 193.8  24.5    .0  83.2  39.6  33.0
1917     283   294   129   186  1166.  1991.  8353. 11391. 21736.   .52  4.27  644.  3.37  130.  629.  148.    315. 297.   0.   0.  4.70 142.7   6.6-136.8  12.6 260.0 256.0  26.7    .0  84.9  39.7  33.0
1918     283   291   127   169   805.  1352.  6562.  8659. 16573.   .52  2.91  485.  3.41  146.  601.  172.    247. 328.   0.   0.  3.95 141.8   6.6-183.8  12.0 260.0 203.9  31.3    .0  81.3  39.6  33.0
1919     283   291   128   173  1206.  1930.  7861. 10820. 20611.   .52  4.07  604.  3.41  179.  612.  142.    295. 353.   0.   0.  4.71 143.1   6.6-136.2  12.2 260.0 254.2  28.4    .0  81.1  39.7  33.1
1920     283   294   132   181  1212.  2074.  8279. 11022. 21375.   .52  4.44  655.  3.26  112.  768.  126.    281. 473.   0.   0.  5.26 147.9   6.6-115.8  15.4 260.0 269.4  41.8    .0  79.3  39.7  33.1
1921     283   293   130   179  1322.  2282.  9903. 11922. 24106.   .49  4.88  749.  3.22  197.  492.  111.    294. 285.   0.   0.  5.96 137.1   6.6 -96.3   9.8 260.0 290.0  23.9    .0  83.1  39.6  33.0
1922     283   290   128   174  1297.  1943.  7298. 10016. 19257.   .52  4.08  599.  3.21  186.  625.  125.    302. 383.   0.   0.  4.51 150.3   6.6-135.7  12.5 260.0 261.2  28.6    .0  73.7  39.7  33.1
1923     283   291   127   170  1275.  2107.  8539.  9739. 20384.   .48  4.45  565.  3.61  160.  590.  128.    329. 293.   0.   0.  4.46 143.6   6.6-140.7  11.8 260.0 258.0  18.9    .0  79.0  39.7  33.1
1924     283   292   129   175   884.  1553.  7163.  9649. 18365.   .53  3.36  534.  3.44  161.  646.  153.    244. 410.   0.   0.  4.63 138.3   6.6-152.3  12.9 260.0 226.0  37.7    .0  81.3  39.6  33.0
1925     283   292   127   181   768.  1323.  6301.  9932. 17556.   .57  2.88  536.  3.28  157.  600.  178.    250. 329.   0.   0.  4.11 143.0   6.6-182.7  12.0 260.0 208.7  28.6    .0  84.1  39.7  33.1
1926     283   292   124   169   883.  1454.  6517.  8707. 16678.   .52  3.09  482.  3.46  101.  800.  164.    236. 501.   0.   0.  4.17 144.6   6.6-169.1  16.0 260.0 214.0  42.4    .0  77.9  39.7  33.1
1927     283   292   131   176  1121.  1995.  7828. 10801. 20624.   .52  4.30  572.  3.61   62.  622.  118.    234. 333.   0.   0.  5.87 144.9   6.6-144.9  12.4 260.0 256.0  20.4    .0  80.6  39.7  33.1
1928     283   293   125   168  1069.  1758.  6682.  8614. 17054.   .51  3.69  479.  3.56  101.  717.  136.    287. 394.   0.   0.  4.03 148.0   6.6-158.3  14.3 260.0 231.1  37.0    .0  73.8  39.7  33.1
1929     283   292   134   177  1230.  2091.  8976. 11557. 22623.   .51  4.47  688.  3.29  141.  629.  141.    281. 348.   0.   0.  5.37 142.8   6.6-117.4  12.6 260.0 270.0  31.5    .0  83.8  39.7  33.1
1930     283   292   136   172  1217.  2067.  8248.  9225. 19540.   .47  4.40  599.  3.26  101.  639.  112.    300. 329.   0.   0.  4.74 142.6   6.6-135.4  12.8 260.0 260.0  22.9    .0  75.2  39.7  33.0
1931     283   292   132   173  1122.  1968.  7972.  9947. 19886.   .50  4.21  581.  3.42  105.  613.  131.    284. 303.   0.   0.  4.79 138.3   6.6-124.1  12.3 260.0 264.1  25.9    .0  75.3  39.6  33.0

 MEANS over  30 years  :
        283.  292.  130.  176.  1065.  1795.  7739. 10017. 19551.   .51  3.84  583.  3.37  128.  646.  142.    265. 367.   0.   0.  4.81 142.0   6.6-144.8  12.9 260.0 242.3  32.0    .0  81.0  39.6  33.0
 STANDARD DEVIATIONS  :
          0.    1.    4.    5.   229.   371.  1000.  1160.  2320.   .02   .77   80.   .15   35.   87.   24.     38.  73.   0.   0.   .55   4.0    .0  32.6   1.7    .0  32.8   9.2    .0   4.1    .0    .0
 VARIATION COEFFICIENTS (%)  : 
          .0    .4   3.1   3.0   21.5   20.6   12.9   11.6   11.9   4.7  20.0  13.8   4.5  27.1  13.5  16.7    14.4 20.0   .0   .0  11.4   2.8    .1  22.5  13.5    .0  13.5  28.7    .0   5.1    .1    .1



*** RESULTS OF CROP GROWTH MODEL NWHEAT *** SUMMARY OF OUTPUT FOR WINTER WHEAT AND YIELD STATISTICS ***

Name of run: RLOP1, Station= UKLO , Soil=   1, Crop=   1, Organic M.=   1, Nsoil=   1, IRR=   1, Runof=  .00
 Roth., UKLO scen.(normal), no Var. change, pot. prod., CO2 353 ppm              


YEAR     SOW EMERG  ANTH  HALT   WRT   WLV    WST   WGR    TAGB     HI  LAIM PARAB  RUE   DWAV RAIN  ESOIL   TRANS DRAIN RUNOF IRR  WUE MINOM MINFM DNTOT NRAIN NGIFT NUPT  NLEACH NIMMO  NUE  DNFM  NBIOM
1902     283   289   132   171  1854.  2950.  6687.  8507. 18144.   .47  6.69  718.  2.53   60.  461.   63.    371. 247.   0. 160.  4.18 149.3   6.6-113.8   9.2 260.0 290.0  14.8    .0  62.6  39.7  33.1
1903     283   291   133   169  1883.  3011.  6214.  7647. 16872.   .45  6.84  620.  2.72   67.  917.   71.    400. 543.   0.  30.  3.59 149.7   6.6-113.3  18.3 260.0 273.3  40.9    .0  61.7  39.7  33.1
1904     283   291   125   171  1261.  2314.  6619.  9120. 18053.   .51  5.40  650.  2.78   49.  657.   81.    341. 334.   0.  50.  4.27 142.4   6.6-140.4  13.1 260.0 249.5  29.1    .0  72.4  39.7  33.0
1905     283   291   132   164  2162.  3467.  6809.  6569. 16845.   .39  7.82  667.  2.52   64.  754.   69.    392. 436.   0.  80.  3.65 147.9   6.6 -99.1  15.1 260.0 290.7  29.8    .0  57.9  39.7  33.1
1906     283   292   134   166  1441.  2461.  7199.  7193. 16854.   .43  5.65  609.  2.77   69.  651.   80.    339. 421.   0. 120.  4.03 140.5   6.6-115.0  13.0 260.0 261.5  38.4    .0  64.4  39.6  33.0
1907     283   290   137   168  2286.  3711.  7248.  6369. 17327.   .37  8.37  725.  2.39   61.  637.   52.    430. 375.   0. 160.  3.59 145.5   6.6 -85.1  12.7 260.0 302.8  26.2    .0  57.2  39.7  33.1
1908     283   291   134   174  2144.  3551.  8004.  8888. 20443.   .43  8.15  812.  2.52   60.  589.   53.    418. 358.   0. 180.  4.34 147.8   6.6 -66.2  11.8 260.0 326.8  25.5    .0  62.6  39.7  33.1
1909     283   292   134   169  1326.  2331.  6850.  7163. 16344.   .44  5.41  591.  2.77   64.  574.   85.    327. 284.   0.  57.  3.97 136.6   6.6-140.3  11.5 260.0 247.5  22.7    .0  66.0  39.6  33.0
1910     283   291   134   174  1647.  2839.  7224.  8665. 18729.   .46  6.54  720.  2.60   33.  700.   80.    325. 369.   0.  40.  4.62 147.4   6.6-107.7  14.0 260.0 285.8  29.2    .0  65.5  39.7  33.1
1911     283   290   134   167  1873.  3120.  7946.  7601. 18667.   .41  7.14  695.  2.68   52.  604.   65.    391. 297.   0.  96.  4.09 147.6   6.6 -97.2  12.1 260.0 304.4  17.4    .0  61.3  39.7  33.1
1912     283   293   128   165  1531.  2690.  6539.  8311. 17540.   .47  6.21  613.  2.86   46.  584.   73.    378. 319.   0. 140.  3.89 143.0   6.6-120.9  11.7 260.0 267.2  28.1    .0  65.6  39.7  33.1
1913     283   292   137   176  1576.  2758.  7971.  8721. 19450.   .45  6.38  767.  2.53   63.  726.  101.    406. 473.   0. 190.  3.84 141.2   6.6 -68.9  14.5 260.0 302.4  46.2    .0  64.3  39.6  33.0
1914     283   292   128   168  1639.  2784.  6570.  8079. 17434.   .46  6.42  633.  2.75   65.  605.   62.    379. 299.   0.  70.  3.96 144.7   6.6-127.4  12.1 260.0 276.5  14.2    .0  63.0  39.7  33.1
1915     283   290   129   165  1664.  2684.  6726.  7992. 17402.   .46  6.14  645.  2.70   34.  777.   73.    392. 436.   0.  90.  3.74 151.1   6.6-124.8  15.5 260.0 266.3  36.0    .0  65.4  39.7  33.1
1916     283   289   122   158  1441.  2517.  6899.  6520. 15937.   .41  5.81  559.  2.85   66.  482.   77.    382. 279.   0. 190.  3.47 144.5   6.6-138.3   9.6 260.0 256.8  20.7    .0  62.0  39.7  33.1
1917     283   293   130   174  1904.  3190.  7098.  8523. 18811.   .45  7.32  706.  2.67   46.  620.   74.    454. 299.   0. 160.  3.57 147.3   6.6 -85.3  12.4 260.0 309.6  24.7    .0  60.8  39.7  33.1
1918     283   290   128   161  1524.  2562.  7244.  6326. 16132.   .39  5.88  597.  2.70   69.  641.   87.    413. 320.   0. 110.  3.22 146.3   6.6-133.3  12.8 260.0 261.9  25.2    .0  61.6  39.7  33.1
1919     283   290   129   165  1977.  3144.  7399.  7797. 18341.   .43  7.17  680.  2.70   58.  601.   66.    427. 336.   0. 170.  3.72 153.7   6.6-107.9  12.0 260.0 294.4  22.6    .0  62.3  39.8  33.1
1920     283   293   133   174  1925.  3227.  7118.  8767. 19111.   .46  7.42  735.  2.60   54.  737.   66.    372. 453.   0. 100.  4.36 152.4   6.6 -93.1  14.7 260.0 303.4  30.7    .0  63.0  39.8  33.1
1921     283   291   130   171  2067.  3436.  7595.  9458. 20490.   .46  7.88  813.  2.52   61.  484.   55.    406. 279.   0. 196.  4.44 146.1   6.6 -74.4   9.7 260.0 321.8  18.8    .0  63.7  39.7  33.1
1922     283   290   130   167  2053.  3159.  6812.  7134. 17105.   .42  7.20  675.  2.53   61.  592.   61.    422. 349.   0. 180.  3.54 158.0   6.6-116.4  11.8 260.0 294.5  17.8    .0  58.1  39.8  33.2
1923     283   290   128   162  2067.  3247.  6116.  6938. 16302.   .43  7.32  625.  2.61   61.  594.   68.    466. 271.   0. 149.  3.06 148.9   6.6-138.9  11.9 260.0 268.0  11.3    .0  60.8  39.7  33.1
1924     283   291   128   167  1473.  2572.  6588.  7892. 17052.   .46  5.97  631.  2.70   68.  644.   75.    371. 397.   0. 130.  3.83 143.5   6.6-127.4  12.9 260.0 261.7  28.9    .0  65.1  39.7  33.1
1925     283   291   126   168  1348.  2342.  6796.  7901. 17038.   .46  5.43  614.  2.78   75.  606.   89.    404. 307.   0. 120.  3.45 146.7   6.6-137.0  12.1 260.0 262.6  21.6    .0  64.9  39.7  33.1
1926     283   291   126   161  1652.  2723.  7160.  6474. 16358.   .40  6.25  590.  2.77   60.  793.   70.    388. 474.   0.  80.  3.57 149.8   6.6-121.0  15.9 260.0 275.8  29.7    .0  59.3  39.7  33.1
1927     283   291   132   167  1917.  3272.  7180.  7329. 17781.   .41  7.48  659.  2.70   63.  637.   67.    349. 301.   0.  17.  4.27 147.1   6.6-113.1  12.7 260.0 293.3  12.5    .0  60.6  39.7  33.1
1928     283   292   127   161  1830.  2996.  6574.  5856. 15426.   .38  6.80  571.  2.70   55.  744.   64.    435. 370.   0.  70.  3.09 150.8   6.6-125.0  14.9 260.0 273.4  26.7    .0  56.4  39.7  33.1
1929     283   291   134   169  1908.  3142.  7428.  8482. 19051.   .45  7.18  761.  2.50   59.  653.   78.    397. 344.   0. 108.  4.01 148.1   6.6-103.4  13.1 260.0 290.6  26.5    .0  65.5  39.7  33.1
1930     283   291   137   165  1982.  3280.  7194.  5626. 16100.   .35  7.39  669.  2.41   53.  645.   57.    415. 315.   0.  90.  3.41 146.6   6.6-112.1  12.9 260.0 284.9  19.0    .0  56.5  39.7  33.1
1931     283   291   133   165  1861.  3190.  7076.  6360. 16626.   .38  7.24  654.  2.54   56.  580.   67.    415. 284.   0. 130.  3.45 142.5   6.6-107.1  11.6 260.0 285.9  20.5    .0  58.2  39.7  33.0

 MEANS over  30 years  :
        283.  291.  131.  167.  1774.  2956.  7029.  7607. 17592.   .43  6.76  667.  2.65   58.  643.   71.    394. 352.   0. 115.  3.81 146.9   6.6-111.8  12.9 260.0 282.8  25.2    .0  62.3  39.7  33.1
 STANDARD DEVIATIONS  :
          0.    1.    4.    4.   270.   376.   464.  1015.  1285.   .04   .82   66.   .12    9.   95.   11.     34.  72.   0.  50.   .40   4.2    .0  20.6   1.9    .0  20.2   8.1    .0   3.4    .0    .0
 VARIATION COEFFICIENTS (%)  : 
          .0    .4   2.8   2.6   15.2   12.7    6.6   13.3    7.3   8.3  12.1   9.9   4.6  16.0  14.7  15.5     8.7 20.3   .0 43.6  10.4   2.8    .1  18.5  14.7    .0   7.1  32.0    .0   5.5    .1    .1



*** RESULTS OF CROP GROWTH MODEL NWHEAT *** SUMMARY OF OUTPUT FOR WINTER WHEAT AND YIELD STATISTICS ***

Name of run: RLOW1, Station= UKLO , Soil=   1, Crop=   1, Organic M.=   1, Nsoil=   1, IRR=   0, Runof=  .00
 Roth., UKLO scen.(normal), no Var. change,wat-lim. prod.,CO2 353ppm             


YEAR     SOW EMERG  ANTH  HALT   WRT   WLV    WST   WGR    TAGB     HI  LAIM PARAB  RUE   DWAV RAIN  ESOIL   TRANS DRAIN RUNOF IRR  WUE MINOM MINFM DNTOT NRAIN NGIFT NUPT  NLEACH NIMMO  NUE  DNFM  NBIOM
1902     283   289   132   171  1854.  2950.  6687.  7457. 17094.   .44  6.69  717.  2.38  199.  461.   63.    350. 247.   0.   0.  4.14 142.7   6.6-110.4   9.2 260.0 287.0  14.8    .0  59.6  39.7  33.1
1903     283   291   133   169  1883.  3011.  6214.  7646. 16871.   .45  6.84  620.  2.72   97.  917.   71.    400. 543.   0.   0.  3.59 148.8   6.6-111.3  18.3 260.0 274.3  40.9    .0  61.5  39.7  33.1
1904     283   291   125   171  1261.  2314.  6619.  9120. 18052.   .51  5.40  650.  2.78   99.  657.   81.    341. 334.   0.   0.  4.27 141.1   6.6-138.7  13.1 260.0 249.8  29.1    .0  72.3  39.6  33.0
1905     283   291   132   164  2162.  3467.  6808.  6562. 16837.   .39  7.82  667.  2.52  140.  754.   69.    392. 433.   0.   0.  3.65 145.3   6.6 -91.3  15.1 260.0 295.5  29.7    .0  57.0  39.7  33.1
1906     283   292   134   166  1441.  2461.  7196.  6969. 16626.   .42  5.65  609.  2.73  184.  651.   79.    334. 421.   0.   0.  4.02 135.6   6.6-104.4  13.0 260.0 267.0  38.4    .0  62.3  39.6  33.0
1907     283   290   137   168  2286.  3711.  7247.  5153. 16111.   .32  8.37  725.  2.22  193.  637.   53.    402. 375.   0.   0.  3.54 140.5   6.6 -81.5  12.7 260.0 301.6  26.2    .0  53.4  39.6  33.0
1908     283   291   134   174  2143.  3560.  7969.  5902. 17431.   .34  8.15  811.  2.15  189.  589.   54.    366. 358.   0.   0.  4.15 138.3   6.6 -54.4  11.8 260.0 329.2  25.5    .0  53.0  39.6  33.0
1909     283   292   134   169  1326.  2330.  6851.  7166. 16347.   .44  5.41  591.  2.77  114.  574.   85.    327. 277.   0.   0.  3.98 136.0   6.6-137.8  11.5 260.0 250.2  21.8    .0  65.3  39.6  33.0
1910     283   291   134   174  1647.  2839.  7224.  8664. 18727.   .46  6.54  720.  2.60   72.  700.   80.    325. 368.   0.   0.  4.62 147.2   6.6-106.5  14.0 260.0 286.5  29.2    .0  65.4  39.7  33.1
1911     283   290   134   167  1874.  3121.  7947.  7599. 18667.   .41  7.14  695.  2.68  142.  604.   65.    391. 290.   0.   0.  4.10 144.9   6.6 -90.7  12.1 260.0 308.6  16.7    .0  60.5  39.7  33.1
1912     283   293   128   165  1531.  2690.  6507.  6857. 16055.   .43  6.21  613.  2.62  162.  584.   73.    354. 319.   0.   0.  3.76 136.7   6.6-105.9  11.7 260.0 275.7  28.1    .0  58.2  39.6  33.0
1913     283   292   137   176  1576.  2758.  7888.  5504. 16150.   .34  6.38  761.  2.12  200.  726.  104.    350. 473.   0.   0.  3.56 132.2   6.6 -57.8  14.5 260.0 304.4  46.2    .0  53.1  39.5  32.9
1914     283   292   128   168  1639.  2784.  6570.  8078. 17432.   .46  6.42  633.  2.75  135.  605.   62.    379. 299.   0.   0.  3.96 141.9   6.6-123.0  12.1 260.0 278.1  14.2    .0  62.7  39.7  33.0
1915     283   290   129   165  1664.  2684.  6724.  7987. 17395.   .46  6.14  645.  2.70  124.  777.   73.    392. 436.   0.   0.  3.74 149.3   6.6-116.5  15.5 260.0 272.6  36.0    .0  63.8  39.7  33.1
1916     283   289   122   158  1441.  2517.  6900.  4448. 13865.   .32  5.81  555.  2.50  199.  482.   80.    323. 279.   0.   0.  3.44 136.5   6.6-138.7   9.6 260.0 248.7  20.7    .0  55.8  39.6  33.0
1917     283   293   130   174  1904.  3193.  7034.  6244. 16471.   .38  7.32  705.  2.34  169.  620.   74.    416. 299.   0.   0.  3.36 140.7   6.6 -72.7  12.4 260.0 313.9  24.7    .0  52.5  39.6  33.0
1918     283   290   128   161  1524.  2562.  7241.  6318. 16121.   .39  5.88  597.  2.70  179.  641.   87.    413. 320.   0.   0.  3.22 144.0   6.6-120.5  12.8 260.0 271.9  25.2    .0  59.3  39.7  33.1
1919     283   290   129   165  1977.  3144.  7382.  5688. 16214.   .35  7.17  678.  2.39  185.  601.   67.    383. 336.   0.   0.  3.60 144.1   6.6 -95.6  12.0 260.0 297.2  22.6    .0  54.6  39.7  33.1
1920     283   293   133   174  1925.  3227.  7116.  8762. 19105.   .46  7.42  735.  2.60  154.  737.   66.    372. 453.   0.   0.  4.36 149.9   6.6 -84.1  14.7 260.0 309.6  30.7    .0  61.7  39.7  33.1
1921     283   291   130   171  2057.  3427.  7598.  7074. 18100.   .39  7.86  810.  2.24  200.  484.   57.    353. 273.   0.   0.  4.41 138.0   6.6 -68.8   9.7 260.0 320.2  18.3    .0  56.5  39.6  33.0
1922     283   290   130   167  2052.  3158.  6808.  5462. 15428.   .35  7.20  674.  2.29  201.  592.   62.    382. 349.   0.   0.  3.48 150.1   6.6-117.0  11.8 260.0 286.3  17.8    .0  53.9  39.7  33.1
1923     283   290   128   162  2049.  3232.  6114.  6446. 15791.   .41  7.29  623.  2.54  180.  594.   66.    454. 254.   0.   0.  3.04 143.0   6.6-123.3  11.9 260.0 278.4  10.3    .0  56.7  39.7  33.1
1924     283   291   128   167  1473.  2572.  6586.  7055. 16213.   .44  5.97  631.  2.57  181.  644.   75.    354. 397.   0.   0.  3.78 138.5   6.6-115.9  12.9 260.0 268.0  28.9    .0  60.5  39.6  33.0
1925     283   291   126   168  1348.  2342.  6792.  6819. 15953.   .43  5.43  613.  2.60  176.  606.   89.    385. 307.   0.   0.  3.36 141.6   6.6-123.5  12.1 260.0 270.0  21.6    .0  59.1  39.6  33.0
1926     283   291   126   161  1652.  2723.  7158.  6470. 16351.   .40  6.25  590.  2.77  140.  793.   70.    388. 474.   0.   0.  3.57 147.3   6.6-111.2  15.9 260.0 282.9  29.7    .0  57.8  39.7  33.1
1927     283   291   132   167  1874.  3226.  7182.  7343. 17750.   .41  7.39  654.  2.71   62.  637.   56.    346. 297.   0.   0.  4.42 145.8   6.6-113.8  12.7 260.0 291.5  12.4    .0  60.9  39.7  33.1
1928     283   292   127   161  1830.  2996.  6572.  5851. 15419.   .38  6.80  571.  2.70  125.  744.   64.    435. 370.   0.   0.  3.09 150.4   6.6-118.8  14.9 260.0 278.8  26.7    .0  55.3  39.7  33.1
1929     283   291   134   169  1895.  3130.  7431.  8483. 19044.   .45  7.15  759.  2.51  159.  653.   78.    396. 337.   0.   0.  4.02 145.2   6.6 -96.3  13.1 260.0 295.4  25.8    .0  64.5  39.7  33.1
1930     283   291   137   165  1983.  3280.  7194.  5623. 16097.   .35  7.39  669.  2.41  143.  645.   57.    415. 315.   0.   0.  3.41 144.8   6.6-106.1  12.9 260.0 289.1  19.0    .0  55.7  39.7  33.1
1931     283   291   133   165  1861.  3190.  7075.  5648. 15913.   .35  7.24  654.  2.43  171.  580.   67.    400. 284.   0.   0.  3.41 137.5   6.6 -95.1  11.6 260.0 292.6  20.5    .0  54.4  39.6  33.0

 MEANS over  30 years  :
        283.  291.  131.  167.  1771.  2953.  7021.  6813. 16788.   .40  6.76  666.  2.53  156.  643.   71.    377. 351.   0.   0.  3.77 142.6   6.6-104.4  12.9 260.0 285.8  25.1    .0  58.9  39.7  33.0
 STANDARD DEVIATIONS  :
          0.    1.    4.    4.   268.   374.   458.  1143.  1176.   .05   .81   66.   .19   38.   95.   11.     33.  73.   0.   0.   .41   4.8    .0  21.7   1.9    .0  19.6   8.2    .0   4.5    .1    .0
 VARIATION COEFFICIENTS (%)  : 
          .0    .4   2.8   2.6   15.1   12.7    6.5   16.8    7.0  11.7  12.0   9.9   7.6  24.6  14.7  16.2     8.6 20.8   .0   .0  10.9   3.4    .1  20.8  14.7    .0   6.9  32.6    .0   7.7    .1    .1



*** RESULTS OF CROP GROWTH MODEL NWHEAT *** SUMMARY OF OUTPUT FOR WINTER WHEAT AND YIELD STATISTICS ***

Name of run: RLOP4, Station= UKLO , Soil=   1, Crop=   4, Organic M.=   1, Nsoil=   1, IRR=   1, Runof=  .00
 Roth., UKLO scen.(normal), no Var. change, pot. prod., CO2 646 ppm              


YEAR     SOW EMERG  ANTH  HALT   WRT   WLV    WST   WGR    TAGB     HI  LAIM PARAB  RUE   DWAV RAIN  ESOIL   TRANS DRAIN RUNOF IRR  WUE MINOM MINFM DNTOT NRAIN NGIFT NUPT  NLEACH NIMMO  NUE  DNFM  NBIOM
1902     283   289   132   171  2018.  3254.  7875. 10571. 21700.   .49  6.77  715.  3.04   67.  461.   63.    344. 251.   0. 130.  5.33 149.3   6.6 -87.1   9.2 260.0 316.3  14.6    .0  68.6  39.7  33.1
1903     283   291   133   169  2105.  3415.  7648.  9408. 20472.   .46  7.12  620.  3.30   61.  917.   69.    375. 564.   0.  30.  4.61 149.8   6.6 -82.0  18.3 260.0 305.2  39.3    .0  67.1  39.7  33.1
1904     283   291   125   171  1370.  2546.  7749. 11431. 21726.   .53  5.49  650.  3.34   52.  657.   79.    314. 347.   0.  30.  5.53 142.4   6.6-108.2  13.1 260.0 280.8  29.6    .0  77.4  39.7  33.0
1905     283   291   132   164  2433.  3929.  8223.  8353. 20505.   .41  8.10  667.  3.07   69.  754.   68.    369. 445.   0.  60.  4.69 147.6   6.6 -72.4  15.1 260.0 319.1  27.1    .0  64.3  39.7  33.1
1906     283   292   134   166  1586.  2754.  8279.  9110. 20143.   .45  5.79  608.  3.31   68.  651.   79.    313. 428.   0. 100.  5.15 140.3   6.6 -98.3  13.0 260.0 278.4  37.5    .0  72.4  39.6  33.0
1907     283   290   137   168  2519.  4127.  8602.  8153. 20881.   .39  8.53  723.  2.89   60.  637.   53.    401. 383.   0. 140.  4.60 145.4   6.6 -66.3  12.7 260.0 322.5  25.1    .0  64.8  39.7  33.1
1908     283   291   134   174  2364.  3961.  9367. 11158. 24486.   .46  8.32  809.  3.03   59.  589.   53.    391. 364.   0. 160.  5.52 147.8   6.6 -37.2  11.8 260.0 355.7  24.6    .0  68.8  39.7  33.1
1909     283   292   134   169  1433.  2557.  7960.  8947. 19463.   .46  5.44  587.  3.32   62.  574.   85.    297. 291.   0.  37.  5.09 137.1   6.6-116.8  11.5 260.0 270.7  23.1    .0  71.9  39.6  33.0
1910     283   291   134   174  1792.  3123.  8323. 10561. 22007.   .48  6.58  717.  3.07   32.  700.   80.    298. 374.   0.  20.  5.82 147.6   6.6 -86.3  14.0 260.0 307.4  28.9    .0  71.6  39.7  33.1
1911     283   290   134   167  2062.  3464.  9153.  9579. 22196.   .43  7.26  694.  3.20   52.  604.   65.    363. 304.   0.  76.  5.19 147.6   6.6 -75.7  12.1 260.0 325.8  17.0    .0  68.1  39.7  33.1
1912     283   293   128   165  1700.  3026.  8026. 10130. 21182.   .48  6.42  613.  3.45   44.  584.   72.    353. 323.   0. 120.  4.99 142.9   6.6 -89.6  11.7 260.0 297.6  28.3    .0  71.2  39.7  33.1
1913     283   292   137   176  1701.  3011.  9036. 10835. 22882.   .47  6.39  765.  2.99   62.  726.  101.    368. 478.   0. 160.  4.87 141.3   6.6 -46.4  14.5 260.0 324.7  46.0    .0  70.5  39.6  33.0
1914     283   292   128   168  1806.  3115.  7848. 10140. 21103.   .48  6.61  633.  3.33   63.  605.   60.    353. 315.   0.  60.  5.10 144.8   6.6 -93.8  12.1 260.0 309.8  14.0    .0  68.1  39.7  33.1
1915     283   290   129   165  1844.  3009.  8292.  9525. 20826.   .46  6.31  646.  3.23   39.  777.   71.    365. 440.   0.  60.  4.78 151.0   6.6 -99.4  15.5 260.0 292.1  34.4    .0  71.3  39.7  33.1
1916     283   289   122   158  1600.  2836.  8152.  8368. 19357.   .43  6.03  559.  3.46   65.  482.   75.    356. 286.   0. 170.  4.49 144.5   6.6-109.1   9.6 260.0 285.3  21.0    .0  67.8  39.7  33.1
1917     283   293   130   174  2119.  3600.  8292. 10516. 22408.   .47  7.57  706.  3.18   49.  620.   72.    424. 303.   0. 130.  4.51 147.2   6.6 -57.5  12.4 260.0 337.2  24.7    .0  66.5  39.7  33.1
1918     283   290   128   161  1680.  2849.  8435.  8164. 19448.   .42  6.01  598.  3.25   74.  641.   86.    384. 325.   0.  80.  4.14 146.4   6.6-105.0  12.8 260.0 289.9  24.8    .0  67.1  39.7  33.1
1919     283   290   129   165  2256.  3623.  8661.  9984. 22268.   .45  7.58  683.  3.26   56.  601.   62.    404. 341.   0. 150.  4.78 153.6   6.6 -75.7  12.0 260.0 327.2  20.8    .0  68.0  39.8  33.1
1920     283   293   133   174  2151.  3628.  8424. 10707. 22759.   .47  7.63  736.  3.09   61.  737.   65.    349. 464.   0.  80.  5.50 152.4   6.6 -66.8  14.7 260.0 331.6  27.9    .0  68.6  39.8  33.1
1921     283   291   130   171  2310.  3890.  8840. 11579. 24309.   .48  8.15  812.  2.99   67.  484.   55.    380. 282.   0. 166.  5.59 146.1   6.6 -53.8   9.7 260.0 342.2  18.0    .0  71.0  39.7  33.1
1922     283   290   130   167  2317.  3573.  8114.  8978. 20666.   .43  7.44  677.  3.05   63.  592.   59.    398. 358.   0. 160.  4.52 158.0   6.6 -88.0  11.8 260.0 324.6  15.3    .0  63.7  39.8  33.2
1923     283   290   128   162  2302.  3662.  7376.  8757. 19795.   .44  7.55  623.  3.18   57.  594.   67.    435. 279.   0. 129.  3.94 149.1   6.6-112.2  11.9 260.0 295.3  10.0    .0  67.0  39.7  33.1
1924     283   291   128   167  1604.  2826.  7793. 10021. 20641.   .49  6.04  629.  3.28   65.  644.   74.    341. 404.   0. 110.  4.97 143.4   6.6 -97.3  12.9 260.0 291.4  29.0    .0  70.8  39.7  33.1
1925     283   291   126   168  1488.  2606.  8073. 10102. 20781.   .49  5.56  616.  3.38   81.  606.   87.    372. 317.   0.  90.  4.52 146.7   6.6-109.7  12.1 260.0 289.9  21.4    .0  71.7  39.7  33.1
1926     283   291   126   161  1830.  3061.  8510.  8151. 19721.   .41  6.43  588.  3.35   53.  793.   69.    358. 488.   0.  70.  4.61 149.8   6.6 -96.2  15.9 260.0 300.7  29.1    .0  65.6  39.7  33.1
1927     283   291   132   167  2139.  3694.  8531.  9203. 21428.   .43  7.74  659.  3.25   51.  637.   65.    327. 313.   0.  17.  5.46 147.2   6.6 -81.0  12.7 260.0 325.0  12.0    .0  65.9  39.7  33.1
1928     283   292   127   161  2059.  3416.  7867.  7403. 18687.   .40  7.10  570.  3.28   63.  744.   63.    409. 375.   0.  40.  3.96 150.8   6.6 -95.2  14.9 260.0 304.2  25.1    .0  61.4  39.7  33.1
1929     283   291   134   169  2120.  3534.  8830. 10693. 23057.   .46  7.40  760.  3.03   59.  653.   77.    370. 352.   0.  88.  5.15 147.9   6.6 -71.9  13.1 260.0 321.7  25.8    .0  71.7  39.7  33.1
1930     283   291   137   165  2183.  3645.  8273.  7196. 19115.   .38  7.52  668.  2.86   61.  645.   56.    387. 332.   0.  70.  4.31 146.7   6.6 -94.1  12.9 260.0 302.9  18.6    .0  63.1  39.7  33.1
1931     283   291   133   165  2043.  3548.  8391.  8056. 19995.   .40  7.39  651.  3.07   52.  580.   67.    385. 290.   0. 110.  4.42 142.2   6.6 -83.7  11.6 260.0 308.6  20.3    .0  64.8  39.7  33.0

 MEANS over  30 years  :
        283.  291.  131.  167.  1965.  3309.  8298.  9526. 21134.   .45  6.94  666.  3.18   59.  643.   70.    366. 361.   0.  95.  4.87 146.9   6.6 -85.2  12.9 260.0 309.5  24.4    .0  68.4  39.7  33.1
 STANDARD DEVIATIONS  :
          0.    1.    4.    4.   312.   437.   449.  1178.  1447.   .03   .86   66.   .16   10.   95.   11.     34.  73.   0.  47.   .49   4.2    .0  19.6   1.9    .0  20.0   8.0    .0   3.4    .0    .0
 VARIATION COEFFICIENTS (%)  : 
          .0    .4   2.8   2.6   15.9   13.2    5.4   12.4    6.8   7.5  12.4   9.9   4.9  16.8  14.7  15.7     9.2 20.3   .0 49.3  10.0   2.8    .1  23.0  14.7    .0   6.5  32.7    .0   4.9    .1    .1



*** RESULTS OF CROP GROWTH MODEL NWHEAT *** SUMMARY OF OUTPUT FOR WINTER WHEAT AND YIELD STATISTICS ***

Name of run: RLOW4, Station= UKLO , Soil=   1, Crop=   4, Organic M.=   1, Nsoil=   1, IRR=   0, Runof=  .00
 Roth., UKLO scen.(normal), no Var. change,wat-lim. prod.,CO2 646ppm             


YEAR     SOW EMERG  ANTH  HALT   WRT   WLV    WST   WGR    TAGB     HI  LAIM PARAB  RUE   DWAV RAIN  ESOIL   TRANS DRAIN RUNOF IRR  WUE MINOM MINFM DNTOT NRAIN NGIFT NUPT  NLEACH NIMMO  NUE  DNFM  NBIOM
1902     283   289   132   171  2018.  3254.  7840. 10152. 21245.   .48  6.77  715.  2.97  190.  461.   62.    337. 251.   0.   0.  5.32 144.2   6.6 -77.8   9.2 260.0 320.4  14.6    .0  66.3  39.7  33.1
1903     283   291   133   169  2105.  3415.  7647.  9408. 20471.   .46  7.12  620.  3.30   91.  917.   69.    375. 564.   0.   0.  4.61 149.1   6.6 -80.4  18.3 260.0 306.0  39.3    .0  66.9  39.7  33.1
1904     283   291   125   171  1370.  2546.  7749. 11431. 21726.   .53  5.49  650.  3.34   82.  657.   79.    314. 347.   0.   0.  5.53 141.4   6.6-107.2  13.1 260.0 280.8  29.6    .0  77.4  39.6  33.0
1905     283   291   132   164  2433.  3929.  8222.  8349. 20500.   .41  8.10  667.  3.07  124.  754.   68.    369. 441.   0.   0.  4.69 145.8   6.6 -68.0  15.1 260.0 321.6  27.1    .0  63.8  39.7  33.1
1906     283   292   134   166  1586.  2754.  8278.  9107. 20138.   .45  5.79  608.  3.31  168.  651.   78.    313. 428.   0.   0.  5.15 136.7   6.6 -89.7  13.0 260.0 283.1  37.5    .0  71.1  39.6  33.0
1907     283   290   137   168  2519.  4127.  8599.  7391. 20117.   .37  8.53  723.  2.78  187.  637.   53.    388. 383.   0.   0.  4.57 141.3   6.6 -58.6  12.7 260.0 326.0  25.1    .0  61.7  39.6  33.0
1908     283   291   134   174  2364.  3962.  9330.  8932. 22224.   .40  8.32  809.  2.75  186.  589.   53.    358. 364.   0.   0.  5.41 139.1   6.6 -24.1  11.8 260.0 360.0  24.6    .0  61.7  39.6  33.0
1909     283   292   134   169  1433.  2558.  7962.  8944. 19464.   .46  5.44  587.  3.32   92.  574.   85.    297. 284.   0.   0.  5.09 136.5   6.6-115.3  11.5 260.0 272.4  22.1    .0  71.4  39.6  33.0
1910     283   291   134   174  1792.  3123.  8323. 10561. 22007.   .48  6.58  717.  3.07   52.  700.   80.    298. 374.   0.   0.  5.82 147.6   6.6 -86.3  14.0 260.0 307.4  28.9    .0  71.6  39.7  33.1
1911     283   290   134   167  2063.  3465.  9156.  9581. 22203.   .43  7.27  694.  3.20  122.  604.   65.    363. 298.   0.   0.  5.19 145.4   6.6 -72.1  12.1 260.0 327.9  16.3    .0  67.7  39.7  33.1
1912     283   293   128   165  1700.  3026.  7722.  9723. 20471.   .47  6.42  613.  3.34  156.  584.   71.    345. 323.   0.   0.  4.92 138.3   6.6 -77.4  11.7 260.0 305.1  28.3    .0  67.1  39.6  33.0
1913     283   292   137   176  1701.  3011.  8911.  8773. 20696.   .42  6.39  764.  2.71  194.  726.  102.    340. 478.   0.   0.  4.68 134.2   6.6 -36.8  14.5 260.0 327.1  46.0    .0  63.3  39.5  33.0
1914     283   292   128   168  1806.  3115.  7848. 10139. 21102.   .48  6.61  633.  3.33  123.  605.   60.    353. 315.   0.   0.  5.10 142.3   6.6 -90.3  12.1 260.0 310.8  14.0    .0  67.9  39.7  33.0
1915     283   290   129   165  1844.  3009.  8290.  9525. 20824.   .46  6.31  646.  3.22   98.  777.   71.    365. 440.   0.   0.  4.78 149.9   6.6 -96.1  15.5 260.0 294.4  34.4    .0  70.7  39.7  33.1
1916     283   289   122   158  1600.  2836.  8146.  6318. 17300.   .37  6.03  558.  3.10  196.  482.   76.    316. 286.   0.   0.  4.42 137.7   6.6-104.8   9.6 260.0 282.9  21.0    .0  61.1  39.6  33.0
1917     283   293   130   174  2119.  3600.  8230.  9374. 21204.   .44  7.57  706.  3.01  165.  620.   72.    410. 303.   0.   0.  4.39 142.0   6.6 -43.2  12.4 260.0 345.2  24.7    .0  61.4  39.7  33.0
1918     283   290   128   161  1680.  2849.  8433.  8159. 19442.   .42  6.01  598.  3.25  154.  641.   86.    384. 325.   0.   0.  4.14 144.7   6.6 -97.6  12.8 260.0 295.6  24.8    .0  65.8  39.7  33.1
1919     283   290   129   165  2256.  3623.  8659.  8555. 20837.   .41  7.58  683.  3.05  180.  601.   62.    379. 341.   0.   0.  4.73 145.7   6.6 -62.1  12.0 260.0 332.8  20.8    .0  62.6  39.7  33.1
1920     283   293   133   174  2151.  3628.  8423. 10705. 22756.   .47  7.63  736.  3.09  141.  737.   65.    349. 464.   0.   0.  5.50 150.4   6.6 -59.8  14.7 260.0 336.5  27.9    .0  67.6  39.7  33.1
1921     283   291   130   171  2300.  3881.  8829.  9857. 22567.   .44  8.14  810.  2.78  197.  484.   55.    349. 277.   0.   0.  5.59 139.2   6.6 -45.6   9.7 260.0 344.1  17.5    .0  65.6  39.6  33.0
1922     283   290   130   167  2317.  3573.  8097.  7825. 19495.   .40  7.44  676.  2.88  198.  592.   59.    373. 358.   0.   0.  4.51 151.0   6.6 -85.2  11.8 260.0 320.4  15.3    .0  60.8  39.7  33.1
1923     283   290   128   162  2286.  3647.  7367.  8608. 19622.   .44  7.53  622.  3.15  167.  594.   65.    431. 265.   0.   0.  3.95 144.1   6.6 -99.0  11.9 260.0 304.0   9.3    .0  64.5  39.7  33.1
1924     283   291   128   167  1604.  2826.  7772.  9785. 20384.   .48  6.04  629.  3.24  171.  644.   74.    338. 404.   0.   0.  4.96 140.2   6.6 -86.2  12.9 260.0 299.0  29.0    .0  68.2  39.6  33.0
1925     283   291   126   168  1488.  2606.  8067.  9747. 20420.   .48  5.56  616.  3.32  166.  606.   87.    367. 317.   0.   0.  4.49 143.7   6.6 -95.8  12.1 260.0 300.0  21.4    .0  68.1  39.7  33.1
1926     283   291   126   161  1830.  3061.  8509.  8148. 19718.   .41  6.43  588.  3.35  123.  793.   69.    358. 488.   0.   0.  4.61 147.9   6.6 -90.2  15.9 260.0 304.6  29.1    .0  64.7  39.7  33.1
1927     283   291   132   167  2093.  3643.  8530.  9215. 21389.   .43  7.65  655.  3.27   50.  637.   54.    323. 310.   0.   0.  5.66 145.9   6.6 -81.6  12.7 260.0 323.4  12.0    .0  66.1  39.7  33.1
1928     283   292   127   161  2059.  3416.  7866.  7401. 18684.   .40  7.10  570.  3.27  103.  744.   63.    409. 375.   0.   0.  3.96 150.7   6.6 -92.5  14.9 260.0 306.6  25.1    .0  60.9  39.7  33.1
1929     283   291   134   169  2107.  3522.  8836. 10697. 23055.   .46  7.39  759.  3.04  139.  653.   77.    369. 345.   0.   0.  5.17 146.0   6.6 -68.2  13.1 260.0 324.2  25.1    .0  71.1  39.7  33.1
1930     283   291   137   165  2183.  3646.  8273.  7195. 19113.   .38  7.52  668.  2.86  131.  645.   56.    387. 332.   0.   0.  4.31 145.1   6.6 -89.6  12.9 260.0 305.7  18.6    .0  62.5  39.7  33.1
1931     283   291   133   165  2043.  3548.  8388.  7895. 19831.   .40  7.39  651.  3.05  159.  580.   67.    382. 290.   0.   0.  4.42 139.2   6.6 -71.8  11.6 260.0 317.2  20.3    .0  62.5  39.6  33.0

 MEANS over  30 years  :
        283.  291.  131.  167.  1962.  3307.  8277.  9050. 20634.   .44  6.94  666.  3.11  143.  643.   70.    358. 359.   0.   0.  4.86 143.5   6.6 -78.4  12.9 260.0 312.8  24.3    .0  66.1  39.7  33.1
 STANDARD DEVIATIONS  :
          0.    1.    4.    4.   310.   434.   452.  1163.  1268.   .04   .86   66.   .20   42.   95.   11.     32.  74.   0.   0.   .50   4.5    .0  21.2   1.9    .0  20.0   8.1    .0   4.0    .1    .0
 VARIATION COEFFICIENTS (%)  : 
          .0    .4   2.8   2.6   15.8   13.1    5.5   12.8    6.1   8.7  12.4   9.9   6.3  29.5  14.7  16.3     9.0 20.6   .0   .0  10.3   3.2    .1  27.0  14.7    .0   6.4  33.2    .0   6.0    .1    .1



*** RESULTS OF CROP GROWTH MODEL NWHEAT *** SUMMARY OF OUTPUT FOR WINTER WHEAT AND YIELD STATISTICS ***

Name of run: R3P1 , Station= 3140 , Soil=   1, Crop=   1, Organic M.=   1, Nsoil=   1, IRR=   1, Runof=  .00
 Roth., UKTR scen.(normal) dec.31-40, no Var. change, pot. prod., CO2 353 ppm    


YEAR     SOW EMERG  ANTH  HALT   WRT   WLV    WST   WGR    TAGB     HI  LAIM PARAB  RUE   DWAV RAIN  ESOIL   TRANS DRAIN RUNOF IRR  WUE MINOM MINFM DNTOT NRAIN NGIFT NUPT  NLEACH NIMMO  NUE  DNFM  NBIOM
1902     283   292   159   206   901.  1628.  6654.  8510. 16793.   .51  3.85  641.  2.62   81.  491.  171.    251. 230.   0.  80.  3.98 120.1   6.5-147.2   9.8 260.0 229.8  17.8    .0  73.1  39.3  32.7
1903     283   295   157   194  1046.  1941.  7847.  8619. 18406.   .47  4.58  643.  2.86   70.  724.  158.    314. 452.   0. 130.  3.90 120.0   6.5-115.8  14.5 260.0 237.1  45.4    .0  77.6  39.3  32.7
1904     283   298   154   202   758.  1447.  6817.  8637. 16901.   .51  3.48  629.  2.69   81.  561.  180.    258. 313.   0. 108.  3.86 115.5   6.5-145.6  11.2 260.0 218.2  28.4    .0  77.4  39.2  32.6
1905     283   294   154   198  1245.  2314.  7734.  9677. 19725.   .49  5.44  709.  2.78   74.  655.  146.    314. 380.   0. 110.  4.29 122.5   6.6 -76.0  13.1 260.0 282.1  40.8    .0  69.9  39.3  32.8
1906     283   299   155   209   662.  1233.  5641.  8018. 14892.   .54  2.96  545.  2.73   88.  625.  198.    206. 368.   0.  60.  3.68 120.6   6.5-167.6  12.5 260.0 192.0  39.6    .0  77.6  39.3  32.7
1907     283   294   158   211  1342.  2516.  7266. 11070. 20852.   .53  5.93  769.  2.71   87.  538.  136.    379. 320.   0. 210.  4.05 125.4   6.6 -63.5  10.8 260.0 304.1  31.5    .0  68.6  39.4  32.8
1908     283   295   162   208  1296.  2470.  8748. 10365. 21583.   .48  5.85  815.  2.65   75.  601.  128.    324. 324.   0. 100.  4.77 119.4   6.5 -48.8  12.0 260.0 314.3  31.6    .0  68.7  39.3  32.7
1909     283   297   161   205   736.  1380.  6358.  7683. 15421.   .50  3.31  569.  2.71   90.  543.  188.    210. 255.   0.  20.  3.88 113.2   6.5-158.3  10.9 260.0 209.8  21.6    .0  73.5  39.1  32.6
1910     283   294   156   208   760.  1398.  6281.  8567. 16246.   .53  3.33  649.  2.51   91.  582.  190.    232. 291.   0.  40.  3.85 120.1   6.5-161.3  11.6 260.0 208.5  27.5    .0  77.9  39.3  32.7
1911     283   293   157   211  1023.  1937.  7516. 10618. 20071.   .53  4.63  758.  2.65   88.  500.  159.    313. 245.   0. 130.  4.25 126.2   6.6-118.5  10.0 260.0 262.8  19.4    .0  76.4  39.4  32.8
1912     283   298   153   207  1005.  1910.  7230. 10155. 19294.   .53  4.58  660.  2.92   31.  595.  154.    298. 274.   0. 100.  4.27 120.3   6.5-115.3  11.9 260.0 258.4  23.6    .0  74.7  39.3  32.7
1913     283   297   165   225   909.  1747.  6983. 11066. 19796.   .56  4.19  770.  2.57   88.  718.  204.    283. 410.   0.  90.  4.06 118.2   6.5-106.3  14.4 260.0 247.8  43.7    .0  79.9  39.2  32.7
1914     283   299   152   205   727.  1375.  6109.  9296. 16780.   .55  3.31  588.  2.85   77.  507.  183.    233. 227.   0.  60.  4.03 119.6   6.5-169.7  10.1 260.0 209.4  16.6    .0  80.1  39.3  32.7
1915     283   296   153   202   662.  1191.  5320.  7189. 13700.   .52  2.83  577.  2.37   95.  654.  204.    251. 363.   0.  70.  3.01 124.0   6.6-178.6  13.1 260.0 185.2  38.7    .0  74.0  39.4  32.8
1916     283   292   147   208   805.  1516.  6587.  9645. 17748.   .54  3.65  659.  2.69   93.  478.  185.    297. 238.   0. 150.  3.68 127.1   6.6-147.3   9.6 260.0 235.4  19.2    .0  75.4  39.4  32.9
1917     283   299   153   218   959.  1823.  7045. 11197. 20065.   .56  4.37  722.  2.78   88.  526.  178.    311. 245.   0. 120.  4.11 124.8   6.6-129.7  10.5 260.0 251.2  19.8    .0  79.9  39.4  32.8
1918     283   293   151   209   657.  1213.  5593.  8746. 15552.   .56  2.92  606.  2.57   85.  554.  233.    261. 285.   0. 140.  3.15 125.2   6.6-177.3  11.1 260.0 198.8  26.0    .0  78.2  39.4  32.8
1919     283   294   152   200  1112.  2075.  8163.  9953. 20190.   .49  4.92  739.  2.73   79.  557.  157.    326. 313.   0. 160.  4.18 127.5   6.6 -88.5  11.1 260.0 283.4  30.6    .0  71.2  39.4  32.9
1920     283   297   156   213   964.  1803.  7574. 10465. 19842.   .53  4.29  757.  2.62   78.  707.  162.    298. 415.   0.  90.  4.31 125.8   6.6-111.2  14.1 260.0 247.6  45.5    .0  80.1  39.4  32.8
1921     283   298   155   202  1101.  2090.  8380. 10193. 20664.   .49  4.98  807.  2.56   81.  425.  143.    324. 239.   0. 200.  4.42 120.6   6.5 -87.1   8.5 260.0 286.5  19.6    .0  72.1  39.3  32.7
1922     283   293   154   195  1057.  1873.  7305.  8478. 17656.   .48  4.40  672.  2.63   76.  498.  154.    337. 274.   0. 190.  3.60 127.8   6.6-123.4  10.0 260.0 254.4  24.0    .0  69.4  39.4  32.9
1923     283   293   152   195  1089.  1962.  7012.  9614. 18588.   .52  4.61  640.  2.91   80.  480.  161.    348. 209.   0. 158.  3.65 122.9   6.6-121.1   9.6 260.0 258.7  15.6    .0  71.9  39.3  32.8
1924     283   297   156   200   818.  1556.  6621.  8465. 16642.   .51  3.73  607.  2.74   78.  579.  182.    262. 343.   0. 130.  3.74 115.2   6.5-131.1  11.6 260.0 225.7  35.1    .0  73.7  39.1  32.6
1925     283   295   152   212   742.  1393.  6764. 10602. 18759.   .57  3.37  684.  2.74   79.  554.  209.    293. 271.   0. 140.  3.74 123.8   6.6-150.6  11.1 260.0 226.5  23.6    .0  82.8  39.4  32.8
1926     283   294   148   198   876.  1648.  6570.  9380. 17598.   .53  3.94  643.  2.74   81.  667.  180.    303. 395.   0. 130.  3.65 124.4   6.6-132.8  13.3 260.0 229.8  40.1    .0  76.6  39.4  32.8
1927     283   294   155   204  1152.  2177.  7403. 10247. 19828.   .52  5.17  670.  2.96   53.  584.  134.    293. 235.   0.  26.  4.64 123.3   6.6-116.5  11.7 260.0 267.4  14.9    .0  74.1  39.3  32.8
1928     283   296   148   203   906.  1693.  5819.  9986. 17498.   .57  4.03  600.  2.92   71.  644.  170.    320. 314.   0.  90.  3.57 129.0   6.6-146.9  12.9 260.0 228.5  30.9    .0  76.6  39.5  32.9
1929     283   294   158   200  1193.  2256.  8353. 10610. 21219.   .50  5.34  775.  2.74   65.  562.  154.    314. 305.   0. 147.  4.53 120.9   6.5 -75.8  11.2 260.0 290.1  29.7    .0  73.1  39.3  32.7
1930     283   297   157   199   826.  1544.  6212.  7333. 15088.   .49  3.68  597.  2.53   35.  658.  168.    294. 290.   0.  60.  3.26 120.0   6.5-165.0  13.2 260.0 210.8  22.3    .0  71.6  39.3  32.7
1931     283   295   153   198   999.  1920.  7079.  9103. 18102.   .50  4.58  629.  2.88   74.  545.  148.    339. 223.   0.  90.  3.72 116.3   6.5-127.2  10.9 260.0 247.4  16.9    .0  73.2  39.2  32.6

 MEANS over  30 years  :
        283.  295.  155.  205.   944.  1768.  6966.  9450. 18183.   .52  4.21  671.  2.71   77.  577.  171.    293. 302.   0. 111.  3.93 122.0   6.6-126.8  11.5 260.0 243.4  28.0    .0  75.0  39.3  32.8
 STANDARD DEVIATIONS  :
          0.    2.    4.    7.   190.   362.   845.  1109.  2045.   .03   .84   73.   .14   15.   75.   24.     40.  64.   0.  47.   .41   3.9    .0  33.7   1.5    .0  32.7   9.3    .0   3.7    .1    .1
 VARIATION COEFFICIENTS (%)  : 
          .0    .7   2.5   3.4   20.2   20.5   12.1   11.7   11.2   5.3  19.9  10.9   5.0  18.9  13.0  14.1    13.8 21.2   .0 42.8  10.4   3.2    .2  26.6  13.0    .0  13.4  33.3    .0   4.9    .2    .2



*** RESULTS OF CROP GROWTH MODEL NWHEAT *** SUMMARY OF OUTPUT FOR WINTER WHEAT AND YIELD STATISTICS ***

Name of run: R3W1 , Station= 3140 , Soil=   1, Crop=   1, Organic M.=   1, Nsoil=   1, IRR=   0, Runof=  .00
 Roth., UKTR scen.(normal) dec.31-40, no Var. change,wat-lim. prod.,CO2 353ppm   


YEAR     SOW EMERG  ANTH  HALT   WRT   WLV    WST   WGR    TAGB     HI  LAIM PARAB  RUE   DWAV RAIN  ESOIL   TRANS DRAIN RUNOF IRR  WUE MINOM MINFM DNTOT NRAIN NGIFT NUPT  NLEACH NIMMO  NUE  DNFM  NBIOM
1902     283   292   159   206   901.  1628.  6653.  8508. 16789.   .51  3.85  641.  2.62  160.  491.  170.    251. 230.   0.   0.  3.98 115.9   6.5-137.3   9.8 260.0 235.4  17.8    .0  71.3  39.2  32.6
1903     283   295   157   194  1046.  1941.  7825.  8619. 18385.   .47  4.58  643.  2.86  193.  724.  151.    314. 452.   0.   0.  3.95 114.2   6.5-106.1  14.5 260.0 240.8  45.4    .0  76.3  39.1  32.6
1904     283   298   154   202   758.  1445.  6812.  8628. 16885.   .51  3.47  629.  2.69  165.  561.  164.    257. 305.   0.   0.  4.01 111.3   6.5-139.0  11.2 260.0 221.7  27.2    .0  76.1  39.0  32.5
1905     283   294   154   198  1245.  2314.  7733.  9625. 19673.   .49  5.44  709.  2.77  181.  655.  144.    312. 380.   0.   0.  4.31 117.5   6.5 -67.5  13.1 260.0 285.5  40.8    .0  68.9  39.2  32.7
1906     283   299   155   209   662.  1233.  5641.  8017. 14892.   .54  2.96  545.  2.73  147.  625.  197.    206. 368.   0.   0.  3.69 115.2   6.5-161.7  12.5 260.0 192.5  39.6    .0  77.4  39.1  32.6
1907     283   294   158   211  1342.  2516.  7220.  5734. 15470.   .37  5.93  736.  2.10  211.  538.  131.    298. 320.   0.   0.  3.60 114.1   6.5 -60.8  10.8 260.0 296.5  31.5    .0  52.2  39.1  32.6
1908     283   295   162   208  1296.  2470.  8732.  9877. 21080.   .47  5.85  815.  2.59  168.  601.  128.    318. 324.   0.   0.  4.73 114.7   6.5 -38.8  12.0 260.0 319.5  31.6    .0  66.0  39.1  32.6
1909     283   297   161   205   736.  1380.  6358.  7683. 15421.   .50  3.31  569.  2.71  109.  543.  187.    210. 255.   0.   0.  3.88 112.6   6.5-157.7  10.9 260.0 209.8  21.6    .0  73.5  39.1  32.6
1910     283   294   156   208   760.  1398.  6281.  8566. 16245.   .53  3.33  649.  2.50  129.  582.  188.    232. 291.   0.   0.  3.87 117.0   6.5-157.4  11.6 260.0 209.3  27.5    .0  77.6  39.2  32.6
1911     283   293   157   211  1023.  1937.  7513. 10245. 19694.   .52  4.63  758.  2.60  203.  500.  150.    308. 245.   0.   0.  4.30 118.5   6.5-106.2  10.0 260.0 267.1  19.4    .0  73.7  39.2  32.7
1912     283   298   153   207  1005.  1910.  7225. 10148. 19283.   .53  4.58  660.  2.92  131.  595.  154.    298. 274.   0.   0.  4.27 115.5   6.5-103.9  11.9 260.0 264.7  23.6    .0  72.8  39.1  32.6
1913     283   297   165   225   909.  1747.  6923. 10729. 19400.   .55  4.19  770.  2.52  172.  718.  204.    277. 410.   0.   0.  4.03 112.6   6.5 -95.3  14.4 260.0 253.1  43.7    .0  76.7  39.1  32.6
1914     283   299   152   205   727.  1375.  6109.  9295. 16779.   .55  3.31  588.  2.85  137.  507.  183.    233. 227.   0.   0.  4.03 115.0   6.5-164.3  10.1 260.0 210.0  16.6    .0  79.9  39.1  32.6
1915     283   296   153   202   662.  1191.  5319.  7188. 13697.   .52  2.83  577.  2.37  162.  654.  201.    251. 363.   0.   0.  3.03 121.4   6.5-173.7  13.1 260.0 187.3  38.7    .0  73.1  39.3  32.7
1916     283   292   147   208   805.  1517.  6542.  6798. 14857.   .46  3.65  642.  2.31  201.  478.  186.    254. 238.   0.   0.  3.37 114.4   6.5-132.1   9.6 260.0 237.5  19.2    .0  62.6  39.1  32.6
1917     283   299   153   218   959.  1823.  7001. 11026. 19850.   .56  4.37  722.  2.75  201.  526.  175.    307. 245.   0.   0.  4.12 118.2   6.5-116.9  10.5 260.0 257.3  19.8    .0  77.1  39.2  32.7
1918     283   293   151   209   657.  1213.  5588.  8677. 15478.   .56  2.92  606.  2.55  202.  554.  211.    260. 285.   0.   0.  3.29 116.1   6.5-161.7  11.1 260.0 204.9  26.0    .0  75.5  39.2  32.6
1919     283   294   152   200  1112.  2075.  8158.  7886. 18119.   .44  4.92  732.  2.47  201.  557.  154.    292. 313.   0.   0.  4.07 117.2   6.5 -75.6  11.1 260.0 285.6  30.6    .0  63.4  39.2  32.7
1920     283   297   156   213   964.  1803.  7551. 10465. 19819.   .53  4.29  757.  2.62  159.  707.  153.    298. 415.   0.   0.  4.40 122.2   6.6 -98.5  14.1 260.0 255.3  45.5    .0  77.6  39.3  32.8
1921     283   298   155   202  1101.  2090.  8363.  5771. 16225.   .36  4.98  782.  2.07  208.  425.  145.    249. 239.   0.   0.  4.11 108.1   6.5 -81.1   8.5 260.0 280.2  19.6    .0  57.9  38.9  32.4
1922     283   293   154   195  1057.  1873.  7301.  5822. 14995.   .39  4.40  663.  2.26  212.  498.  149.    287. 274.   0.   0.  3.44 118.0   6.5-121.8  10.0 260.0 246.3  24.0    .0  60.9  39.2  32.7
1923     283   293   152   195  1074.  1941.  6962.  8258. 17161.   .48  4.57  634.  2.71  208.  480.  162.    324. 202.   0.   0.  3.53 114.0   6.5-118.9   9.6 260.0 254.0  14.8    .0  67.6  39.1  32.6
1924     283   297   156   200   818.  1556.  6618.  8048. 16221.   .50  3.73  607.  2.67  194.  579.  177.    254. 343.   0.   0.  3.76 109.1   6.5-117.0  11.6 260.0 233.5  35.1    .0  69.5  38.9  32.5
1925     283   295   152   212   742.  1393.  6465. 10046. 17904.   .56  3.37  681.  2.63  202.  554.  205.    279. 271.   0.   0.  3.70 116.4   6.5-139.2  11.1 260.0 230.3  23.6    .0  77.7  39.2  32.6
1926     283   294   148   198   876.  1648.  6565.  9340. 17553.   .53  3.94  643.  2.73  194.  667.  164.    302. 395.   0.   0.  3.77 119.0   6.5-117.8  13.3 260.0 238.8  40.1    .0  73.5  39.2  32.7
1927     283   294   155   204  1095.  2078.  7286. 10079. 19443.   .52  4.93  655.  2.97   52.  584.  129.    284. 223.   0.   0.  4.71 122.4   6.6-123.8  11.7 260.0 260.9  13.6    .0  74.5  39.3  32.8
1928     283   296   148   203   906.  1693.  5816.  9984. 17492.   .57  4.03  600.  2.92  160.  644.  169.    320. 314.   0.   0.  3.57 124.6   6.6-137.4  12.9 260.0 233.2  30.9    .0  75.0  39.4  32.8
1929     283   294   158   200  1176.  2228.  8320.  9915. 20462.   .48  5.28  770.  2.66  192.  562.  155.    299. 299.   0.   0.  4.51 115.9   6.5 -69.1  11.2 260.0 292.6  28.8    .0  69.9  39.2  32.6
1930     283   297   157   199   826.  1544.  6210.  7330. 15084.   .49  3.68  597.  2.53   94.  658.  167.    294. 290.   0.   0.  3.27 118.7   6.5-160.2  13.2 260.0 214.2  22.3    .0  70.4  39.2  32.7
1931     283   295   153   198   999.  1920.  7075.  9097. 18093.   .50  4.58  629.  2.88  163.  545.  147.    339. 223.   0.   0.  3.73 113.9   6.5-117.3  10.9 260.0 254.7  16.9    .0  71.0  39.1  32.6

 MEANS over  30 years  :
        283.  295.  155.  205.   941.  1763.  6939.  8714. 17415.   .50  4.20  667.  2.62  170.  577.  167.    280. 300.   0.   0.  3.90 116.1   6.5-118.6  11.5 260.0 245.8  27.9    .0  71.3  39.2  32.6
 STANDARD DEVIATIONS  :
          0.    2.    4.    7.   188.   357.   843.  1454.  1943.   .05   .83   70.   .22   38.   75.   23.     34.  65.   0.   0.   .41   3.6    .0  34.1   1.5    .0  31.7   9.4    .0   6.5    .1    .1
 VARIATION COEFFICIENTS (%)  : 
          .0    .7   2.5   3.4   19.9   20.2   12.1   16.7   11.2  10.8  19.7  10.6   8.5  22.3  13.0  13.7    12.0 21.5   .0   .0  10.6   3.1    .3  28.7  13.0    .0  12.9  33.9    .0   9.1    .3    .3



*** RESULTS OF CROP GROWTH MODEL NWHEAT *** SUMMARY OF OUTPUT FOR WINTER WHEAT AND YIELD STATISTICS ***

Name of run: R3P2 , Station= 3140 , Soil=   1, Crop=   2, Organic M.=   1, Nsoil=   1, IRR=   1, Runof=  .00
 Roth., UKTR scen.(normal) dec.31-40, no Var. change, pot. prod., CO2 454 ppm    


YEAR     SOW EMERG  ANTH  HALT   WRT   WLV    WST   WGR    TAGB     HI  LAIM PARAB  RUE   DWAV RAIN  ESOIL   TRANS DRAIN RUNOF IRR  WUE MINOM MINFM DNTOT NRAIN NGIFT NUPT  NLEACH NIMMO  NUE  DNFM  NBIOM
1902     283   292   159   206   938.  1698.  7062.  9331. 18091.   .52  3.90  642.  2.82   73.  491.  170.    244. 230.   0.  80.  4.37 120.3   6.5-136.5   9.8 260.0 240.5  17.9    .0  75.2  39.3  32.7
1903     283   295   157   194  1096.  2042.  9150.  9045. 20237.   .45  4.68  646.  3.13   76.  724.  156.    307. 456.   0. 120.  4.37 120.0   6.5-103.8  14.5 260.0 248.9  45.4    .0  81.3  39.3  32.7
1904     283   298   154   202   792.  1512.  7280.  9537. 18329.   .52  3.53  631.  2.91   85.  561.  179.    250. 315.   0.  98.  4.27 115.0   6.5-135.1  11.2 260.0 228.0  28.5    .0  80.4  39.1  32.6
1905     283   294   154   198  1310.  2450.  8318. 10576. 21343.   .50  5.58  712.  3.00   67.  655.  144.    307. 381.   0. 110.  4.73 122.4   6.6 -61.6  13.1 260.0 296.1  40.9    .0  72.1  39.3  32.8
1906     283   299   155   209   693.  1290.  6064.  8808. 16163.   .54  3.00  548.  2.95   81.  625.  196.    200. 369.   0.  60.  4.07 120.7   6.5-157.3  12.5 260.0 202.2  39.7    .0  79.9  39.3  32.7
1907     283   294   158   211  1408.  2655.  7846. 11876. 22377.   .53  6.07  770.  2.91   89.  538.  136.    370. 322.   0. 200.  4.43 125.8   6.6 -52.8  10.8 260.0 315.0  31.6    .0  71.0  39.4  32.8
1908     283   295   162   208  1341.  2563.  9245. 11306. 23114.   .49  5.89  814.  2.84   67.  601.  128.    315. 324.   0. 100.  5.21 119.5   6.5 -39.8  12.0 260.0 323.0  31.7    .0  71.5  39.3  32.7
1909     283   297   161   205   770.  1444.  6823.  8540. 16807.   .51  3.37  570.  2.95   92.  543.  187.    203. 255.   0.  10.  4.31 113.0   6.5-147.3  10.9 260.0 220.3  21.6    .0  76.3  39.1  32.6
1910     283   294   156   208   786.  1447.  6710.  9215. 17371.   .53  3.35  647.  2.69   85.  582.  191.    223. 294.   0.  40.  4.20 120.3   6.5-152.8  11.6 260.0 216.8  27.7    .0  80.1  39.3  32.7
1911     283   293   157   211  1059.  2006.  8010. 11631. 21647.   .54  4.65  758.  2.86   91.  500.  159.    303. 249.   0. 120.  4.69 126.0   6.6-107.1  10.0 260.0 273.9  19.6    .0  79.0  39.4  32.8
1912     283   298   153   207  1051.  2005.  7730. 11121. 20856.   .53  4.67  663.  3.15   33.  595.  153.    291. 274.   0.  90.  4.70 120.3   6.5-101.2  11.9 260.0 272.2  23.7    .0  76.6  39.3  32.7
1913     283   297   165   225   934.  1795.  7685. 11678. 21158.   .55  4.18  765.  2.76   88.  718.  205.    271. 410.   0.  80.  4.44 118.0   6.5 -97.4  14.4 260.0 256.5  43.8    .0  82.5  39.2  32.7
1914     283   299   152   205   756.  1434.  6688. 10081. 18203.   .55  3.35  589.  3.09   81.  507.  183.    226. 230.   0.  50.  4.46 119.8   6.5-159.0  10.1 260.0 219.9  16.8    .0  82.8  39.3  32.7
1915     283   296   153   202   685.  1233.  5668.  7887. 14788.   .53  2.85  578.  2.56   90.  654.  208.    242. 365.   0.  70.  3.29 124.3   6.6-171.3  13.1 260.0 192.9  38.8    .0  76.7  39.4  32.8
1916     283   292   147   208   843.  1591.  7056. 10566. 19213.   .55  3.73  662.  2.90   84.  478.  183.    289. 239.   0. 150.  4.07 126.8   6.6-135.0   9.6 260.0 247.4  19.3    .0  77.7  39.4  32.8
1917     283   299   153   218  1004.  1916.  7879. 11844. 21638.   .55  4.46  725.  2.98   89.  526.  176.    303. 246.   0. 110.  4.51 125.1   6.6-117.3  10.5 260.0 263.7  19.8    .0  82.0  39.4  32.8
1918     283   293   151   209   677.  1250.  5939.  9512. 16701.   .57  2.92  604.  2.76   96.  554.  233.    250. 286.   0. 120.  3.45 125.4   6.6-169.5  11.1 260.0 206.6  26.1    .0  80.9  39.4  32.8
1919     283   294   152   200  1170.  2193.  8685. 10974. 21852.   .50  5.04  744.  2.94   80.  557.  155.    319. 314.   0. 150.  4.61 126.9   6.6 -74.9  11.1 260.0 296.3  30.6    .0  73.8  39.4  32.9
1920     283   297   156   213  1002.  1877.  8571. 10914. 21362.   .51  4.34  758.  2.82   71.  707.  161.    289. 417.   0.  90.  4.74 125.8   6.6-102.1  14.1 260.0 256.8  45.6    .0  83.2  39.4  32.8
1921     283   298   155   202  1152.  2193.  8927. 11164. 22283.   .50  5.07  810.  2.75   82.  425.  142.    316. 239.   0. 190.  4.87 120.4   6.5 -73.3   8.5 260.0 299.9  19.6    .0  74.3  39.3  32.7
1922     283   293   154   195  1106.  1969.  7802.  9402. 19173.   .49  4.49  674.  2.85   78.  498.  152.    328. 276.   0. 180.  3.99 127.9   6.6-111.0  10.0 260.0 266.5  24.1    .0  71.9  39.4  32.9
1923     283   293   152   195  1147.  2078.  7602. 10542. 20222.   .52  4.74  642.  3.15   82.  480.  159.    340. 210.   0. 148.  4.05 122.8   6.6-108.8   9.6 260.0 270.4  15.8    .0  74.8  39.3  32.8
1924     283   297   156   200   857.  1636.  7086.  9396. 18118.   .52  3.81  610.  2.97   80.  579.  181.    255. 343.   0. 120.  4.16 115.0   6.5-119.0  11.6 260.0 237.3  35.2    .0  76.3  39.1  32.6
1925     283   295   152   212   777.  1463.  7896. 11133. 20492.   .54  3.44  688.  2.98   80.  554.  207.    285. 272.   0. 130.  4.17 124.1   6.6-138.9  11.1 260.0 238.2  23.7    .0  86.0  39.4  32.8
1926     283   294   148   198   911.  1723.  7047. 10308. 19079.   .54  4.00  645.  2.96   73.  667.  178.    294. 397.   0. 130.  4.04 124.5   6.6-122.9  13.3 260.0 239.6  40.3    .0  79.6  39.4  32.8
1927     283   294   155   204  1201.  2278.  7886. 11233. 21397.   .52  5.25  672.  3.19   50.  584.  133.    286. 240.   0.  26.  5.10 123.3   6.6-102.8  11.7 260.0 280.9  15.1    .0  76.2  39.3  32.8
1928     283   296   148   203   957.  1797.  6600. 10729. 19126.   .56  4.15  606.  3.16   72.  644.  167.    315. 315.   0.  80.  3.97 129.2   6.6-133.0  12.9 260.0 242.4  31.0    .0  78.9  39.5  32.9
1929     283   294   158   200  1244.  2361.  8911. 11661. 22934.   .51  5.43  776.  2.95   67.  562.  153.    306. 306.   0. 137.  4.99 121.0   6.5 -63.3  11.2 260.0 302.4  29.8    .0  75.8  39.3  32.7
1930     283   297   157   199   862.  1612.  6656.  8091. 16359.   .49  3.73  599.  2.73   38.  658.  167.    285. 293.   0.  50.  3.62 120.2   6.5-154.4  13.2 260.0 221.3  22.5    .0  73.9  39.3  32.7
1931     283   295   153   198  1040.  2006.  7568.  9980. 19554.   .51  4.64  628.  3.11   73.  545.  147.    329. 223.   0.  80.  4.11 116.2   6.5-116.1  10.9 260.0 258.2  17.0    .0  75.7  39.2  32.6

 MEANS over  30 years  :
        283.  295.  155.  205.   986.  1851.  7546. 10269. 19666.   .52  4.28  672.  2.93   76.  577.  170.    285. 303.   0. 104.  4.33 122.0   6.6-115.5  11.5 260.0 254.5  28.1    .0  77.6  39.3  32.8
 STANDARD DEVIATIONS  :
          0.    2.    4.    7.   200.   383.   929.  1130.  2177.   .03   .86   73.   .15   14.   75.   24.     40.  64.   0.  46.   .44   4.0    .0  34.4   1.5    .0  33.5   9.3    .0   3.8    .1    .1
 VARIATION COEFFICIENTS (%)  : 
          .0    .7   2.5   3.4   20.3   20.7   12.3   11.0   11.1   4.9  20.1  10.9   5.2  18.9  13.0  14.4    14.1 21.2   .0 44.0  10.2   3.3    .2  29.8  13.0    .0  13.2  33.1    .0   4.9    .2    .2



*** RESULTS OF CROP GROWTH MODEL NWHEAT *** SUMMARY OF OUTPUT FOR WINTER WHEAT AND YIELD STATISTICS ***

Name of run: R3W2 , Station= 3140 , Soil=   1, Crop=   2, Organic M.=   1, Nsoil=   1, IRR=   0, Runof=  .00
 Roth., UKTR scen.(normal) dec.31-40, no Var. change,wat-lim. prod.,CO2 454ppm   


YEAR     SOW EMERG  ANTH  HALT   WRT   WLV    WST   WGR    TAGB     HI  LAIM PARAB  RUE   DWAV RAIN  ESOIL   TRANS DRAIN RUNOF IRR  WUE MINOM MINFM DNTOT NRAIN NGIFT NUPT  NLEACH NIMMO  NUE  DNFM  NBIOM
1902     283   292   159   206   938.  1698.  7061.  9329. 18088.   .52  3.90  642.  2.82  153.  491.  169.    244. 230.   0.   0.  4.37 116.4   6.5-127.7   9.8 260.0 245.3  17.9    .0  73.7  39.2  32.6
1903     283   295   157   194  1096.  2042.  9145.  9045. 20231.   .45  4.68  646.  3.13  190.  724.  150.    307. 456.   0.   0.  4.43 114.4   6.5 -94.6  14.5 260.0 252.5  45.4    .0  80.1  39.1  32.6
1904     283   298   154   202   791.  1510.  7273.  9528. 18311.   .52  3.53  630.  2.90  160.  561.  163.    250. 307.   0.   0.  4.43 111.5   6.5-129.9  11.2 260.0 230.8  27.3    .0  79.3  39.0  32.5
1905     283   294   154   198  1310.  2450.  8317. 10563. 21329.   .50  5.58  712.  3.00  175.  655.  143.    307. 381.   0.   0.  4.74 118.0   6.5 -54.2  13.1 260.0 299.0  40.9    .0  71.3  39.2  32.7
1906     283   299   155   209   693.  1290.  6064.  8808. 16163.   .54  3.00  548.  2.95  140.  625.  196.    200. 369.   0.   0.  4.08 115.8   6.5-152.3  12.5 260.0 202.3  39.7    .0  79.9  39.2  32.6
1907     283   294   158   211  1408.  2655.  7798.  6574. 17027.   .39  6.07  739.  2.30  211.  538.  130.    297. 322.   0.   0.  3.98 114.5   6.5 -48.6  10.8 260.0 308.7  31.6    .0  55.2  39.1  32.6
1908     283   295   162   208  1341.  2563.  9240. 11106. 22908.   .48  5.89  814.  2.82  164.  601.  128.    313. 324.   0.   0.  5.20 115.2   6.5 -30.8  12.0 260.0 327.7  31.7    .0  69.9  39.1  32.6
1909     283   297   161   205   770.  1444.  6823.  8540. 16807.   .51  3.37  570.  2.95  102.  543.  186.    203. 255.   0.   0.  4.31 112.8   6.5-147.1  10.9 260.0 220.3  21.6    .0  76.3  39.1  32.6
1910     283   294   156   208   786.  1447.  6709.  9214. 17370.   .53  3.35  647.  2.68  123.  582.  189.    223. 294.   0.   0.  4.22 117.2   6.5-149.0  11.6 260.0 217.5  27.7    .0  79.8  39.2  32.6
1911     283   293   157   211  1059.  2006.  8008. 11436. 21450.   .53  4.65  758.  2.83  200.  500.  151.    300. 249.   0.   0.  4.76 119.0   6.5 -96.1  10.0 260.0 277.6  19.6    .0  77.3  39.2  32.7
1912     283   298   153   207  1051.  2005.  7726. 11115. 20847.   .53  4.67  663.  3.15  122.  595.  152.    291. 274.   0.   0.  4.71 116.1   6.5 -91.7  11.9 260.0 277.3  23.7    .0  75.2  39.2  32.6
1913     283   297   165   225   934.  1795.  7557. 11678. 21030.   .56  4.18  765.  2.75  166.  718.  205.    269. 410.   0.   0.  4.44 113.7   6.5 -87.5  14.4 260.0 261.8  43.8    .0  80.3  39.1  32.6
1914     283   299   152   205   756.  1434.  6687. 10081. 18202.   .55  3.35  589.  3.09  131.  507.  182.    226. 230.   0.   0.  4.46 115.4   6.5-154.0  10.1 260.0 220.4  16.8    .0  82.6  39.1  32.6
1915     283   296   153   202   685.  1233.  5668.  7886. 14786.   .53  2.85  578.  2.56  154.  654.  201.    242. 365.   0.   0.  3.34 121.7   6.6-167.5  13.1 260.0 193.7  38.8    .0  76.3  39.3  32.8
1916     283   292   147   208   843.  1593.  7004.  8191. 16787.   .49  3.73  651.  2.58  200.  478.  184.    255. 239.   0.   0.  3.83 115.2   6.5-120.2   9.6 260.0 250.1  19.3    .0  67.1  39.1  32.6
1917     283   299   153   218  1004.  1916.  7821. 11844. 21580.   .55  4.46  725.  2.98  196.  526.  174.    302. 246.   0.   0.  4.53 119.2   6.5-105.4  10.5 260.0 269.6  19.8    .0  80.0  39.2  32.7
1918     283   293   151   209   677.  1250.  5935.  9496. 16681.   .57  2.92  604.  2.76  194.  554.  211.    250. 286.   0.   0.  3.61 116.7   6.5-154.8  11.1 260.0 212.2  26.1    .0  78.6  39.2  32.6
1919     283   294   152   200  1170.  2193.  8680.  9214. 20086.   .46  5.04  741.  2.71  201.  557.  152.    293. 314.   0.   0.  4.52 118.1   6.5 -61.0  11.1 260.0 301.0  30.6    .0  66.7  39.2  32.7
1920     283   297   156   213  1002.  1877.  8549. 10914. 21340.   .51  4.34  758.  2.82  153.  707.  153.    289. 417.   0.   0.  4.83 122.6   6.6 -90.3  14.1 260.0 263.5  45.6    .0  81.0  39.3  32.8
1921     283   298   155   202  1152.  2193.  8892.  6640. 17725.   .37  5.07  788.  2.25  208.  425.  144.    250. 239.   0.   0.  4.50 108.6   6.5 -65.8   8.5 260.0 295.7  19.6    .0  59.9  38.9  32.4
1922     283   293   154   195  1106.  1969.  7781.  6855. 16605.   .41  4.49  668.  2.49  211.  498.  148.    285. 276.   0.   0.  3.83 118.6   6.5-108.8  10.0 260.0 259.6  24.1    .0  64.0  39.2  32.7
1923     283   293   152   195  1131.  2054.  7519.  9581. 19153.   .50  4.69  637.  3.01  206.  480.  160.    323. 204.   0.   0.  3.97 114.6   6.5-103.9   9.6 260.0 269.1  15.0    .0  71.2  39.1  32.6
1924     283   297   156   200   857.  1636.  7080.  9122. 17838.   .51  3.81  610.  2.92  191.  579.  177.    250. 343.   0.   0.  4.18 110.0   6.5-104.6  11.6 260.0 246.6  35.2    .0  72.3  39.0  32.5
1925     283   295   152   212   777.  1463.  7331. 11133. 19927.   .56  3.44  688.  2.90  200.  554.  204.    278. 272.   0.   0.  4.14 117.1   6.5-125.5  11.1 260.0 244.4  23.7    .0  81.5  39.2  32.7
1926     283   294   148   198   911.  1723.  7041. 10300. 19065.   .54  4.00  645.  2.96  188.  667.  163.    294. 397.   0.   0.  4.17 119.6   6.5-109.1  13.3 260.0 248.1  40.3    .0  76.9  39.3  32.7
1927     283   294   155   204  1141.  2171.  7782. 11064. 21017.   .53  5.00  656.  3.20   49.  584.  129.    276. 228.   0.   0.  5.19 122.5   6.6-112.0  11.7 260.0 272.5  13.7    .0  77.1  39.3  32.8
1928     283   296   148   203   956.  1797.  6596. 10729. 19122.   .56  4.15  606.  3.16  151.  644.  166.    315. 315.   0.   0.  3.98 125.1   6.6-125.7  12.9 260.0 245.2  31.0    .0  78.0  39.4  32.8
1929     283   294   158   200  1228.  2331.  8853. 11217. 22401.   .50  5.36  772.  2.90  189.  562.  154.    296. 300.   0.   0.  4.98 116.4   6.5 -55.3  11.2 260.0 306.7  28.9    .0  73.0  39.2  32.6
1930     283   297   157   199   862.  1612.  6655.  8089. 16357.   .49  3.73  599.  2.73   88.  658.  167.    285. 293.   0.   0.  3.62 118.8   6.5-150.9  13.2 260.0 223.5  22.5    .0  73.2  39.2  32.7
1931     283   295   153   198  1040.  2006.  7566.  9976. 19548.   .51  4.64  628.  3.11  153.  545.  146.    329. 223.   0.   0.  4.12 114.4   6.5-108.9  10.9 260.0 263.4  17.0    .0  74.2  39.1  32.6

 MEANS over  30 years  :
        283.  295.  155.  205.   983.  1845.  7505.  9642. 18993.   .51  4.27  669.  2.85  166.  577.  166.    275. 302.   0.   0.  4.32 116.6   6.5-107.8  11.5 260.0 256.9  28.0    .0  74.4  39.2  32.6
 STANDARD DEVIATIONS  :
          0.    2.    4.    7.   197.   378.   920.  1466.  2089.   .05   .85   70.   .23   39.   75.   23.     34.  65.   0.   0.   .44   3.6    .0  35.1   1.5    .0  33.0   9.4    .0   6.5    .1    .1
 VARIATION COEFFICIENTS (%)  : 
          .0    .7   2.5   3.4   20.1   20.5   12.3   15.2   11.0   9.5  19.9  10.5   8.2  23.8  13.0  13.9    12.4 21.5   .0   .0  10.3   3.1    .3  32.6  13.0    .0  12.8  33.7    .0   8.7    .2    .3



*** RESULTS OF CROP GROWTH MODEL NWHEAT *** SUMMARY OF OUTPUT FOR WINTER WHEAT AND YIELD STATISTICS ***

Name of run: R3DP1, Station= 3140D, Soil=   1, Crop=   1, Organic M.=   1, Nsoil=   1, IRR=   1, Runof=  .00
 Roth., UKTR scen.(downscal) dec.31-40, no Var. change, pot. prod., CO2 353 ppm  


YEAR     SOW EMERG  ANTH  HALT   WRT   WLV    WST   WGR    TAGB     HI  LAIM PARAB  RUE   DWAV RAIN  ESOIL   TRANS DRAIN RUNOF IRR  WUE MINOM MINFM DNTOT NRAIN NGIFT NUPT  NLEACH NIMMO  NUE  DNFM  NBIOM
1902     283   292   159   205   881.  1591.  6615.  8187. 16393.   .50  3.76  626.  2.62   85.  481.  173.    246. 227.   0.  80.  3.92 120.0   6.5-150.3   9.6 260.0 226.9  17.4    .0  72.3  39.3  32.7
1903     283   295   156   192  1037.  1928.  8072.  8138. 18138.   .45  4.54  628.  2.89   71.  725.  157.    311. 458.   0. 130.  3.88 119.0   6.5-116.1  14.5 260.0 234.7  46.5    .0  77.3  39.2  32.7
1904     283   298   154   201   752.  1435.  6789.  8376. 16600.   .50  3.45  616.  2.69   84.  557.  180.    253. 317.   0. 108.  3.84 114.9   6.5-141.5  11.1 260.0 221.0  29.0    .0  75.1  39.1  32.6
1905     283   294   153   197  1224.  2271.  7452.  9811. 19533.   .50  5.34  699.  2.79   63.  661.  146.    309. 389.   0. 120.  4.29 122.3   6.6 -79.2  13.2 260.0 277.4  42.2    .0  70.4  39.3  32.8
1906     283   299   155   207   646.  1205.  5556.  7652. 14413.   .53  2.88  532.  2.71   82.  617.  200.    201. 369.   0.  70.  3.60 120.3   6.5-173.9  12.3 260.0 185.2  39.7    .0  77.8  39.3  32.7
1907     283   294   158   208  1326.  2486.  7254. 10568. 20307.   .52  5.85  738.  2.75   85.  538.  135.    373. 325.   0. 210.  4.00 124.4   6.6 -70.3  10.8 260.0 295.5  32.2    .0  68.7  39.4  32.8
1908     283   295   161   207  1285.  2448.  8621. 10360. 21430.   .48  5.80  806.  2.66   73.  597.  129.    321. 330.   0. 110.  4.76 119.6   6.5 -50.6  11.9 260.0 311.7  32.6    .0  68.7  39.3  32.7
1909     283   297   160   203   720.  1347.  6306.  7355. 15008.   .49  3.23  555.  2.70   84.  541.  189.    206. 260.   0.  30.  3.80 112.5   6.5-160.7  10.8 260.0 205.9  22.4    .0  72.9  39.1  32.6
1910     283   294   156   206   741.  1361.  6214.  8152. 15728.   .52  3.25  630.  2.49   85.  579.  193.    225. 297.   0.  50.  3.77 120.1   6.5-162.7  11.6 260.0 206.2  28.4    .0  76.3  39.3  32.7
1911     283   293   156   208  1009.  1909.  7257. 10489. 19655.   .53  4.55  737.  2.67   98.  493.  157.    306. 247.   0. 120.  4.24 124.7   6.6-125.7   9.9 260.0 254.1  19.6    .0  77.4  39.4  32.8
1912     283   298   153   205   989.  1880.  7201.  9786. 18867.   .52  4.51  646.  2.92   29.  591.  155.    294. 282.   0. 110.  4.21 119.7   6.5-119.6  11.8 260.0 252.0  24.9    .0  74.9  39.3  32.7
1913     283   297   164   224   888.  1706.  6889. 10898. 19493.   .56  4.09  753.  2.59   81.  708.  207.    278. 414.   0. 110.  4.03 118.1   6.5-112.7  14.2 260.0 240.4  44.5    .0  81.1  39.2  32.7
1914     283   299   152   203   714.  1353.  6030.  8891. 16274.   .55  3.25  572.  2.85   79.  504.  184.    228. 230.   0.  60.  3.94 118.3   6.5-169.7  10.1 260.0 207.4  16.9    .0  78.5  39.2  32.7
1915     283   296   153   199   644.  1156.  5274.  6673. 13103.   .51  2.75  558.  2.35   99.  650.  204.    243. 371.   0.  70.  2.93 122.9   6.6-183.2  13.0 260.0 178.7  40.0    .0  73.3  39.3  32.8
1916     283   292   146   205   788.  1483.  6334.  9341. 17158.   .54  3.57  637.  2.70   83.  475.  187.    287. 243.   0. 160.  3.62 125.8   6.6-154.2   9.5 260.0 226.8  19.9    .0  75.6  39.4  32.8
1917     283   299   153   217   945.  1800.  6933. 10988. 19720.   .56  4.32  712.  2.77   86.  521.  180.    307. 250.   0. 130.  4.05 124.9   6.6-127.8  10.4 260.0 252.4  20.5    .0  78.1  39.4  32.8
1918     283   293   150   207   645.  1188.  5382.  8688. 15258.   .57  2.86  592.  2.58   85.  552.  233.    257. 287.   0. 140.  3.11 124.5   6.6-178.6  11.0 260.0 195.9  26.3    .0  77.9  39.4  32.8
1919     283   294   151   198  1103.  2059.  8026.  9841. 19926.   .49  4.88  729.  2.73   81.  551.  157.    319. 316.   0. 160.  4.19 126.4   6.6 -92.6  11.0 260.0 277.7  31.1    .0  71.7  39.4  32.8
1920     283   297   156   210   945.  1766.  7524. 10073. 19363.   .52  4.20  740.  2.62   79.  691.  163.    290. 417.   0. 100.  4.27 124.4   6.6-115.8  13.8 260.0 240.9  45.8    .0  80.4  39.4  32.8
1921     283   298   154   200  1087.  2062.  8168. 10019. 20248.   .49  4.91  786.  2.58   87.  422.  143.    317. 239.   0. 190.  4.40 119.7   6.5 -95.2   8.4 260.0 277.1  19.6    .0  73.1  39.3  32.7
1922     283   293   153   193  1045.  1850.  7115.  8369. 17334.   .48  4.34  654.  2.65   74.  497.  153.    330. 278.   0. 190.  3.59 126.8   6.6-127.0   9.9 260.0 249.1  24.6    .0  69.6  39.4  32.9
1923     283   293   151   192  1073.  1932.  6948.  9188. 18068.   .51  4.53  618.  2.92   88.  477.  160.    340. 211.   0. 147.  3.62 121.3   6.6-122.0   9.5 260.0 256.6  16.0    .0  70.4  39.3  32.8
1924     283   297   155   199   805.  1529.  6604.  8124. 16257.   .50  3.66  595.  2.73   84.  575.  184.    259. 347.   0. 130.  3.67 114.7   6.5-130.3  11.5 260.0 225.3  35.8    .0  72.2  39.1  32.6
1925     283   295   152   209   738.  1388.  6541. 10287. 18216.   .56  3.36  663.  2.75   81.  551.  208.    290. 274.   0. 140.  3.66 123.0   6.6-151.0  11.0 260.0 224.8  24.1    .0  81.0  39.3  32.8
1926     283   294   148   196   869.  1635.  6552.  9024. 17212.   .52  3.91  630.  2.73   82.  655.  179.    298. 400.   0. 140.  3.60 123.7   6.6-131.8  13.1 260.0 229.0  41.0    .0  75.2  39.4  32.8
1927     283   294   155   202  1136.  2148.  7370.  9962. 19480.   .51  5.09  660.  2.95   49.  573.  135.    289. 234.   0.  36.  4.60 122.4   6.6-112.7  11.5 260.0 269.8  15.2    .0  72.2  39.3  32.8
1928     283   296   148   201   895.  1672.  5768.  9722. 17162.   .57  3.98  590.  2.91   78.  636.  170.    316. 318.   0.  90.  3.53 128.4   6.6-148.9  12.7 260.0 224.7  31.7    .0  76.4  39.5  32.9
1929     283   294   158   199  1184.  2242.  8377. 10383. 21002.   .49  5.32  769.  2.73   70.  562.  154.    312. 312.   0. 147.  4.51 120.9   6.5 -72.5  11.2 260.0 292.2  30.8    .0  71.9  39.3  32.7
1930     283   297   157   198   811.  1515.  6168.  7107. 14791.   .48  3.61  588.  2.52   34.  643.  169.    291. 287.   0.  70.  3.22 120.3   6.5-167.8  12.9 260.0 207.6  22.0    .0  71.3  39.3  32.7
1931     283   295   153   196   983.  1888.  7024.  8778. 17690.   .50  4.50  617.  2.86   79.  528.  148.    332. 227.   0. 100.  3.68 116.2   6.5-127.6  10.6 260.0 245.9  17.6    .0  71.9  39.2  32.6

 MEANS over  30 years  :
        283.  295.  154.  203.   930.  1741.  6879.  9174. 17794.   .52  4.14  656.  2.71   77.  572.  171.    288. 305.   0. 115.  3.88 121.3   6.5-129.1  11.4 260.0 239.8  28.6    .0  74.5  39.3  32.7
 STANDARD DEVIATIONS  :
          0.    2.    4.    7.   190.   361.   849.  1153.  2087.   .03   .84   73.   .14   15.   74.   24.     40.  65.   0.  44.   .42   3.7    .0  33.5   1.5    .0  32.4   9.5    .0   3.5    .1    .1
 VARIATION COEFFICIENTS (%)  : 
          .0    .7   2.5   3.4   20.5   20.8   12.3   12.6   11.7   5.6  20.2  11.1   5.1  19.7  12.9  14.3    14.0 21.3   .0 38.3  10.8   3.1    .2  25.9  12.9    .0  13.5  33.3    .0   4.7    .2    .2



*** RESULTS OF CROP GROWTH MODEL NWHEAT *** SUMMARY OF OUTPUT FOR WINTER WHEAT AND YIELD STATISTICS ***

Name of run: R3DW1, Station= 3140D, Soil=   1, Crop=   1, Organic M.=   1, Nsoil=   1, IRR=   0, Runof=  .00
 Roth., UKTR scen.(downscal) dec.31-40,no Var. change,wat-lim. prod.,CO2 353ppm  


YEAR     SOW EMERG  ANTH  HALT   WRT   WLV    WST   WGR    TAGB     HI  LAIM PARAB  RUE   DWAV RAIN  ESOIL   TRANS DRAIN RUNOF IRR  WUE MINOM MINFM DNTOT NRAIN NGIFT NUPT  NLEACH NIMMO  NUE  DNFM  NBIOM
1902     283   292   159   205   881.  1591.  6612.  8173. 16377.   .50  3.76  626.  2.62  164.  481.  172.    245. 227.   0.   0.  3.92 115.2   6.5-138.3   9.6 260.0 233.9  17.4    .0  70.0  39.1  32.6
1903     283   295   156   192  1037.  1928.  7982.  8138. 18048.   .45  4.54  628.  2.87  193.  725.  151.    309. 458.   0.   0.  3.92 113.3   6.5-107.8  14.5 260.0 237.3  46.5    .0  76.1  39.1  32.6
1904     283   298   154   201   751.  1433.  6784.  8368. 16586.   .50  3.45  616.  2.69  169.  557.  165.    253. 309.   0.   0.  3.97 111.1   6.5-135.7  11.1 260.0 224.2  27.8    .0  74.0  39.0  32.5
1905     283   294   153   197  1224.  2271.  7451.  9771. 19492.   .50  5.34  699.  2.79  180.  661.  143.    308. 389.   0.   0.  4.32 116.9   6.5 -70.9  13.2 260.0 280.0  42.2    .0  69.6  39.2  32.7
1906     283   299   155   207   646.  1205.  5556.  7652. 14412.   .53  2.88  532.  2.71  151.  617.  199.    201. 369.   0.   0.  3.61 113.0   6.5-166.2  12.3 260.0 185.6  39.7    .0  77.7  39.1  32.6
1907     283   294   158   208  1326.  2486.  7215.  5441. 15141.   .36  5.85  712.  2.13  211.  538.  132.    293. 325.   0.   0.  3.56 112.9   6.5 -68.0  10.8 260.0 287.2  32.2    .0  52.7  39.1  32.6
1908     283   295   161   207  1285.  2448.  8590.  9116. 20154.   .45  5.80  806.  2.50  167.  597.  128.    306. 330.   0.   0.  4.64 113.7   6.5 -40.2  11.9 260.0 316.1  32.6    .0  63.8  39.1  32.6
1909     283   297   160   203   720.  1347.  6306.  7354. 15007.   .49  3.23  555.  2.70  113.  541.  188.    206. 260.   0.   0.  3.81 111.5   6.5-159.4  10.8 260.0 206.1  22.4    .0  72.8  39.0  32.5
1910     283   294   156   206   741.  1361.  6214.  8151. 15727.   .52  3.25  630.  2.49  131.  579.  189.    225. 297.   0.   0.  3.80 116.6   6.5-158.3  11.6 260.0 207.0  28.4    .0  76.0  39.2  32.6
1911     283   293   156   208  1009.  1909.  7248. 10214. 19372.   .53  4.55  737.  2.63  205.  493.  147.    303. 247.   0.   0.  4.30 116.9   6.5-112.5   9.9 260.0 259.4  19.6    .0  74.7  39.2  32.7
1912     283   298   153   205   989.  1880.  7195.  9649. 18723.   .52  4.51  646.  2.90  138.  591.  154.    292. 282.   0.   0.  4.19 113.9   6.5-105.7  11.8 260.0 259.3  24.9    .0  72.2  39.1  32.6
1913     283   297   164   224   888.  1706.  6817. 10300. 18824.   .55  4.09  753.  2.50  181.  708.  206.    269. 414.   0.   0.  3.97 110.1   6.5 -99.4  14.2 260.0 245.5  44.5    .0  76.7  39.0  32.5
1914     283   299   152   203   714.  1353.  6029.  8890. 16273.   .55  3.25  572.  2.85  138.  504.  184.    228. 230.   0.   0.  3.95 113.2   6.5-163.6  10.1 260.0 208.4  16.9    .0  78.1  39.1  32.6
1915     283   296   153   199   644.  1156.  5273.  6671. 13100.   .51  2.75  558.  2.35  165.  650.  200.    243. 371.   0.   0.  2.96 120.0   6.5-178.3  13.0 260.0 180.6  40.0    .0  72.6  39.3  32.7
1916     283   292   146   205   788.  1483.  6283.  6249. 14015.   .45  3.57  614.  2.28  202.  475.  191.    242. 243.   0.   0.  3.23 112.7   6.5-136.6   9.5 260.0 231.2  19.9    .0  60.6  39.1  32.6
1917     283   299   153   217   945.  1800.  6915. 10625. 19340.   .55  4.32  712.  2.72  205.  521.  177.    299. 250.   0.   0.  4.07 117.4   6.5-114.1  10.4 260.0 258.4  20.5    .0  74.8  39.2  32.7
1918     283   293   150   207   645.  1188.  5375.  8643. 15206.   .57  2.86  592.  2.57  200.  552.  208.    257. 287.   0.   0.  3.27 115.8   6.5-163.2  11.0 260.0 202.2  26.3    .0  75.2  39.1  32.6
1919     283   294   151   198  1103.  2059.  8016.  7404. 17479.   .42  4.88  720.  2.43  204.  551.  155.    284. 316.   0.   0.  3.98 115.6   6.5 -77.2  11.0 260.0 282.2  31.1    .0  61.9  39.2  32.6
1920     283   297   156   210   945.  1766.  7378. 10073. 19217.   .52  4.20  740.  2.60  167.  691.  152.    289. 417.   0.   0.  4.35 121.0   6.5-102.5  13.8 260.0 249.3  45.8    .0  77.1  39.3  32.7
1921     283   298   154   200  1087.  2062.  8154.  5839. 16054.   .36  4.91  764.  2.10  210.  422.  147.    245. 239.   0.   0.  4.09 107.3   6.5 -91.8   8.4 260.0 268.6  19.6    .0  59.8  38.9  32.4
1922     283   293   153   193  1045.  1850.  7097.  5741. 14688.   .39  4.34  647.  2.27  212.  497.  150.    281. 278.   0.   0.  3.41 117.1   6.5-125.3   9.9 260.0 241.2  24.6    .0  60.9  39.2  32.7
1923     283   293   151   192  1057.  1909.  6861.  8010. 16780.   .48  4.48  613.  2.74  207.  477.  160.    318. 206.   0.   0.  3.51 113.0   6.5-119.2   9.5 260.0 252.1  15.3    .0  66.6  39.1  32.6
1924     283   297   155   199   805.  1529.  6601.  7540. 15670.   .48  3.66  595.  2.64  197.  575.  180.    246. 347.   0.   0.  3.68 107.9   6.5-116.1  11.5 260.0 232.0  35.8    .0  67.6  38.9  32.4
1925     283   295   152   209   738.  1388.  6463.  9490. 17342.   .55  3.36  660.  2.63  199.  551.  204.    273. 274.   0.   0.  3.64 115.5   6.5-142.9  11.0 260.0 225.3  24.1    .0  77.0  39.1  32.6
1926     283   294   148   196   869.  1635.  6548.  8894. 17077.   .52  3.91  630.  2.71  202.  655.  162.    296. 400.   0.   0.  3.73 118.2   6.5-117.2  13.1 260.0 237.1  41.0    .0  72.0  39.2  32.7
1927     283   294   155   202  1078.  2047.  7254.  9792. 19093.   .51  4.85  645.  2.96   58.  573.  130.    279. 222.   0.   0.  4.67 121.5   6.6-120.7  11.5 260.0 262.5  13.8    .0  72.7  39.3  32.8
1928     283   296   148   201   895.  1672.  5764.  9718. 17154.   .57  3.98  590.  2.91  167.  636.  169.    316. 318.   0.   0.  3.54 123.9   6.6-139.2  12.7 260.0 229.5  31.7    .0  74.7  39.4  32.8
1929     283   294   158   199  1168.  2214.  8343.  9589. 20145.   .48  5.25  764.  2.64  195.  562.  155.    295. 306.   0.   0.  4.47 115.2   6.5 -66.0  11.2 260.0 293.9  30.0    .0  68.6  39.1  32.6
1930     283   297   157   198   811.  1515.  6166.  7105. 14786.   .48  3.61  588.  2.52  103.  643.  168.    291. 287.   0.   0.  3.22 118.3   6.5-161.8  12.9 260.0 211.2  22.0    .0  70.0  39.2  32.7
1931     283   295   153   196   983.  1888.  7020.  8771. 17678.   .50  4.50  617.  2.86  178.  528.  147.    332. 227.   0.   0.  3.69 113.0   6.5-115.3  10.6 260.0 254.7  17.6    .0  69.4  39.1  32.6

 MEANS over  30 years  :
        283.  295.  154.  203.   927.  1736.  6850.  8379. 16965.   .49  4.13  652.  2.61  174.  572.  167.    274. 304.   0.   0.  3.85 115.1   6.5-120.4  11.4 260.0 242.1  28.5    .0  70.5  39.1  32.6
 STANDARD DEVIATIONS  :
          0.    2.    4.    7.   187.   356.   836.  1425.  1930.   .05   .83   71.   .22   36.   74.   23.     34.  66.   0.   0.   .42   3.7    .0  33.7   1.5    .0  31.5   9.6    .0   6.2    .1    .1
 VARIATION COEFFICIENTS (%)  : 
          .0    .7   2.5   3.4   20.2   20.5   12.2   17.0   11.4  10.9  20.0  10.8   8.4  20.9  12.9  13.7    12.3 21.6   .0   .0  10.8   3.2    .3  28.0  12.9    .0  13.0  33.8    .0   8.9    .3    .3



*** RESULTS OF CROP GROWTH MODEL NWHEAT *** SUMMARY OF OUTPUT FOR WINTER WHEAT AND YIELD STATISTICS ***

Name of run: R3DP2, Station= 3140D, Soil=   1, Crop=   2, Organic M.=   1, Nsoil=   1, IRR=   1, Runof=  .00
 Roth., UKTR scen.(downscal) dec.31-40, no Var. change, pot. prod., CO2 454 ppm  


YEAR     SOW EMERG  ANTH  HALT   WRT   WLV    WST   WGR    TAGB     HI  LAIM PARAB  RUE   DWAV RAIN  ESOIL   TRANS DRAIN RUNOF IRR  WUE MINOM MINFM DNTOT NRAIN NGIFT NUPT  NLEACH NIMMO  NUE  DNFM  NBIOM
1902     283   292   159   205   918.  1660.  7017.  9013. 17690.   .51  3.81  627.  2.82   78.  481.  172.    239. 227.   0.  80.  4.31 120.0   6.5-139.0   9.6 260.0 238.0  17.5    .0  74.3  39.3  32.7
1903     283   295   156   192  1087.  2027.  9401.  8534. 19962.   .43  4.63  631.  3.17   66.  725.  155.    304. 463.   0. 130.  4.35 119.1   6.5-103.9  14.5 260.0 246.8  46.4    .0  80.9  39.3  32.7
1904     283   298   154   201   785.  1501.  7236.  9261. 17998.   .51  3.50  618.  2.91   89.  557.  179.    246. 320.   0.  98.  4.24 115.3   6.5-132.0  11.1 260.0 230.8  29.1    .0  78.0  39.1  32.6
1905     283   294   153   197  1288.  2405.  8036. 10741. 21182.   .51  5.48  702.  3.02   67.  661.  144.    303. 390.   0. 110.  4.74 122.3   6.6 -64.0  13.2 260.0 292.3  42.3    .0  72.5  39.3  32.8
1906     283   299   155   207   676.  1259.  5973.  8424. 15656.   .54  2.93  534.  2.93   85.  617.  198.    194. 369.   0.  60.  3.98 119.7   6.5-163.0  12.3 260.0 195.3  39.7    .0  80.1  39.3  32.7
1907     283   294   158   208  1391.  2624.  7839. 11366. 21829.   .52  5.99  738.  2.96   86.  538.  134.    365. 326.   0. 200.  4.38 124.1   6.6 -57.9  10.8 260.0 307.6  32.3    .0  71.0  39.4  32.8
1908     283   295   161   207  1329.  2540.  9122. 11301. 22963.   .49  5.84  805.  2.85   65.  597.  129.    312. 331.   0. 110.  5.21 119.6   6.5 -41.9  11.9 260.0 320.2  32.7    .0  71.7  39.3  32.7
1909     283   297   160   203   754.  1411.  6773.  8191. 16375.   .50  3.29  557.  2.94   86.  541.  188.    199. 261.   0.  20.  4.23 112.6   6.5-150.0  10.8 260.0 216.5  22.4    .0  75.6  39.1  32.6
1910     283   294   156   206   767.  1409.  6600.  8838. 16848.   .52  3.26  629.  2.68   87.  579.  192.    216. 297.   0.  40.  4.13 119.4   6.5-152.7  11.6 260.0 215.3  28.5    .0  78.3  39.2  32.7
1911     283   293   156   208  1045.  1978.  7785. 11432. 21195.   .54  4.58  736.  2.88   91.  493.  157.    296. 251.   0. 120.  4.67 124.8   6.6-114.6   9.9 260.0 265.0  19.7    .0  80.0  39.4  32.8
1912     283   298   153   205  1035.  1974.  7698. 10701. 20374.   .53  4.59  647.  3.15   31.  591.  153.    286. 282.   0. 100.  4.64 119.8   6.5-107.1  11.8 260.0 264.4  24.9    .0  77.1  39.3  32.7
1913     283   297   164   224   913.  1755.  7492. 11570. 20817.   .56  4.09  749.  2.78   80.  708.  207.    266. 415.   0. 100.  4.40 118.0   6.5-103.2  14.2 260.0 249.7  44.6    .0  83.4  39.2  32.7
1914     283   299   152   203   744.  1412.  6521.  9720. 17652.   .55  3.29  572.  3.08   83.  504.  184.    221. 232.   0.  50.  4.37 118.4   6.5-159.0  10.1 260.0 218.0  17.2    .0  81.0  39.2  32.7
1915     283   296   153   199   666.  1197.  5602.  7322. 14121.   .52  2.77  558.  2.53   92.  650.  205.    234. 372.   0.  70.  3.21 123.1   6.6-176.4  13.0 260.0 185.5  40.2    .0  76.1  39.3  32.8
1916     283   292   146   205   825.  1557.  6779. 10242. 18578.   .55  3.64  640.  2.90   84.  475.  185.    279. 244.   0. 150.  4.00 125.7   6.6-142.9   9.5 260.0 237.8  20.0    .0  78.1  39.4  32.8
1917     283   299   153   217   990.  1891.  7471. 11895. 21257.   .56  4.40  715.  2.97   87.  521.  179.    299. 251.   0. 120.  4.45 124.9   6.6-115.5  10.4 260.0 264.5  20.5    .0  80.4  39.4  32.8
1918     283   293   150   207   665.  1225.  5771.  9428. 16423.   .57  2.86  590.  2.78   86.  552.  233.    247. 287.   0. 130.  3.42 124.6   6.6-170.6  11.0 260.0 203.9  26.4    .0  80.5  39.4  32.8
1919     283   294   151   198  1161.  2176.  8552. 10868. 21597.   .50  5.00  733.  2.95   83.  551.  154.    313. 316.   0. 150.  4.63 126.2   6.6 -79.1  11.0 260.0 290.8  31.1    .0  74.3  39.4  32.8
1920     283   297   156   210   982.  1839.  8513. 10515. 20867.   .50  4.25  740.  2.82   82.  691.  162.    282. 419.   0.  90.  4.70 124.9   6.6-106.0  13.8 260.0 251.0  46.0    .0  83.1  39.4  32.8
1921     283   298   154   200  1137.  2162.  8712. 10993. 21866.   .50  4.99  789.  2.77   89.  422.  141.    309. 240.   0. 180.  4.85 119.7   6.5 -81.2   8.4 260.0 291.0  19.7    .0  75.1  39.3  32.7
1922     283   293   153   193  1094.  1945.  7615.  9280. 18840.   .49  4.43  656.  2.87   76.  497.  151.    322. 280.   0. 180.  3.98 126.9   6.6-114.4   9.9 260.0 261.4  24.8    .0  72.1  39.4  32.9
1923     283   293   151   192  1131.  2046.  7787.  9945. 19778.   .50  4.66  620.  3.19   90.  477.  158.    332. 213.   0. 137.  4.04 121.6   6.6-108.2   9.5 260.0 270.4  16.2    .0  73.2  39.3  32.8
1924     283   297   155   199   844.  1609.  7071.  9039. 17719.   .51  3.74  597.  2.97   77.  575.  183.    252. 347.   0. 130.  4.08 114.9   6.5-118.3  11.5 260.0 237.2  35.9    .0  74.7  39.1  32.6
1925     283   295   152   209   772.  1458.  7486. 10948. 19892.   .55  3.42  667.  2.98   72.  551.  206.    281. 275.   0. 140.  4.08 123.1   6.6-139.2  11.0 260.0 236.4  24.3    .0  84.1  39.3  32.8
1926     283   294   148   196   904.  1709.  6998.  9945. 18652.   .53  3.96  632.  2.95   84.  655.  178.    289. 402.   0. 130.  3.99 123.6   6.6-119.6  13.1 260.0 240.8  41.2    .0  77.5  39.4  32.8
1927     283   294   155   202  1186.  2249.  7866. 10970. 21084.   .52  5.18  662.  3.19   46.  573.  134.    282. 239.   0.  36.  5.07 122.5   6.6 -98.5  11.5 260.0 283.8  15.4    .0  74.3  39.3  32.8
1928     283   296   148   201   945.  1774.  6446. 10537. 18758.   .56  4.10  596.  3.15   70.  636.  167.    310. 319.   0.  90.  3.93 128.1   6.6-134.8  12.7 260.0 238.3  31.8    .0  78.7  39.4  32.9
1929     283   294   158   199  1235.  2346.  8909. 11450. 22705.   .50  5.40  770.  2.95   72.  562.  153.    304. 313.   0. 137.  4.96 120.8   6.5 -60.0  11.2 260.0 304.4  31.0    .0  74.6  39.3  32.7
1930     283   297   157   198   846.  1583.  6614.  7840. 16037.   .49  3.66  589.  2.72   37.  643.  168.    282. 290.   0.  60.  3.56 120.1   6.5-157.3  12.9 260.0 217.7  22.1    .0  73.7  39.3  32.7
1931     283   295   153   196  1023.  1973.  7512.  9632. 19117.   .50  4.57  616.  3.10   89.  528.  147.    322. 228.   0.  80.  4.08 116.0   6.5-116.8  10.6 260.0 256.3  17.7    .0  74.6  39.2  32.6

 MEANS over  30 years  :
        283.  295.  154.  203.   971.  1823.  7440.  9998. 19261.   .52  4.21  657.  2.93   77.  572.  170.    280. 307.   0. 108.  4.29 121.3   6.5-117.6  11.4 260.0 251.0  28.7    .0  77.0  39.3  32.7
 STANDARD DEVIATIONS  :
          0.    2.    4.    7.   200.   383.   946.  1206.  2228.   .03   .86   73.   .16   15.   74.   25.     40.  65.   0.  43.   .45   3.7    .0  34.3   1.5    .0  33.5   9.5    .0   3.6    .1    .1
 VARIATION COEFFICIENTS (%)  : 
          .0    .7   2.5   3.4   20.6   21.0   12.7   12.1   11.6   5.5  20.4  11.0   5.3  19.7  12.9  14.6    14.3 21.2   .0 40.4  10.6   3.1    .2  29.2  12.9    .0  13.3  33.1    .0   4.7    .2    .2



*** RESULTS OF CROP GROWTH MODEL NWHEAT *** SUMMARY OF OUTPUT FOR WINTER WHEAT AND YIELD STATISTICS ***

Name of run: R3DW2, Station= 3140D, Soil=   1, Crop=   2, Organic M.=   1, Nsoil=   1, IRR=   0, Runof=  .00
 Roth., UKTR scen.(downscal) dec.31-40,no Var. change,wat-lim. prod.,CO2 454ppm  


YEAR     SOW EMERG  ANTH  HALT   WRT   WLV    WST   WGR    TAGB     HI  LAIM PARAB  RUE   DWAV RAIN  ESOIL   TRANS DRAIN RUNOF IRR  WUE MINOM MINFM DNTOT NRAIN NGIFT NUPT  NLEACH NIMMO  NUE  DNFM  NBIOM
1902     283   292   159   205   918.  1660.  7016.  9010. 17686.   .51  3.81  627.  2.82  157.  481.  172.    239. 227.   0.   0.  4.31 115.8   6.5-129.7   9.6 260.0 243.0  17.5    .0  72.8  39.2  32.6
1903     283   295   156   192  1087.  2027.  9373.  8534. 19934.   .43  4.63  631.  3.16  191.  725.  150.    303. 463.   0.   0.  4.39 113.6   6.5 -95.4  14.5 260.0 249.8  46.4    .0  79.8  39.1  32.6
1904     283   298   154   201   784.  1499.  7231.  9252. 17981.   .51  3.50  617.  2.91  164.  557.  164.    245. 311.   0.   0.  4.39 111.3   6.5-126.5  11.1 260.0 233.4  27.9    .0  77.0  39.0  32.5
1905     283   294   153   197  1288.  2405.  8035. 10739. 21179.   .51  5.48  702.  3.02  175.  661.  142.    303. 390.   0.   0.  4.76 117.3   6.5 -56.3  13.2 260.0 294.8  42.3    .0  71.8  39.2  32.7
1906     283   299   155   207   676.  1259.  5973.  8424. 15656.   .54  2.93  534.  2.93  145.  617.  198.    194. 369.   0.   0.  3.99 113.6   6.5-156.7  12.3 260.0 195.5  39.7    .0  80.1  39.1  32.6
1907     283   294   158   208  1391.  2624.  7797.  6239. 16660.   .37  5.99  716.  2.33  211.  538.  131.    292. 326.   0.   0.  3.93 113.3   6.5 -54.8  10.8 260.0 300.5  32.3    .0  55.4  39.1  32.6
1908     283   295   161   207  1329.  2540.  9103. 10576. 22220.   .48  5.84  805.  2.76  166.  597.  129.    303. 331.   0.   0.  5.15 114.2   6.5 -32.4  11.9 260.0 324.2  32.7    .0  68.5  39.1  32.6
1909     283   297   160   203   754.  1411.  6773.  8190. 16375.   .50  3.29  557.  2.94  106.  541.  187.    199. 261.   0.   0.  4.24 111.7   6.5-148.8  10.8 260.0 216.7  22.4    .0  75.6  39.0  32.5
1910     283   294   156   206   767.  1409.  6600.  8837. 16847.   .52  3.26  629.  2.68  124.  579.  189.    216. 297.   0.   0.  4.15 116.7   6.5-149.5  11.6 260.0 215.8  28.5    .0  78.1  39.2  32.6
1911     283   293   156   208  1045.  1978.  7782. 11383. 21143.   .54  4.58  736.  2.87  201.  493.  148.    296. 251.   0.   0.  4.77 117.4   6.5-102.5   9.9 260.0 269.4  19.7    .0  78.5  39.2  32.7
1912     283   298   153   205  1035.  1974.  7693. 10692. 20359.   .53  4.59  647.  3.15  131.  591.  153.    286. 282.   0.   0.  4.64 114.5   6.5 -94.6  11.8 260.0 271.1  24.9    .0  75.1  39.1  32.6
1913     283   297   164   224   913.  1755.  7275. 11301. 20331.   .56  4.09  749.  2.71  175.  708.  207.    261. 415.   0.   0.  4.35 111.7   6.5 -91.0  14.2 260.0 255.3  44.6    .0  79.6  39.0  32.5
1914     283   299   152   203   744.  1412.  6520.  9719. 17651.   .55  3.29  572.  3.08  132.  504.  183.    221. 232.   0.   0.  4.37 113.5   6.5-153.3  10.1 260.0 218.8  17.2    .0  80.7  39.1  32.6
1915     283   296   153   199   666.  1197.  5602.  7320. 14119.   .52  2.77  558.  2.53  157.  650.  200.    234. 372.   0.   0.  3.25 120.3   6.5-172.3  13.0 260.0 186.7  40.2    .0  75.6  39.3  32.7
1916     283   292   146   205   825.  1557.  6719.  7722. 15997.   .48  3.64  619.  2.58  200.  475.  189.    241. 244.   0.   0.  3.71 113.4   6.5-127.1   9.5 260.0 241.1  20.0    .0  66.3  39.1  32.6
1917     283   299   153   217   990.  1891.  7408. 11807. 21106.   .56  4.40  715.  2.95  202.  521.  175.    297. 251.   0.   0.  4.47 118.1   6.5-101.9  10.4 260.0 271.1  20.5    .0  77.8  39.2  32.7
1918     283   293   150   207   665.  1225.  5766.  9424. 16415.   .57  2.86  590.  2.78  192.  552.  209.    247. 287.   0.   0.  3.60 116.3   6.5-157.6  11.0 260.0 208.1  26.4    .0  78.9  39.2  32.6
1919     283   294   151   198  1161.  2176.  8545.  8661. 19382.   .45  5.00  725.  2.67  201.  551.  153.    282. 316.   0.   0.  4.45 116.4   6.5 -65.9  11.0 260.0 294.1  31.1    .0  65.9  39.2  32.6
1920     283   297   156   210   982.  1839.  8497. 10515. 20851.   .50  4.25  740.  2.82  162.  691.  152.    282. 419.   0.   0.  4.80 121.4   6.6 -95.6  13.8 260.0 256.5  46.0    .0  81.3  39.3  32.8
1921     283   298   154   200  1137.  2162.  8674.  6699. 17535.   .38  4.99  769.  2.28  209.  422.  146.    245. 240.   0.   0.  4.49 107.8   6.5 -77.6   8.4 260.0 283.0  19.7    .0  62.0  38.9  32.4
1922     283   293   153   193  1094.  1945.  7564.  6744. 16253.   .41  4.43  651.  2.50  211.  497.  149.    280. 280.   0.   0.  3.79 117.7   6.5-111.8   9.9 260.0 254.9  24.8    .0  63.8  39.2  32.7
1923     283   293   151   192  1115.  2021.  7431.  9296. 18748.   .50  4.61  616.  3.04  206.  477.  158.    317. 207.   0.   0.  3.95 113.4   6.5-103.3   9.5 260.0 267.9  15.5    .0  70.0  39.1  32.6
1924     283   297   155   199   844.  1609.  7067.  8517. 17193.   .50  3.74  597.  2.88  193.  575.  179.    242. 347.   0.   0.  4.09 108.8   6.5-104.3  11.5 260.0 244.6  35.9    .0  70.3  38.9  32.4
1925     283   295   152   209   772.  1458.  7009. 10800. 19267.   .56  3.42  666.  2.89  198.  551.  202.    272. 275.   0.   0.  4.06 116.1   6.5-126.3  11.0 260.0 242.1  24.3    .0  79.6  39.2  32.6
1926     283   294   148   196   904.  1709.  6992.  9908. 18610.   .53  3.96  632.  2.95  197.  655.  161.    289. 402.   0.   0.  4.13 118.7   6.5-106.5  13.1 260.0 248.4  41.2    .0  74.9  39.2  32.7
1927     283   294   155   202  1125.  2141.  7750. 10758. 20649.   .52  4.93  646.  3.20   55.  573.  129.    272. 227.   0.   0.  5.15 121.6   6.6-108.9  11.5 260.0 274.1  14.0    .0  75.3  39.3  32.8
1928     283   296   148   201   945.  1774.  6440. 10537. 18752.   .56  4.10  596.  3.15  159.  636.  166.    310. 319.   0.   0.  3.94 124.3   6.6-127.2  12.7 260.0 241.8  31.8    .0  77.6  39.4  32.8
1929     283   294   158   199  1218.  2316.  8868. 10877. 22061.   .49  5.33  765.  2.88  192.  562.  154.    292. 307.   0.   0.  4.94 115.8   6.5 -52.8  11.2 260.0 307.3  30.1    .0  71.8  39.2  32.6
1930     283   297   157   198   846.  1583.  6612.  7838. 16033.   .49  3.66  589.  2.72   96.  643.  168.    282. 290.   0.   0.  3.57 118.5   6.5-152.6  12.9 260.0 220.4  22.1    .0  72.8  39.2  32.7
1931     283   295   153   196  1023.  1973.  7510.  9627. 19109.   .50  4.57  616.  3.10  168.  528.  146.    322. 228.   0.   0.  4.08 113.3   6.5-107.6  10.6 260.0 262.7  17.7    .0  72.8  39.1  32.6

 MEANS over  30 years  :
        283.  295.  154.  203.   968.  1818.  7387.  9332. 18537.   .50  4.20  654.  2.84  169.  572.  166.    269. 306.   0.   0.  4.26 115.5   6.5-109.7  11.4 260.0 253.1  28.6    .0  73.7  39.1  32.6
 STANDARD DEVIATIONS  :
          0.    2.    4.    7.   197.   378.   938.  1482.  2100.   .05   .85   71.   .23   38.   74.   23.     34.  66.   0.   0.   .45   3.6    .0  34.7   1.5    .0  32.6   9.6    .0   6.1    .1    .1
 VARIATION COEFFICIENTS (%)  : 
          .0    .7   2.5   3.4   20.4   20.8   12.7   15.9   11.3   9.9  20.2  10.8   8.2  22.3  12.9  13.9    12.7 21.5   .0   .0  10.6   3.1    .3  31.6  12.9    .0  12.9  33.6    .0   8.3    .3    .3



*** RESULTS OF CROP GROWTH MODEL NWHEAT *** SUMMARY OF OUTPUT FOR WINTER WHEAT AND YIELD STATISTICS ***

Name of run: R6DP1, Station= 6675D, Soil=   1, Crop=   1, Organic M.=   1, Nsoil=   1, IRR=   1, Runof=  .00
 Roth., UKTR scen.(downscal) dec.66-75, Var. change, pot. prod., CO2 353 ppm     


YEAR     SOW EMERG  ANTH  HALT   WRT   WLV    WST   WGR    TAGB     HI  LAIM PARAB  RUE   DWAV RAIN  ESOIL   TRANS DRAIN RUNOF IRR  WUE MINOM MINFM DNTOT NRAIN NGIFT NUPT  NLEACH NIMMO  NUE  DNFM  NBIOM
1902     283   291   156   201  1165.  2085.  7541.  9023. 18649.   .48  4.90  713.  2.61   42.  502.  133.    294. 216.   0. 100.  4.37 125.9   6.6-118.4  10.0 260.0 265.4  15.9    .0  70.3  39.4  32.8
1903     283   294   153   189  1099.  1995.  7729.  8365. 18088.   .46  4.67  640.  2.83   64.  729.  150.    319. 444.   0. 120.  3.86 124.6   6.6-112.7  14.6 260.0 244.9  45.0    .0  73.8  39.4  32.8
1904     283   296   149   198   829.  1582.  6985.  9165. 17732.   .52  3.78  650.  2.73   78.  577.  166.    271. 307.   0.  90.  4.06 118.9   6.5-136.9  11.5 260.0 230.3  28.5    .0  77.0  39.2  32.7
1905     283   293   151   193  1470.  2690.  7494.  9987. 20171.   .50  6.21  756.  2.67   77.  655.  130.    340. 393.   0. 130.  4.30 125.6   6.6 -63.8  13.1 260.0 295.9  41.3    .0  68.2  39.4  32.8
1906     283   297   153   202   897.  1682.  6574.  9143. 17399.   .53  4.01  631.  2.76   87.  611.  160.    255. 362.   0.  80.  4.19 123.2   6.6-136.7  12.2 260.0 224.5  38.9    .0  77.5  39.3  32.8
1907     283   293   156   201  1556.  2864.  7439.  9808. 20111.   .49  6.67  762.  2.64   68.  550.  113.    396. 329.   0. 220.  3.95 126.0   6.6 -55.5  11.0 260.0 310.5  32.3    .0  64.8  39.4  32.8
1908     283   294   158   203  1497.  2815.  8787. 10515. 22117.   .48  6.58  850.  2.60   37.  638.  109.    352. 324.   0. 110.  4.80 123.8   6.6 -46.3  12.8 260.0 321.4  31.4    .0  68.8  39.4  32.8
1909     283   295   159   198   793.  1479.  6792.  7142. 15413.   .46  3.52  583.  2.64   71.  554.  179.    224. 263.   0.  40.  3.83 114.3   6.5-151.7  11.1 260.0 215.9  22.9    .0  71.4  39.1  32.6
1910     283   293   153   199   902.  1654.  6939.  8561. 17153.   .50  3.92  687.  2.50   65.  604.  168.    257. 304.   0.  60.  4.04 122.8   6.6-141.4  12.1 260.0 229.0  29.3    .0  74.9  39.3  32.8
1911     283   293   154   199  1166.  2190.  7491. 10446. 20126.   .52  5.20  756.  2.66   77.  500.  135.    333. 249.   0. 140.  4.30 126.9   6.6-108.2  10.0 260.0 272.4  19.9    .0  73.9  39.4  32.9
1912     283   297   149   195  1048.  1963.  7229.  9412. 18603.   .51  4.67  633.  2.94   31.  598.  142.    306. 281.   0. 100.  4.15 122.4   6.6-125.4  12.0 260.0 248.3  24.9    .0  74.9  39.3  32.8
1913     283   296   159   217  1007.  1904.  7458. 11426. 20788.   .55  4.54  804.  2.58   66.  734.  192.    306. 401.   0. 100.  4.17 123.4   6.6-104.9  14.7 260.0 255.4  42.8    .0  81.4  39.3  32.8
1914     283   296   148   198   900.  1712.  6728.  9702. 18142.   .53  4.10  640.  2.84   62.  509.  149.    272. 220.   0.  70.  4.30 122.7   6.6-143.9  10.2 260.0 238.7  15.2    .0  76.0  39.3  32.8
1915     283   294   151   193   911.  1651.  6565.  8161. 16377.   .50  3.91  661.  2.48   87.  666.  167.    310. 366.   0.  90.  3.43 126.7   6.6-134.6  13.3 260.0 230.4  38.7    .0  71.1  39.4  32.8
1916     283   291   144   200   936.  1758.  6915.  9739. 18412.   .53  4.19  675.  2.73   63.  506.  158.    312. 249.   0. 150.  3.92 128.2   6.6-134.2  10.1 260.0 248.6  20.5    .0  74.1  39.4  32.9
1917     283   297   150   212  1201.  2277.  7901. 11598. 21775.   .53  5.37  784.  2.78   72.  551.  154.    351. 248.   0. 130.  4.32 128.8   6.6-108.3  11.0 260.0 275.6  20.3    .0  79.0  39.5  32.9
1918     283   293   148   199   830.  1549.  6319.  9283. 17151.   .54  3.71  661.  2.59   90.  535.  197.    300. 277.   0. 150.  3.45 127.5   6.6-155.5  10.7 260.0 222.3  24.8    .0  77.2  39.4  32.9
1919     283   293   148   193  1209.  2225.  7795. 10069. 20089.   .50  5.22  737.  2.73   81.  582.  140.    334. 319.   0. 130.  4.23 130.4   6.6-103.0  11.6 260.0 271.9  30.3    .0  73.9  39.5  32.9
1920     283   296   151   200  1165.  2179.  8792.  9645. 20616.   .47  5.14  763.  2.70   89.  659.  130.    329. 390.   0. 100.  4.49 126.7   6.6-109.2  13.2 260.0 255.5  39.0    .0  80.7  39.4  32.8
1921     283   296   153   196  1327.  2503.  8492. 10219. 21214.   .48  5.88  821.  2.58   67.  430.  116.    352. 229.   0. 200.  4.53 122.8   6.6 -77.8   8.6 260.0 298.5  18.0    .0  71.1  39.3  32.8
1922     283   292   150   191  1299.  2270.  7263.  9432. 18965.   .50  5.31  729.  2.60   68.  509.  121.    376. 279.   0. 200.  3.81 133.1   6.6-107.9  10.2 260.0 275.9  22.3    .0  68.7  39.5  32.9
1923     283   292   149   189  1339.  2396.  7240.  9864. 19500.   .51  5.58  680.  2.87   74.  482.  129.    391. 204.   0. 168.  3.75 126.5   6.6-100.2   9.6 260.0 284.5  14.2    .0  68.5  39.4  32.8
1924     283   295   152   195   894.  1685.  6753.  8860. 17299.   .51  4.01  629.  2.75   83.  599.  164.    277. 352.   0. 110.  3.93 119.4   6.5-123.1  12.0 260.0 236.5  36.6    .0  73.2  39.3  32.7
1925     283   294   147   203   857.  1623.  7413. 10532. 19568.   .54  3.90  706.  2.77   71.  546.  185.    325. 267.   0. 160.  3.84 127.2   6.6-136.3  10.9 260.0 243.6  22.8    .0  80.3  39.4  32.9
1926     283   294   145   190  1026.  1926.  6896.  9373. 18195.   .52  4.57  652.  2.79   81.  676.  150.    323. 404.   0. 120.  3.84 126.8   6.6-114.3  13.5 260.0 251.8  38.4    .0  72.3  39.4  32.9
1927     283   293   152   197  1267.  2371.  7248. 10539. 20158.   .52  5.58  689.  2.93   20.  608.  121.    304. 230.   0.  26.  4.75 126.2   6.6-110.6  12.2 260.0 277.2  13.9    .0  72.7  39.4  32.8
1928     283   295   146   194  1105.  2052.  6371.  9498. 17921.   .53  4.82  615.  2.91   84.  618.  140.    350. 312.   0. 100.  3.66 130.0   6.6-123.3  12.4 260.0 252.6  30.3    .0  70.9  39.5  32.9
1929     283   294   155   195  1316.  2457.  8414. 10494. 21364.   .49  5.74  786.  2.72   77.  567.  142.    324. 305.   0. 127.  4.59 124.1   6.6 -71.7  11.3 260.0 296.8  29.6    .0  72.0  39.4  32.8
1930     283   295   154   193  1088.  2018.  6553.  8506. 17077.   .50  4.78  673.  2.54   68.  603.  129.    346. 276.   0.  80.  3.60 124.1   6.6-130.8  12.1 260.0 248.8  19.6    .0  68.6  39.4  32.8
1931     283   294   150   192  1089.  2084.  6896.  9209. 18189.   .51  4.94  636.  2.86   76.  562.  138.    348. 232.   0.  80.  3.74 119.3   6.5-126.2  11.2 260.0 249.8  18.2    .0  72.8  39.3  32.7

 MEANS over  30 years  :
        283.  294.  151.  198.  1106.  2055.  7300.  9591. 18945.   .51  4.85  700.  2.71   69.  582.  147.    319. 301.   0. 116.  4.07 124.9   6.6-113.8  11.6 260.0 259.1  27.5    .0  73.3  39.4  32.8
 STANDARD DEVIATIONS  :
          0.    2.    4.    6.   208.   376.   662.   929.  1659.   .02   .85   67.   .12   17.   70.   23.     39.  63.   0.  44.   .35   3.8    .0  27.1   1.4    .0  26.9   9.2    .0   4.0    .1    .1
 VARIATION COEFFICIENTS (%)  : 
          .0    .6   2.5   3.1   18.8   18.3    9.1    9.7    8.8   4.6  17.5   9.6   4.6  24.1  12.1  15.5    12.3 21.1   .0 38.2   8.7   3.0    .2  23.8  12.1    .0  10.4  33.2    .0   5.4    .2    .2



*** RESULTS OF CROP GROWTH MODEL NWHEAT *** SUMMARY OF OUTPUT FOR WINTER WHEAT AND YIELD STATISTICS ***

Name of run: R6DW1, Station= 6675D, Soil=   1, Crop=   1, Organic M.=   1, Nsoil=   1, IRR=   0, Runof=  .00
 Roth., UKTR scen.(downscal) dec.66-75, Var. change,wat-lim. prod.,CO2 353ppm    


YEAR     SOW EMERG  ANTH  HALT   WRT   WLV    WST   WGR    TAGB     HI  LAIM PARAB  RUE   DWAV RAIN  ESOIL   TRANS DRAIN RUNOF IRR  WUE MINOM MINFM DNTOT NRAIN NGIFT NUPT  NLEACH NIMMO  NUE  DNFM  NBIOM
1902     283   291   156   201  1165.  2085.  7538.  9007. 18629.   .48  4.90  713.  2.61  140.  502.  133.    294. 215.   0.   0.  4.36 123.2   6.6-109.6  10.0 260.0 271.2  15.8    .0  68.7  39.3  32.8
1903     283   294   153   189  1099.  1995.  7725.  8365. 18084.   .46  4.67  640.  2.83  181.  729.  147.    319. 444.   0.   0.  3.88 120.1   6.5-103.8  14.6 260.0 249.3  45.0    .0  72.5  39.3  32.7
1904     283   296   149   198   829.  1582.  6984.  9163. 17729.   .52  3.78  650.  2.73  160.  577.  158.    271. 307.   0.   0.  4.14 115.9   6.5-130.3  11.5 260.0 233.8  28.5    .0  75.8  39.2  32.6
1905     283   293   151   193  1470.  2690.  7488.  9540. 19718.   .48  6.21  756.  2.61  198.  655.  128.    333. 393.   0.   0.  4.28 120.5   6.5 -55.0  13.1 260.0 299.4  41.3    .0  65.9  39.3  32.7
1906     283   297   153   202   897.  1682.  6569.  8984. 17235.   .52  4.01  631.  2.73  165.  611.  160.    253. 362.   0.   0.  4.17 117.9   6.5-126.7  12.2 260.0 228.5  38.9    .0  75.4  39.2  32.7
1907     283   293   156   201  1556.  2864.  7419.  5110. 15394.   .33  6.67  749.  2.05  208.  550.  114.    316. 329.   0.   0.  3.58 115.5   6.5 -52.2  11.0 260.0 304.4  32.3    .0  50.6  39.2  32.6
1908     283   294   158   203  1497.  2815.  8770. 10154. 21739.   .47  6.58  850.  2.56  142.  638.  109.    347. 324.   0.   0.  4.77 119.5   6.5 -38.3  12.8 260.0 324.9  31.4    .0  66.9  39.3  32.7
1909     283   295   159   198   793.  1479.  6792.  7142. 15412.   .46  3.52  583.  2.64  111.  554.  178.    224. 263.   0.   0.  3.83 113.4   6.5-150.1  11.1 260.0 216.5  22.9    .0  71.2  39.1  32.6
1910     283   293   153   199   902.  1654.  6938.  8560. 17152.   .50  3.92  687.  2.50  124.  604.  167.    257. 304.   0.   0.  4.05 120.2   6.5-137.8  12.1 260.0 230.0  29.3    .0  74.6  39.3  32.7
1911     283   293   154   199  1166.  2190.  7472.  9899. 19560.   .51  5.20  756.  2.59  203.  500.  131.    323. 249.   0.   0.  4.31 121.3   6.5 -96.1  10.0 260.0 278.7  19.9    .0  70.2  39.3  32.7
1912     283   297   149   195  1048.  1963.  7225.  9405. 18593.   .51  4.67  633.  2.94  130.  598.  141.    306. 281.   0.   0.  4.15 117.8   6.5-114.4  12.0 260.0 254.5  24.9    .0  73.0  39.2  32.7
1913     283   296   159   217  1007.  1904.  7247. 11344. 20495.   .55  4.54  804.  2.55  163.  734.  192.    303. 401.   0.   0.  4.14 117.3   6.5 -93.2  14.7 260.0 260.8  42.8    .0  78.6  39.2  32.7
1914     283   296   148   198   900.  1712.  6727.  9702. 18141.   .53  4.10  640.  2.84  132.  509.  149.    272. 220.   0.   0.  4.31 118.8   6.5-139.3  10.2 260.0 239.4  15.2    .0  75.8  39.2  32.7
1915     283   294   151   193   911.  1651.  6560.  8154. 16365.   .50  3.91  661.  2.48  173.  666.  163.    310. 366.   0.   0.  3.46 123.8   6.6-123.7  13.3 260.0 236.9  38.7    .0  69.1  39.4  32.8
1916     283   291   144   200   936.  1758.  6839.  6485. 15082.   .43  4.19  665.  2.27  177.  506.  161.    273. 249.   0.   0.  3.48 117.7   6.5-117.9  10.1 260.0 254.2  20.5    .0  59.3  39.2  32.7
1917     283   297   150   212  1201.  2277.  7398. 11598. 21273.   .55  5.37  784.  2.71  192.  551.  153.    342. 248.   0.   0.  4.30 122.8   6.6 -94.3  11.0 260.0 283.3  20.3    .0  75.1  39.3  32.8
1918     283   293   148   199   830.  1549.  6310.  8593. 16452.   .52  3.71  659.  2.49  213.  535.  182.    289. 277.   0.   0.  3.49 118.7   6.5-145.5  10.7 260.0 224.2  24.8    .0  73.4  39.2  32.7
1919     283   293   148   193  1209.  2225.  7775.  8714. 18714.   .47  5.22  736.  2.54  192.  582.  140.    315. 319.   0.   0.  4.11 121.7   6.6 -87.8  11.6 260.0 278.0  30.3    .0  67.3  39.3  32.8
1920     283   296   151   200  1165.  2179.  8777.  9645. 20601.   .47  5.14  763.  2.70  184.  659.  125.    329. 390.   0.   0.  4.55 124.0   6.6 -97.9  13.2 260.0 263.1  39.0    .0  78.3  39.4  32.8
1921     283   296   153   196  1327.  2503.  8461.  5986. 16951.   .35  5.88  809.  2.09  196.  430.  121.    276. 229.   0.   0.  4.27 111.2   6.5 -64.6   8.6 260.0 300.1  18.0    .0  56.5  39.0  32.5
1922     283   292   150   191  1299.  2270.  7224.  6340. 15834.   .40  5.31  721.  2.20  207.  509.  121.    315. 279.   0.   0.  3.63 123.7   6.6-106.2  10.2 260.0 268.4  22.3    .0  59.0  39.4  32.8
1923     283   292   149   189  1324.  2374.  7132.  8019. 17524.   .46  5.53  675.  2.60  201.  482.  130.    357. 197.   0.   0.  3.60 118.2   6.5 -97.3   9.6 260.0 280.0  13.4    .0  62.6  39.2  32.7
1924     283   295   152   195   894.  1685.  6743.  8585. 17013.   .50  4.01  629.  2.71  187.  599.  163.    271. 352.   0.   0.  3.92 114.2   6.5-110.6  12.0 260.0 243.6  36.6    .0  69.8  39.1  32.6
1925     283   294   147   203   857.  1623.  6692.  9771. 18085.   .54  3.90  703.  2.57  200.  546.  182.    297. 267.   0.   0.  3.77 119.3   6.5-135.1  10.9 260.0 237.7  22.8    .0  76.1  39.3  32.7
1926     283   294   145   190  1026.  1926.  6891.  9340. 18158.   .51  4.57  652.  2.79  196.  676.  146.    323. 404.   0.   0.  3.88 122.6   6.6-101.2  13.5 260.0 259.4  38.4    .0  70.0  39.3  32.8
1927     283   293   152   197  1215.  2285.  7198. 10451. 19934.   .52  5.38  677.  2.94   24.  608.  113.    296. 223.   0.   0.  4.88 125.2   6.6-116.1  12.2 260.0 271.3  13.6    .0  73.5  39.4  32.8
1928     283   295   146   194  1105.  2052.  6369.  9494. 17915.   .53  4.82  615.  2.91  184.  618.  140.    350. 312.   0.   0.  3.66 126.3   6.6-113.9  12.4 260.0 257.7  30.3    .0  69.5  39.4  32.8
1929     283   294   155   195  1298.  2427.  8381.  9926. 20734.   .48  5.67  781.  2.65  187.  567.  144.    311. 299.   0.   0.  4.56 119.8   6.5 -63.7  11.3 260.0 301.3  28.7    .0  68.8  39.3  32.7
1930     283   295   154   193  1088.  2018.  6550.  8503. 17071.   .50  4.78  673.  2.54  147.  603.  128.    346. 276.   0.   0.  3.60 122.2   6.6-123.0  12.1 260.0 253.9  19.6    .0  67.2  39.3  32.8
1931     283   294   150   192  1089.  2084.  6894.  9204. 18182.   .51  4.94  636.  2.86  156.  562.  138.    348. 232.   0.   0.  3.74 117.3   6.5-117.7  11.2 260.0 256.1  18.2    .0  71.0  39.2  32.7

 MEANS over  30 years  :
        283.  294.  151.  198.  1103.  2050.  7236.  8839. 18126.   .49  4.84  698.  2.61  169.  582.  145.    306. 300.   0.   0.  4.03 119.7   6.5-105.4  11.6 260.0 262.0  27.5    .0  69.5  39.3  32.7
 STANDARD DEVIATIONS  :
          0.    2.    4.    6.   206.   372.   655.  1449.  1746.   .05   .84   66.   .22   38.   70.   22.     32.  64.   0.   0.   .38   3.5    .0  27.7   1.4    .0  26.2   9.2    .0   6.5    .1    .1
 VARIATION COEFFICIENTS (%)  : 
          .0    .6   2.5   3.1   18.7   18.1    9.1   16.4    9.6  10.5  17.3   9.5   8.5  22.8  12.1  14.9    10.6 21.4   .0   .0   9.5   2.9    .2  26.3  12.1    .0  10.0  33.5    .0   9.3    .2    .2



*** RESULTS OF CROP GROWTH MODEL NWHEAT *** SUMMARY OF OUTPUT FOR WINTER WHEAT AND YIELD STATISTICS ***

Name of run: R6DP3, Station= 6675D, Soil=   1, Crop=   3, Organic M.=   1, Nsoil=   1, IRR=   1, Runof=  .00
 Roth., UKTR scen.(downscal) dec.66-75, Var. change, pot. prod., CO2 617 ppm     


YEAR     SOW EMERG  ANTH  HALT   WRT   WLV    WST   WGR    TAGB     HI  LAIM PARAB  RUE   DWAV RAIN  ESOIL   TRANS DRAIN RUNOF IRR  WUE MINOM MINFM DNTOT NRAIN NGIFT NUPT  NLEACH NIMMO  NUE  DNFM  NBIOM
1902     283   291   156   201  1230.  2214.  8435. 10818. 21467.   .50  4.81  703.  3.05   39.  502.  137.    267. 217.   0.  80.  5.32 125.9   6.6 -98.6  10.0 260.0 284.9  16.1    .0  75.4  39.4  32.8
1903     283   294   153   189  1177.  2157. 10387.  9116. 21660.   .42  4.67  636.  3.41   70.  729.  152.    289. 458.   0. 100.  4.91 124.3   6.6 -92.8  14.6 260.0 263.8  45.4    .0  82.1  39.4  32.8
1904     283   296   149   198   880.  1682.  8824. 10205. 20711.   .49  3.72  640.  3.23   81.  577.  169.    243. 315.   0.  70.  5.02 118.5   6.5-118.7  11.5 260.0 247.4  29.0    .0  83.7  39.2  32.7
1905     283   293   151   193  1584.  2943.  8743. 11785. 23471.   .50  6.27  749.  3.13   76.  655.  132.    312. 397.   0. 110.  5.28 125.6   6.6 -45.1  13.1 260.0 313.7  41.8    .0  74.8  39.4  32.8
1906     283   297   153   202   953.  1786.  7625. 10770. 20180.   .53  3.93  623.  3.24   85.  611.  164.    228. 365.   0.  60.  5.15 123.3   6.6-117.7  12.2 260.0 243.3  39.2    .0  82.9  39.3  32.8
1907     283   293   156   201  1674.  3129.  8774. 11279. 23183.   .49  6.74  751.  3.09   73.  550.  117.    362. 333.   0. 190.  4.83 125.9   6.6 -41.7  11.0 260.0 323.6  32.9    .0  71.7  39.4  32.8
1908     283   294   158   203  1578.  2994.  9891. 12553. 25438.   .49  6.47  840.  3.03   33.  638.  113.    321. 327.   0.  90.  5.87 123.9   6.6 -32.6  12.8 260.0 334.3  31.9    .0  76.1  39.4  32.8
1909     283   295   159   198   850.  1588.  7799.  8880. 18267.   .49  3.50  574.  3.18   80.  554.  181.    198. 265.   0.  10.  4.81 114.0   6.5-131.2  11.1 260.0 235.7  23.2    .0  77.5  39.1  32.6
1910     283   293   153   199   948.  1735.  8518.  9443. 19696.   .48  3.80  671.  2.93   64.  604.  173.    228. 307.   0.  40.  4.92 122.2   6.6-123.4  12.1 260.0 245.8  29.8    .0  80.1  39.3  32.8
1911     283   293   154   199  1233.  2323.  9480. 11772. 23575.   .50  5.11  747.  3.16   83.  500.  139.    301. 254.   0. 110.  5.36 126.8   6.6 -87.4  10.0 260.0 292.5  20.4    .0  80.6  39.4  32.8
1912     283   297   149   195  1135.  2137.  8317. 11319. 21773.   .52  4.69  630.  3.45   37.  598.  142.    280. 283.   0.  70.  5.16 122.0   6.6 -98.9  12.0 260.0 273.8  25.2    .0  79.5  39.3  32.8
1913     283   296   159   217  1051.  1987.  9475. 12335. 23797.   .52  4.38  787.  3.02   67.  734.  198.    269. 403.   0.  70.  5.09 123.1   6.6 -85.8  14.7 260.0 273.8  43.0    .0  86.9  39.3  32.8
1914     283   296   148   198   952.  1821.  8423. 11032. 21275.   .52  4.04  630.  3.38   66.  509.  153.    243. 228.   0.  50.  5.37 122.6   6.6-122.8  10.2 260.0 259.0  15.8    .0  82.2  39.3  32.8
1915     283   294   151   193   952.  1728.  7334.  9736. 18799.   .52  3.78  650.  2.89   89.  666.  168.    275. 372.   0.  60.  4.24 126.5   6.6-119.8  13.3 260.0 244.3  39.5    .0  76.9  39.4  32.8
1916     283   291   144   200   999.  1887.  7862. 11480. 21229.   .54  4.16  669.  3.17   68.  506.  160.    281. 252.   0. 120.  4.81 128.1   6.6-113.4  10.1 260.0 268.8  20.9    .0  79.0  39.4  32.9
1917     283   297   150   212  1279.  2444. 10039. 12636. 25119.   .50  5.33  777.  3.23   76.  551.  157.    320. 250.   0. 100.  5.27 128.8   6.6 -90.2  11.0 260.0 293.2  20.5    .0  85.7  39.5  32.9
1918     283   293   148   199   869.  1619.  7509. 10777. 19906.   .54  3.59  648.  3.07   93.  535.  202.    266. 279.   0. 120.  4.25 127.7   6.6-140.5  10.7 260.0 237.3  25.2    .0  83.9  39.4  32.9
1919     283   293   148   193  1314.  2438.  8956. 12101. 23495.   .52  5.27  736.  3.19   80.  582.  140.    306. 326.   0. 110.  5.27 129.9   6.6 -76.4  11.6 260.0 297.3  30.9    .0  79.0  39.5  32.9
1920     283   296   151   200  1239.  2327. 10968. 10537. 23832.   .44  5.06  755.  3.16   89.  659.  133.    299. 396.   0.  80.  5.51 126.9   6.6 -86.4  13.2 260.0 277.8  39.4    .0  85.8  39.4  32.9
1921     283   296   153   196  1421.  2698.  9683. 12065. 24446.   .49  5.85  815.  3.00   69.  430.  118.    320. 230.   0. 170.  5.57 122.6   6.6 -58.8   8.6 260.0 316.8  18.2    .0  77.2  39.3  32.8
1922     283   292   150   191  1407.  2485.  8827. 10991. 22303.   .49  5.36  725.  3.07   63.  509.  122.    344. 285.   0. 180.  4.78 133.0   6.6 -86.6  10.2 260.0 296.6  22.5    .0  75.2  39.5  32.9
1923     283   292   149   189  1438.  2603.  9275. 11079. 22957.   .48  5.59  672.  3.42   77.  482.  132.    355. 210.   0. 138.  4.71 126.6   6.6 -80.0   9.6 260.0 304.0  14.6    .0  75.5  39.4  32.8
1924     283   295   152   195   957.  1815.  8168. 10401. 20384.   .51  4.00  621.  3.28   80.  599.  166.    248. 355.   0.  90.  4.92 119.0   6.5-101.3  12.0 260.0 257.2  37.1    .0  79.3  39.2  32.7
1925     283   294   147   203   917.  1744.  9855. 11523. 23123.   .50  3.89  699.  3.31   73.  546.  187.    291. 271.   0. 130.  4.84 127.3   6.6-113.9  10.9 260.0 265.8  23.4    .0  87.0  39.4  32.9
1926     283   294   145   190  1093.  2075.  8278. 10780. 21133.   .51  4.55  644.  3.28   89.  676.  154.    291. 410.   0.  90.  4.75 126.9   6.6 -99.8  13.5 260.0 265.6  39.0    .0  79.6  39.4  32.9
1927     283   293   152   197  1351.  2547.  9187. 11774. 23507.   .50  5.53  683.  3.44   18.  608.  123.    277. 242.   0.  16.  5.88 126.2   6.6 -86.9  12.2 260.0 300.3  14.3    .0  78.3  39.4  32.8
1928     283   295   146   194  1198.  2251.  7721. 11021. 20993.   .52  4.88  614.  3.42   88.  618.  140.    320. 315.   0.  70.  4.56 130.1   6.6 -99.9  12.4 260.0 275.7  30.6    .0  76.2  39.5  32.9
1929     283   294   155   195  1413.  2659. 10356. 12092. 25107.   .48  5.74  780.  3.22   75.  567.  144.    296. 309.   0. 107.  5.70 124.1   6.6 -49.6  11.3 260.0 318.2  30.0    .0  78.9  39.4  32.8
1930     283   295   154   193  1155.  2149.  8236.  9689. 20074.   .48  4.71  665.  3.02   68.  603.  132.    312. 287.   0.  60.  4.53 124.0   6.6-111.8  12.1 260.0 267.1  20.1    .0  75.1  39.4  32.8
1931     283   294   150   192  1168.  2257.  8784. 10412. 21453.   .49  4.94  627.  3.42   78.  562.  140.    316. 234.   0.  50.  4.71 119.0   6.5-104.1  11.2 260.0 271.0  18.5    .0  79.2  39.2  32.7

 MEANS over  30 years  :
        283.  294.  151.  198.  1180.  2207.  8858. 11013. 22078.   .50  4.81  692.  3.20   71.  582.  150.    289. 306.   0.  91.  5.05 124.8   6.6 -93.9  11.6 260.0 278.3  27.9    .0  79.5  39.4  32.8
 STANDARD DEVIATIONS  :
          0.    2.    4.    6.   227.   419.   918.   973.  1873.   .02   .87   67.   .16   18.   70.   23.     38.  64.   0.  42.   .42   3.8    .0  26.7   1.4    .0  26.7   9.2    .0   3.9    .1    .1
 VARIATION COEFFICIENTS (%)  : 
          .0    .6   2.5   3.1   19.2   19.0   10.4    8.8    8.5   5.0  18.1   9.7   4.9  24.8  12.1  15.5    13.0 21.0   .0 46.4   8.2   3.1    .2  28.4  12.1    .0   9.6  32.9    .0   4.9    .2    .2



*** RESULTS OF CROP GROWTH MODEL NWHEAT *** SUMMARY OF OUTPUT FOR WINTER WHEAT AND YIELD STATISTICS ***

Name of run: R6DW3, Station= 6675D, Soil=   1, Crop=   3, Organic M.=   1, Nsoil=   1, IRR=   0, Runof=  .00
 Roth., UKTR scen.(downscal) dec.66-75, Var. change,wat-lim. prod.,CO2 617ppm    


YEAR     SOW EMERG  ANTH  HALT   WRT   WLV    WST   WGR    TAGB     HI  LAIM PARAB  RUE   DWAV RAIN  ESOIL   TRANS DRAIN RUNOF IRR  WUE MINOM MINFM DNTOT NRAIN NGIFT NUPT  NLEACH NIMMO  NUE  DNFM  NBIOM
1902     283   291   156   201  1230.  2214.  8433. 10815. 21462.   .50  4.81  703.  3.05  119.  502.  136.    267. 217.   0.   0.  5.32 124.0   6.6 -93.6  10.0 260.0 287.8  16.1    .0  74.6  39.4  32.8
1903     283   294   153   189  1177.  2157. 10384.  9116. 21657.   .42  4.67  636.  3.41  168.  729.  149.    289. 458.   0.   0.  4.94 120.7   6.5 -86.3  14.6 260.0 266.7  45.4    .0  81.2  39.3  32.7
1904     283   296   149   198   880.  1682.  8824. 10205. 20710.   .49  3.72  640.  3.23  143.  577.  161.    243. 315.   0.   0.  5.12 116.4   6.5-115.4  11.5 260.0 248.6  29.0    .0  83.3  39.2  32.6
1905     283   293   151   193  1584.  2943.  8742. 11757. 23441.   .50  6.27  749.  3.13  184.  655.  131.    312. 397.   0.   0.  5.30 121.7   6.6 -38.3  13.1 260.0 316.6  41.8    .0  74.0  39.3  32.8
1906     283   297   153   202   953.  1786.  7625. 10768. 20179.   .53  3.93  623.  3.24  145.  611.  163.    228. 365.   0.   0.  5.16 119.9   6.5-112.7  12.2 260.0 244.6  39.2    .0  82.5  39.3  32.7
1907     283   293   156   201  1674.  3129.  8747.  7325. 19201.   .38  6.74  744.  2.58  207.  550.  117.    308. 333.   0.   0.  4.52 116.9   6.5 -35.7  11.0 260.0 321.1  32.9    .0  59.8  39.2  32.7
1908     283   294   158   203  1578.  2994.  9890. 12552. 25436.   .49  6.47  840.  3.03  123.  638.  113.    321. 327.   0.   0.  5.87 120.5   6.5 -27.3  12.8 260.0 336.1  31.9    .0  75.7  39.3  32.7
1909     283   295   159   198   850.  1588.  7799.  8880. 18267.   .49  3.50  574.  3.18   90.  554.  181.    198. 265.   0.   0.  4.82 113.7   6.5-130.8  11.1 260.0 235.7  23.2    .0  77.5  39.1  32.6
1910     283   293   153   199   948.  1735.  8517.  9443. 19696.   .48  3.80  671.  2.93  103.  604.  172.    228. 307.   0.   0.  4.93 120.4   6.5-121.1  12.1 260.0 246.3  29.8    .0  80.0  39.3  32.7
1911     283   293   154   199  1233.  2323.  9472. 11772. 23568.   .50  5.11  747.  3.16  189.  500.  135.    301. 254.   0.   0.  5.41 122.4   6.6 -77.7  10.0 260.0 297.7  20.4    .0  79.2  39.3  32.8
1912     283   297   149   195  1135.  2137.  8316. 11316. 21769.   .52  4.69  630.  3.45  107.  598.  142.    280. 283.   0.   0.  5.16 119.1   6.5 -93.1  12.0 260.0 276.6  25.2    .0  78.7  39.2  32.7
1913     283   296   159   217  1051.  1987.  9472. 12335. 23793.   .52  4.38  787.  3.02  136.  734.  198.    269. 403.   0.   0.  5.10 120.1   6.5 -79.8  14.7 260.0 276.7  43.0    .0  86.0  39.3  32.7
1914     283   296   148   198   952.  1821.  8423. 11032. 21275.   .52  4.04  630.  3.38  115.  509.  153.    243. 228.   0.   0.  5.38 119.4   6.5-119.5  10.2 260.0 259.2  15.8    .0  82.1  39.3  32.7
1915     283   294   151   193   952.  1728.  7332.  9734. 18794.   .52  3.78  650.  2.89  148.  666.  167.    275. 372.   0.   0.  4.25 124.5   6.6-114.5  13.3 260.0 247.1  39.5    .0  76.1  39.4  32.8
1916     283   291   144   200   998.  1887.  7754.  9474. 19115.   .50  4.16  663.  2.88  167.  506.  162.    259. 252.   0.   0.  4.54 119.9   6.5 -99.5  10.1 260.0 274.3  20.9    .0  69.7  39.3  32.7
1917     283   297   150   212  1279.  2444. 10025. 12636. 25105.   .50  5.33  777.  3.23  175.  551.  156.    320. 250.   0.   0.  5.28 125.2   6.6 -79.3  11.0 260.0 300.4  20.5    .0  83.6  39.4  32.8
1918     283   293   148   199   869.  1619.  7482. 10777. 19879.   .54  3.59  648.  3.07  198.  535.  188.    266. 279.   0.   0.  4.38 120.7   6.5-124.9  10.7 260.0 245.2  25.2    .0  81.1  39.3  32.7
1919     283   293   148   193  1314.  2438.  8874. 11440. 22752.   .50  5.27  736.  3.09  181.  582.  140.    297. 326.   0.   0.  5.21 124.0   6.6 -64.9  11.6 260.0 302.6  30.9    .0  75.2  39.4  32.8
1920     283   296   151   200  1239.  2327. 10962. 10537. 23826.   .44  5.06  755.  3.16  164.  659.  128.    299. 396.   0.   0.  5.57 124.7   6.6 -80.8  13.2 260.0 281.1  39.4    .0  84.8  39.4  32.8
1921     283   296   153   196  1421.  2698.  9614.  8443. 20755.   .41  5.85  808.  2.57  194.  430.  121.    272. 230.   0.   0.  5.28 112.4   6.5 -45.4   8.6 260.0 320.0  18.2    .0  64.9  39.1  32.5
1922     283   292   150   191  1407.  2485.  8244.  8882. 19611.   .45  5.36  723.  2.71  205.  509.  121.    308. 285.   0.   0.  4.57 125.0   6.6 -81.1  10.2 260.0 294.2  22.5    .0  66.7  39.4  32.8
1923     283   292   149   189  1422.  2581.  8365. 10923. 21868.   .50  5.55  669.  3.27  195.  482.  132.    343. 203.   0.   0.  4.60 119.5   6.5 -73.8   9.6 260.0 303.9  13.9    .0  72.0  39.3  32.7
1924     283   295   152   195   957.  1815.  8093. 10401. 20309.   .51  4.00  621.  3.27  168.  599.  166.    247. 355.   0.   0.  4.92 116.4   6.5 -92.8  12.0 260.0 262.9  37.1    .0  77.3  39.2  32.6
1925     283   294   147   203   917.  1744.  9540. 11523. 22807.   .51  3.89  699.  3.26  196.  546.  184.    286. 271.   0.   0.  4.85 121.3   6.5-100.2  10.9 260.0 272.8  23.4    .0  83.6  39.3  32.7
1926     283   294   145   190  1093.  2075.  8271. 10780. 21125.   .51  4.55  644.  3.28  174.  676.  149.    291. 410.   0.   0.  4.80 123.9   6.6 -92.9  13.5 260.0 269.4  39.0    .0  78.4  39.4  32.8
1927     283   293   152   197  1294.  2450.  9174. 11612. 23237.   .50  5.32  670.  3.47   18.  608.  116.    269. 241.   0.   0.  6.04 125.4   6.6 -93.8  12.2 260.0 292.8  14.3    .0  79.4  39.4  32.8
1928     283   295   146   194  1198.  2251.  7719. 11021. 20991.   .53  4.88  614.  3.42  157.  618.  140.    320. 315.   0.   0.  4.56 127.5   6.6 -95.3  12.4 260.0 277.5  30.6    .0  75.7  39.4  32.9
1929     283   294   155   195  1394.  2627. 10346. 12044. 25017.   .48  5.67  775.  3.23  174.  567.  146.    293. 303.   0.   0.  5.71 121.1   6.5 -41.6  11.3 260.0 323.9  29.2    .0  77.2  39.3  32.7
1930     283   295   154   193  1155.  2149.  8233.  9689. 20071.   .48  4.71  665.  3.02  127.  603.  131.    312. 287.   0.   0.  4.53 122.7   6.6-107.9  12.1 260.0 269.4  20.1    .0  74.5  39.3  32.8
1931     283   294   150   192  1168.  2257.  8781. 10412. 21450.   .49  4.94  627.  3.42  127.  562.  140.    316. 234.   0.   0.  4.71 118.2   6.5-101.1  11.2 260.0 273.2  18.5    .0  78.5  39.2  32.7

 MEANS over  30 years  :
        283.  294.  151.  198.  1177.  2202.  8782. 10588. 21572.   .49  4.80  691.  3.13  153.  582.  148.    282. 305.   0.   0.  5.03 120.9   6.5 -87.4  11.6 260.0 280.8  27.9    .0  77.1  39.3  32.7
 STANDARD DEVIATIONS  :
          0.    2.    4.    6.   225.   415.   917.  1257.  1923.   .04   .86   66.   .23   41.   70.   22.     33.  65.   0.   0.   .44   3.5    .0  27.3   1.4    .0  26.4   9.2    .0   5.9    .1    .1
 VARIATION COEFFICIENTS (%)  : 
          .0    .6   2.5   3.1   19.1   18.9   10.4   11.9    8.9   7.3  17.9   9.6   7.5  26.7  12.1  15.1    11.6 21.2   .0   .0   8.7   2.9    .2  31.2  12.1    .0   9.4  33.1    .0   7.6    .2    .2



*** RESULTS OF CROP GROWTH MODEL NWHEAT *** SUMMARY OF OUTPUT FOR WINTER WHEAT AND YIELD STATISTICS ***

Name of run: RHDP1, Station= UKHID, Soil=   1, Crop=   1, Organic M.=   1, Nsoil=   1, IRR=   1, Runof=  .00
 Roth., UKHI scen.(downscal), no Var. change, pot. prod., CO2 353 ppm            


YEAR     SOW EMERG  ANTH  HALT   WRT   WLV    WST   WGR    TAGB     HI  LAIM PARAB  RUE   DWAV RAIN  ESOIL   TRANS DRAIN RUNOF IRR  WUE MINOM MINFM DNTOT NRAIN NGIFT NUPT  NLEACH NIMMO  NUE  DNFM  NBIOM
1902     283   290   130   178  1049.  1640.  5927.  9024. 16591.   .54  3.78  607.  2.73   58.  455.  126.    292. 235.   0. 140.  3.97 148.7   6.6-193.4   9.1 260.0 212.0  16.7    .0  78.3  39.7  33.1
1903     283   292   131   173  1033.  1630.  5464.  8160. 15253.   .53  3.78  521.  2.93   83.  792.  136.    298. 491.   0.  50.  3.52 147.2   6.6-182.9  15.8 260.0 200.4  43.9    .0  76.1  39.7  33.1
1904     283   292   125   176   655.  1168.  5138.  7944. 14250.   .56  2.78  501.  2.85   79.  572.  165.    233. 312.   0.  60.  3.58 140.7   6.6-210.6  11.4 260.0 179.7  27.9    .0  79.3  39.6  33.0
1905     283   292   131   168  1299.  2107.  6684.  7935. 16726.   .47  4.84  589.  2.84   76.  641.  120.    321. 397.   0. 120.  3.80 145.7   6.6-139.3  12.8 260.0 245.7  35.0    .0  68.1  39.7  33.1
1906     283   293   134   171   744.  1191.  5468.  6542. 13201.   .50  2.78  477.  2.77   81.  621.  163.    232. 407.   0. 100.  3.34 137.9   6.6-192.3  12.4 260.0 179.7  43.6    .0  73.5  39.6  33.0
1907     283   291   136   174  1454.  2403.  7408.  8478. 18289.   .46  5.55  678.  2.70   75.  580.   93.    367. 345.   0. 150.  3.98 144.0   6.6-113.5  11.6 260.0 275.0  27.6    .0  66.5  39.7  33.1
1908     283   292   133   180  1281.  2146.  7831. 10037. 20014.   .50  4.98  733.  2.73   70.  567.  110.    338. 319.   0. 130.  4.47 145.4   6.6-126.5  11.3 260.0 266.8  26.7    .0  75.0  39.7  33.1
1909     283   293   134   175   619.  1050.  4959.  6229. 12238.   .51  2.48  454.  2.69   89.  487.  181.    210. 255.   0.  70.  3.13 136.3   6.6-227.9   9.7 260.0 163.2  20.9    .0  75.0  39.6  33.0
1910     283   291   132   181   855.  1429.  5978.  8689. 16096.   .54  3.36  621.  2.59   56.  619.  153.    231. 352.   0.  60.  4.19 145.7   6.6-180.4  12.4 260.0 209.0  33.5    .0  77.0  39.7  33.1
1911     283   291   133   175  1083.  1789.  7142.  8886. 17817.   .50  4.18  619.  2.88   80.  522.  123.    297. 283.   0. 100.  4.24 147.5   6.6-160.2  10.4 260.0 241.2  20.4    .0  73.9  39.7  33.1
1912     283   294   127   171   789.  1361.  5626.  7877. 14864.   .53  3.20  494.  3.01   42.  559.  151.    265. 284.   0. 100.  3.57 141.8   6.6-204.5  11.2 260.0 188.4  25.1    .0  78.9  39.6  33.0
1913     283   293   136   185   857.  1477.  6612.  8988. 17077.   .53  3.49  668.  2.56   65.  715.  195.    290. 425.   0. 130.  3.52 140.5   6.6-154.6  14.3 260.0 219.6  45.6    .0  77.8  39.6  33.0
1914     283   293   126   174   822.  1387.  5363.  7844. 14594.   .54  3.26  510.  2.86   86.  546.  144.    263. 275.   0.  50.  3.59 142.5   6.6-207.4  10.9 260.0 192.9  18.5    .0  75.7  39.7  33.0
1915     283   291   128   169   892.  1420.  5912.  7386. 14719.   .50  3.30  535.  2.75   59.  711.  151.    285. 395.   0.  60.  3.38 148.3   6.6-195.0  14.2 260.0 192.7  39.5    .0  76.4  39.7  33.1
1916     283   289   121   166   696.  1156.  4936.  6413. 12505.   .51  2.72  427.  2.93   76.  466.  169.    244. 259.   0. 130.  3.02 143.1   6.6-229.0   9.3 260.0 168.3  20.6    .0  74.3  39.7  33.1
1917     283   294   128   182  1060.  1768.  6338.  9514. 17620.   .54  4.12  617.  2.86   70.  576.  148.    346. 272.   0. 120.  3.56 146.2   6.6-171.5  11.5 260.0 227.1  23.3    .0  77.6  39.7  33.1
1918     283   291   126   164   740.  1222.  5520.  6340. 13083.   .48  2.86  465.  2.81   94.  542.  177.    278. 301.   0. 120.  2.88 142.9   6.6-211.5  10.8 260.0 179.9  27.5    .0  72.7  39.7  33.1
1919     283   291   127   170  1085.  1690.  6260.  8788. 16738.   .53  3.90  586.  2.86   75.  582.  141.    328. 319.   0. 130.  3.57 151.0   6.6-171.8  11.6 260.0 227.5  26.2    .0  73.6  39.7  33.1
1920     283   294   131   178  1113.  1871.  6769.  9015. 17655.   .51  4.36  633.  2.79   54.  698.  123.    300. 419.   0.  90.  4.17 149.7   6.6-149.4  14.0 260.0 241.5  36.8    .0  73.1  39.7  33.1
1921     283   293   129   177  1188.  2010.  7341. 10289. 19640.   .52  4.65  725.  2.71   80.  461.  117.    317. 262.   0. 156.  4.52 145.3   6.6-138.1   9.2 260.0 259.1  21.1    .0  75.8  39.7  33.1
1922     283   290   128   171  1161.  1696.  6092.  7827. 15614.   .50  3.90  581.  2.69   68.  567.  125.    329. 332.   0. 150.  3.44 156.1   6.6-178.3  11.3 260.0 227.8  24.9    .0  68.5  39.8  33.2
1923     283   291   126   166  1180.  1891.  6395.  7956. 16242.   .49  4.36  546.  2.98   70.  529.  123.    363. 251.   0. 139.  3.34 146.6   6.6-188.6  10.6 260.0 216.1  15.6    .0  75.2  39.7  33.1
1924     283   292   128   172   816.  1405.  5558.  7903. 14867.   .53  3.32  521.  2.85   73.  598.  149.    275. 367.   0. 120.  3.51 142.2   6.6-187.1  12.0 260.0 199.7  32.4    .0  74.4  39.7  33.0
1925     283   292   126   176   699.  1184.  5269.  7527. 13980.   .54  2.80  502.  2.79   98.  525.  190.    276. 287.   0. 130.  3.00 146.4   6.6-211.9  10.5 260.0 187.0  23.3    .0  74.8  39.7  33.1
1926     283   292   124   165   820.  1317.  5500.  6626. 13444.   .49  3.06  464.  2.90   85.  722.  155.    266. 446.   0.  60.  3.19 145.8   6.6-196.4  14.4 260.0 191.0  37.6    .0  70.4  39.7  33.1
1927     283   292   131   172  1042.  1797.  6558.  8460. 16815.   .50  4.22  562.  2.99   74.  567.  126.    262. 300.   0.  46.  4.34 145.9   6.6-168.1  11.3 260.0 235.6  17.6    .0  71.4  39.7  33.1
1928     283   293   124   165   961.  1530.  5402.  6902. 13834.   .50  3.51  463.  2.99   86.  653.  135.    315. 348.   0.  60.  3.07 148.6   6.6-190.1  13.1 260.0 203.1  32.5    .0  68.1  39.7  33.1
1929     283   291   132   174  1139.  1860.  7158.  9632. 18650.   .52  4.34  680.  2.74   80.  587.  137.    318. 309.   0.  98.  4.10 146.1   6.6-154.9  11.7 260.0 239.6  27.0    .0  77.8  39.7  33.1
1930     283   292   135   169  1119.  1860.  6520.  7271. 15650.   .46  4.32  576.  2.72   50.  580.  110.    328. 272.   0.  80.  3.57 144.3   6.6-165.1  11.6 260.0 233.3  20.7    .0  67.1  39.7  33.1
1931     283   292   131   169  1041.  1787.  6640.  7759. 16186.   .48  4.16  566.  2.86   58.  527.  124.    315. 265.   0. 120.  3.68 139.5   6.6-149.9  10.5 260.0 242.3  21.4    .0  66.8  39.6  33.0

 MEANS over  30 years  :
        283.  292.  129.  173.   976.  1608.  6126.  8075. 15808.   .51  3.74  564.  2.81   73.  586.  142.    293. 326.   0. 102.  3.64 145.1   6.6-178.3  11.7 260.0 214.8  27.8    .0  73.8  39.7  33.1
 STANDARD DEVIATIONS  :
          0.    1.    4.    5.   208.   331.   769.  1072.  2005.   .02   .75   81.   .11   13.   80.   24.     39.  65.   0.  34.   .44   4.0    .0  28.7   1.6    .0  29.1   8.3    .0   3.7    .0    .0
 VARIATION COEFFICIENTS (%)  : 
          .0    .4   2.9   3.1   21.3   20.6   12.6   13.3   12.7   4.7  20.0  14.4   4.0  17.8  13.7  17.2    13.5 19.9   .0 33.3  12.2   2.7    .1  16.1  13.7    .0  13.6  30.0    .0   5.1    .1    .1



*** RESULTS OF CROP GROWTH MODEL NWHEAT *** SUMMARY OF OUTPUT FOR WINTER WHEAT AND YIELD STATISTICS ***

Name of run: RHDW1, Station= UKHID, Soil=   1, Crop=   1, Organic M.=   1, Nsoil=   1, IRR=   0, Runof=  .00
 Roth., UKHI scen.(downscal), no Var. change,wat-lim. prod.,CO2 353ppm           


YEAR     SOW EMERG  ANTH  HALT   WRT   WLV    WST   WGR    TAGB     HI  LAIM PARAB  RUE   DWAV RAIN  ESOIL   TRANS DRAIN RUNOF IRR  WUE MINOM MINFM DNTOT NRAIN NGIFT NUPT  NLEACH NIMMO  NUE  DNFM  NBIOM
1902     283   290   130   178  1049.  1640.  5716.  8470. 15827.   .54  3.78  606.  2.61  180.  455.  123.    277. 235.   0.   0.  3.95 140.3   6.6-178.0   9.1 260.0 218.6  16.7    .0  72.4  39.6  33.0
1903     283   292   131   173  1033.  1630.  5463.  8159. 15252.   .53  3.78  521.  2.93  132.  792.  135.    298. 491.   0.   0.  3.53 145.4   6.6-179.8  15.8 260.0 201.7  43.9    .0  75.6  39.7  33.1
1904     283   292   125   176   655.  1168.  5138.  7944. 14249.   .56  2.78  501.  2.85  136.  572.  162.    233. 312.   0.   0.  3.60 137.2   6.6-206.5  11.4 260.0 180.4  27.9    .0  79.0  39.6  33.0
1905     283   292   131   168  1299.  2107.  6678.  7744. 16529.   .47  4.84  589.  2.81  193.  641.  119.    318. 397.   0.   0.  3.78 140.4   6.6-121.9  12.8 260.0 256.9  35.0    .0  64.3  39.6  33.0
1906     283   293   134   171   744.  1191.  5468.  6542. 13201.   .50  2.78  477.  2.77  169.  621.  151.    232. 407.   0.   0.  3.45 130.5   6.6-185.3  12.4 260.0 179.2  43.6    .0  73.6  39.5  32.9
1907     283   291   136   174  1454.  2403.  7397.  6679. 16479.   .41  5.55  675.  2.44  192.  580.   94.    333. 345.   0.   0.  3.86 136.4   6.6-104.1  11.6 260.0 277.4  27.6    .0  59.4  39.6  33.0
1908     283   292   133   180  1281.  2146.  7815.  9206. 19167.   .48  4.98  733.  2.62  184.  567.  109.    323. 319.   0.   0.  4.44 137.4   6.6-107.6  11.3 260.0 277.4  26.7    .0  69.1  39.6  33.0
1909     283   293   134   175   619.  1050.  4959.  6228. 12237.   .51  2.48  454.  2.69  154.  487.  176.    210. 255.   0.   0.  3.17 133.5   6.6-224.2   9.7 260.0 164.1  20.9    .0  74.6  39.5  32.9
1910     283   291   132   181   855.  1429.  5978.  8689. 16096.   .54  3.36  621.  2.59  116.  619.  153.    231. 352.   0.   0.  4.20 144.7   6.6-179.1  12.4 260.0 209.3  33.5    .0  76.9  39.7  33.1
1911     283   291   133   175  1083.  1789.  7141.  8882. 17811.   .50  4.18  619.  2.88  178.  522.  121.    297. 283.   0.   0.  4.26 143.7   6.6-153.1  10.4 260.0 244.1  20.4    .0  73.0  39.7  33.1
1912     283   294   127   171   789.  1361.  5617.  7877. 14855.   .53  3.20  494.  3.01  141.  559.  150.    265. 284.   0.   0.  3.57 137.0   6.6-194.4  11.2 260.0 192.9  25.1    .0  77.0  39.6  33.0
1913     283   293   136   185   857.  1477.  6590.  7856. 15923.   .49  3.49  662.  2.40  174.  715.  195.    269. 425.   0.   0.  3.43 131.4   6.6-138.6  14.3 260.0 225.6  45.6    .0  70.6  39.5  32.9
1914     283   293   126   174   822.  1387.  5363.  7845. 14594.   .54  3.26  510.  2.86  134.  546.  142.    263. 275.   0.   0.  3.60 138.4   6.6-203.9  10.9 260.0 192.4  18.5    .0  75.8  39.6  33.0
1915     283   291   128   169   892.  1420.  5912.  7386. 14718.   .50  3.30  535.  2.75  118.  711.  149.    285. 395.   0.   0.  3.39 146.2   6.6-192.5  14.2 260.0 193.1  39.5    .0  76.2  39.7  33.1
1916     283   289   121   166   696.  1156.  4939.  6318. 12414.   .51  2.72  427.  2.91  192.  466.  155.    243. 259.   0.   0.  3.11 133.2   6.6-223.0   9.3 260.0 164.5  20.6    .0  75.5  39.5  32.9
1917     283   294   128   182  1060.  1768.  6280.  9182. 17229.   .53  4.12  617.  2.79  182.  576.  147.    338. 272.   0.   0.  3.55 138.3   6.6-155.0  11.5 260.0 234.8  23.3    .0  73.4  39.6  33.0
1918     283   291   126   164   740.  1222.  5518.  6133. 12874.   .48  2.86  465.  2.77  200.  542.  167.    274. 301.   0.   0.  2.92 136.7   6.6-200.9  10.8 260.0 184.3  27.5    .0  69.9  39.6  33.0
1919     283   291   127   170  1085.  1690.  6247.  8566. 16503.   .52  3.90  586.  2.82  198.  582.  140.    322. 319.   0.   0.  3.57 141.1   6.6-155.4  11.6 260.0 233.4  26.2    .0  70.7  39.6  33.0
1920     283   294   131   178  1113.  1871.  6768.  9013. 17652.   .51  4.36  633.  2.79  144.  698.  123.    300. 419.   0.   0.  4.17 144.4   6.6-139.3  14.0 260.0 246.2  36.8    .0  71.7  39.7  33.1
1921     283   293   129   177  1183.  2006.  7302.  9543. 18851.   .51  4.64  723.  2.61  209.  461.  116.    297. 256.   0.   0.  4.56 136.4   6.6-139.4   9.2 260.0 249.9  20.4    .0  75.4  39.6  33.0
1922     283   290   128   171  1161.  1696.  6084.  6932. 14712.   .47  3.90  579.  2.54  194.  567.  123.    306. 332.   0.   0.  3.43 146.5   6.6-165.8  11.3 260.0 230.4  24.9    .0  63.8  39.7  33.1
1923     283   291   126   166  1161.  1870.  5874.  7929. 15672.   .51  4.32  542.  2.89  191.  529.  123.    351. 245.   0.   0.  3.30 141.1   6.6-176.0  10.6 260.0 223.7  15.0    .0  70.1  39.6  33.0
1924     283   292   128   172   816.  1405.  5556.  7840. 14802.   .53  3.32  521.  2.84  190.  598.  148.    273. 367.   0.   0.  3.52 135.4   6.6-175.1  12.0 260.0 204.6  32.4    .0  72.3  39.6  33.0
1925     283   292   126   176   699.  1184.  5266.  7244. 13695.   .53  2.80  501.  2.73  205.  525.  173.    270. 287.   0.   0.  3.09 135.9   6.6-195.1  10.5 260.0 192.7  23.3    .0  71.1  39.6  33.0
1926     283   292   124   165   820.  1317.  5500.  6626. 13443.   .49  3.06  464.  2.90  145.  722.  155.    266. 446.   0.   0.  3.19 141.9   6.6-192.0  14.4 260.0 191.4  37.6    .0  70.2  39.7  33.0
1927     283   292   131   172   999.  1737.  6491.  8358. 16587.   .50  4.08  552.  3.00  103.  567.  118.    254. 298.   0.   0.  4.46 144.4   6.6-171.1  11.3 260.0 231.3  17.7    .0  71.7  39.7  33.1
1928     283   293   124   165   961.  1530.  5401.  6900. 13831.   .50  3.51  463.  2.99  146.  653.  135.    315. 348.   0.   0.  3.07 147.4   6.6-187.1  13.1 260.0 204.7  32.5    .0  67.6  39.7  33.1
1929     283   291   132   174  1128.  1848.  7143.  9603. 18594.   .52  4.31  678.  2.74  169.  587.  137.    316. 302.   0.   0.  4.10 140.6   6.6-149.7  11.7 260.0 240.2  26.2    .0  77.4  39.6  33.0
1930     283   292   135   169  1119.  1860.  6519.  7269. 15647.   .46  4.32  576.  2.72  129.  580.  109.    328. 272.   0.   0.  3.58 141.5   6.6-160.1  11.6 260.0 235.4  20.7    .0  66.5  39.6  33.0
1931     283   292   131   169  1041.  1787.  6632.  7101. 15520.   .46  4.16  566.  2.74  165.  527.  124.    303. 265.   0.   0.  3.64 133.0   6.6-134.9  10.5 260.0 249.5  21.4    .0  62.2  39.5  32.9

 MEANS over  30 years  :
        283.  292.  129.  173.   974.  1605.  6092.  7802. 15499.   .50  3.74  563.  2.77  165.  586.  139.    286. 325.   0.   0.  3.65 139.3   6.6-169.6  11.7 260.0 217.7  27.7    .0  71.6  39.6  33.0
 STANDARD DEVIATIONS  :
          0.    1.    4.    5.   207.   329.   764.   994.  1820.   .03   .74   81.   .15   29.   80.   22.     35.  65.   0.   0.   .44   4.6    .0  30.6   1.6    .0  30.3   8.4    .0   4.7    .1    .0
 VARIATION COEFFICIENTS (%)  : 
          .0    .4   2.9   3.1   21.2   20.5   12.5   12.7   11.7   6.1  19.9  14.3   5.4  17.8  13.7  16.1    12.3 20.1   .0   .0  12.0   3.3    .2  18.1  13.7    .0  13.9  30.2    .0   6.5    .2    .1



*** RESULTS OF CROP GROWTH MODEL NWHEAT *** SUMMARY OF OUTPUT FOR WINTER WHEAT AND YIELD STATISTICS ***

Name of run: RHDP4, Station= UKHID, Soil=   1, Crop=   4, Organic M.=   1, Nsoil=   1, IRR=   1, Runof=  .00
 Roth., UKHI scen.(downscal), no Var. change, pot. prod., CO2 646 ppm            


YEAR     SOW EMERG  ANTH  HALT   WRT   WLV    WST   WGR    TAGB     HI  LAIM PARAB  RUE   DWAV RAIN  ESOIL   TRANS DRAIN RUNOF IRR  WUE MINOM MINFM DNTOT NRAIN NGIFT NUPT  NLEACH NIMMO  NUE  DNFM  NBIOM
1902     283   290   130   178  1128.  1794.  8047.  9957. 19798.   .50  3.78  602.  3.29   61.  455.  128.    260. 239.   0. 110.  5.11 148.3   6.6-170.7   9.1 260.0 233.7  17.0    .0  84.7  39.7  33.1
1903     283   292   131   173  1147.  1845.  7703.  9236. 18785.   .49  3.91  524.  3.58   87.  792.  133.    269. 506.   0.  30.  4.67 147.2   6.6-155.7  15.8 260.0 227.6  43.4    .0  82.5  39.7  33.1
1904     283   292   125   176   713.  1290.  6704.  9148. 17142.   .53  2.81  500.  3.43   77.  572.  165.    206. 319.   0.  40.  4.62 139.8   6.6-190.3  11.4 260.0 198.4  28.4    .0  86.4  39.6  33.0
1905     283   292   131   168  1448.  2383.  8054.  9788. 20226.   .48  4.99  590.  3.43   76.  641.  118.    293. 405.   0. 100.  4.91 145.5   6.6-116.2  12.8 260.0 269.6  34.2    .0  75.0  39.7  33.1
1906     283   293   134   171   812.  1322.  6911.  7939. 16172.   .49  2.83  478.  3.38   89.  621.  161.    206. 412.   0.  70.  4.40 137.7   6.6-174.1  12.4 260.0 197.3  43.8    .0  82.0  39.6  33.0
1907     283   291   136   174  1579.  2644.  8716. 10380. 21739.   .48  5.58  673.  3.23   70.  580.   95.    330. 355.   0. 130.  5.12 143.7   6.6 -92.6  11.6 260.0 295.5  27.8    .0  73.6  39.7  33.1
1908     283   292   133   180  1408.  2381.  9613. 12420. 24415.   .51  5.09  739.  3.30   66.  567.  106.    311. 325.   0. 110.  5.85 145.2   6.6 -93.8  11.3 260.0 298.9  26.7    .0  81.7  39.7  33.1
1909     283   293   134   175   667.  1143.  5875.  7757. 14775.   .53  2.48  451.  3.27   97.  487.  182.    183. 260.   0.  40.  4.05 135.8   6.6-210.1   9.7 260.0 179.9  21.4    .0  82.1  39.6  33.0
1910     283   291   132   181   921.  1552.  7759.  9839. 19150.   .51  3.33  617.  3.11   55.  619.  155.    202. 358.   0.  40.  5.37 145.7   6.6-159.4  12.4 260.0 229.9  33.8    .0  83.3  39.7  33.1
1911     283   291   133   175  1189.  1990.  8383. 10866. 21239.   .51  4.25  619.  3.43   77.  522.  123.    267. 290.   0.  80.  5.45 147.7   6.6-140.6  10.4 260.0 260.9  20.2    .0  81.4  39.7  33.1
1912     283   294   127   171   884.  1544.  8070.  8895. 18510.   .48  3.33  499.  3.71   38.  559.  148.    240. 288.   0.  80.  4.76 141.7   6.6-178.5  11.2 260.0 213.6  25.6    .0  86.7  39.6  33.0
1913     283   293   136   185   926.  1616.  7893. 10714. 20224.   .53  3.50  667.  3.03   64.  715.  195.    254. 429.   0. 100.  4.50 140.2   6.6-134.5  14.3 260.0 238.9  46.0    .0  84.7  39.6  33.0
1914     283   293   126   174   899.  1543.  6479.  9561. 17583.   .54  3.33  509.  3.45   81.  546.  143.    233. 290.   0.  40.  4.67 142.2   6.6-183.8  10.9 260.0 216.1  18.3    .0  81.3  39.7  33.0
1915     283   291   128   169   989.  1607.  8135.  8179. 17921.   .46  3.42  539.  3.33   62.  711.  148.    257. 409.   0.  40.  4.43 148.3   6.6-175.0  14.2 260.0 212.4  39.6    .0  84.4  39.7  33.1
1916     283   289   121   166   773.  1308.  5885.  8221. 15415.   .53  2.82  432.  3.57   75.  466.  165.    220. 265.   0. 110.  4.00 142.8   6.6-206.2   9.3 260.0 190.3  20.9    .0  81.0  39.7  33.1
1917     283   294   128   182  1180.  2006.  8072. 10976. 21054.   .52  4.27  620.  3.40   69.  576.  145.    315. 276.   0.  90.  4.58 146.1   6.6-145.8  11.5 260.0 252.2  23.7    .0  83.5  39.7  33.1
1918     283   291   126   164   813.  1359.  6603.  8042. 16004.   .50  2.92  468.  3.42   98.  542.  175.    249. 306.   0.  90.  3.78 142.6   6.6-188.5  10.8 260.0 201.9  28.0    .0  79.3  39.7  33.0
1919     283   291   127   170  1222.  1938.  8175. 10243. 20357.   .50  4.08  589.  3.46   74.  582.  138.    296. 333.   0. 110.  4.69 150.9   6.6-149.6  11.6 260.0 250.0  26.1    .0  81.4  39.7  33.1
1920     283   294   131   178  1229.  2097.  8024. 10615. 20736.   .51  4.46  632.  3.28   56.  698.  123.    271. 430.   0.  70.  5.26 149.3   6.6-127.8  14.0 260.0 263.0  36.1    .0  78.9  39.7  33.1
1921     283   293   129   177  1329.  2275.  9945. 11879. 24098.   .49  4.84  734.  3.28   74.  461.  111.    294. 265.   0. 136.  5.94 145.4   6.6-107.4   9.2 260.0 289.3  21.2    .0  83.3  39.7  33.1
1922     283   290   128   171  1301.  1919.  7295.  9630. 18844.   .51  4.02  583.  3.23   66.  567.  123.    298. 341.   0. 130.  4.47 156.0   6.6-153.2  11.3 260.0 253.5  23.7    .0  74.3  39.8  33.2
1923     283   291   126   166  1312.  2142.  8686.  9042. 19869.   .46  4.50  545.  3.65   75.  529.  123.    327. 263.   0. 109.  4.42 146.8   6.6-164.7  10.6 260.0 240.0  15.3    .0  82.8  39.7  33.1
1924     283   292   128   172   888.  1547.  7041.  9387. 17976.   .52  3.35  518.  3.47   79.  598.  150.    242. 375.   0.  90.  4.58 142.0   6.6-165.8  12.0 260.0 220.6  32.4    .0  81.5  39.7  33.0
1925     283   292   126   176   771.  1320.  6240.  9494. 17054.   .56  2.87  504.  3.38   94.  525.  189.    245. 296.   0. 110.  3.93 146.1   6.6-190.3  10.5 260.0 207.9  23.7    .0  82.0  39.7  33.1
1926     283   292   124   165   900.  1471.  6590.  8206. 16267.   .50  3.13  463.  3.51   78.  722.  155.    235. 459.   0.  50.  4.17 145.6   6.6-172.6  14.4 260.0 215.3  36.8    .0  75.6  39.7  33.1
1927     283   292   131   172  1167.  2048.  7862. 10277. 20188.   .51  4.39  564.  3.58   79.  567.  124.    237. 312.   0.  26.  5.60 145.8   6.6-144.3  11.3 260.0 259.0  17.5    .0  77.9  39.7  33.1
1928     283   293   124   165  1079.  1756.  6580.  8347. 16683.   .50  3.69  465.  3.59   85.  653.  133.    286. 359.   0.  40.  3.98 148.7   6.6-167.8  13.1 260.0 225.6  32.2    .0  73.9  39.7  33.1
1929     283   291   132   174  1260.  2099.  9581. 10919. 22599.   .48  4.47  680.  3.32   82.  587.  137.    286. 323.   0.  77.  5.34 145.9   6.6-132.0  11.7 260.0 261.6  27.3    .0  86.4  39.7  33.1
1930     283   292   135   169  1236.  2087.  8062.  8798. 18948.   .46  4.43  578.  3.28   54.  580.  108.    298. 289.   0.  60.  4.67 144.3   6.6-138.9  11.6 260.0 258.5  21.0    .0  73.3  39.7  33.1
1931     283   292   131   169  1137.  1981.  7873.  9474. 19328.   .49  4.23  562.  3.44   53.  527.  126.    281. 273.   0. 100.  4.75 139.4   6.6-130.7  10.5 260.0 260.8  21.9    .0  74.1  39.6  33.0

 MEANS over  30 years  :
        283.  292.  129.  173.  1077.  1800.  7695.  9608. 19103.   .50  3.84  565.  3.39   73.  586.  141.    263. 335.   0.  80.  4.74 144.9   6.6-155.4  11.7 260.0 237.4  27.8    .0  80.6  39.7  33.1
 STANDARD DEVIATIONS  :
          0.    1.    4.    5.   233.   375.  1035.  1158.  2365.   .02   .77   81.   .15   14.   80.   25.     38.  66.   0.  32.   .56   4.0    .0  29.9   1.6    .0  30.7   8.2    .0   4.0    .0    .0
 VARIATION COEFFICIENTS (%)  : 
          .0    .4   2.9   3.1   21.7   20.8   13.4   12.1   12.4   4.7  20.2  14.4   4.5  18.6  13.7  17.5    14.4 19.8   .0 40.3  11.8   2.8    .1  19.2  13.7    .0  12.9  29.6    .0   5.0    .1    .1



*** RESULTS OF CROP GROWTH MODEL NWHEAT *** SUMMARY OF OUTPUT FOR WINTER WHEAT AND YIELD STATISTICS ***

Name of run: RHDW4, Station= UKHID, Soil=   1, Crop=   4, Organic M.=   1, Nsoil=   1, IRR=   0, Runof=  .00
 Roth., UKHI scen.(downscal), no Var. change,wat-lim. prod.,CO2 646ppm           


YEAR     SOW EMERG  ANTH  HALT   WRT   WLV    WST   WGR    TAGB     HI  LAIM PARAB  RUE   DWAV RAIN  ESOIL   TRANS DRAIN RUNOF IRR  WUE MINOM MINFM DNTOT NRAIN NGIFT NUPT  NLEACH NIMMO  NUE  DNFM  NBIOM
1902     283   290   130   178  1128.  1794.  8045.  9957. 19795.   .50  3.78  602.  3.29  168.  455.  125.    260. 239.   0.   0.  5.15 142.1   6.6-162.0   9.1 260.0 236.1  17.0    .0  83.9  39.7  33.0
1903     283   292   131   173  1147.  1845.  7702.  9236. 18784.   .49  3.91  524.  3.58  116.  792.  133.    269. 506.   0.   0.  4.67 145.8   6.6-153.3  15.8 260.0 228.6  43.4    .0  82.2  39.7  33.1
1904     283   292   125   176   713.  1290.  6704.  9148. 17142.   .53  2.81  500.  3.43  115.  572.  163.    206. 319.   0.   0.  4.65 137.9   6.6-188.2  11.4 260.0 198.6  28.4    .0  86.3  39.6  33.0
1905     283   292   131   168  1448.  2383.  8051.  9768. 20202.   .48  4.99  590.  3.42  176.  641.  118.    293. 405.   0.   0.  4.91 142.2   6.6-103.7  12.8 260.0 276.9  34.2    .0  72.9  39.7  33.0
1906     283   293   134   171   812.  1322.  6909.  7939. 16170.   .49  2.83  478.  3.38  148.  621.  151.    206. 412.   0.   0.  4.53 131.3   6.6-166.1  12.4 260.0 198.8  43.8    .0  81.3  39.5  32.9
1907     283   291   136   174  1579.  2644.  8694.  9470. 20808.   .46  5.58  673.  3.09  187.  580.   94.    318. 355.   0.   0.  5.05 137.9   6.6 -76.6  11.6 260.0 305.2  27.8    .0  68.2  39.6  33.0
1908     283   292   133   180  1408.  2381.  9326. 12420. 24127.   .51  5.09  739.  3.26  172.  567.  105.    308. 325.   0.   0.  5.83 139.0   6.6 -80.0  11.3 260.0 306.3  26.7    .0  78.8  39.6  33.0
1909     283   293   134   175   667.  1143.  5874.  7757. 14774.   .53  2.48  451.  3.27  132.  487.  177.    183. 260.   0.   0.  4.11 134.3   6.6-207.9   9.7 260.0 180.5  21.4    .0  81.9  39.5  33.0
1910     283   291   132   181   921.  1552.  7759.  9839. 19150.   .51  3.33  617.  3.11   95.  619.  154.    202. 358.   0.   0.  5.37 145.2   6.6-158.8  12.4 260.0 230.0  33.8    .0  83.3  39.7  33.1
1911     283   291   133   175  1189.  1990.  8382. 10866. 21238.   .51  4.25  619.  3.43  155.  522.  121.    267. 290.   0.   0.  5.48 144.8   6.6-137.2  10.4 260.0 261.4  20.2    .0  81.2  39.7  33.1
1912     283   294   127   171   884.  1544.  8070.  8895. 18509.   .48  3.33  499.  3.71  117.  559.  147.    240. 288.   0.   0.  4.78 138.1   6.6-174.0  11.2 260.0 214.4  25.6    .0  86.3  39.6  33.0
1913     283   293   136   185   926.  1616.  7816. 10714. 20147.   .53  3.50  667.  3.02  161.  715.  194.    254. 429.   0.   0.  4.50 133.8   6.6-120.6  14.3 260.0 245.9  46.0    .0  81.9  39.5  32.9
1914     283   293   126   174   899.  1543.  6479.  9562. 17584.   .54  3.33  509.  3.45  120.  546.  142.    233. 290.   0.   0.  4.68 139.2   6.6-181.3  10.9 260.0 215.6  18.3    .0  81.5  39.6  33.0
1915     283   291   128   169   989.  1607.  8135.  8179. 17921.   .46  3.42  539.  3.33  101.  711.  147.    257. 409.   0.   0.  4.44 146.8   6.6-173.4  14.2 260.0 212.4  39.6    .0  84.4  39.7  33.1
1916     283   289   121   166   773.  1308.  5886.  8223. 15418.   .53  2.82  432.  3.57  174.  466.  154.    220. 265.   0.   0.  4.12 134.5   6.6-198.8   9.3 260.0 189.4  20.9    .0  81.4  39.6  33.0
1917     283   294   128   182  1180.  2006.  8061. 10976. 21042.   .52  4.27  620.  3.39  159.  576.  145.    315. 276.   0.   0.  4.58 141.0   6.6-134.5  11.5 260.0 258.0  23.7    .0  81.6  39.6  33.0
1918     283   291   126   164   813.  1359.  6601.  8042. 16002.   .50  2.92  468.  3.42  180.  542.  167.    249. 306.   0.   0.  3.85 138.4   6.6-183.4  10.8 260.0 202.8  28.0    .0  78.9  39.6  33.0
1919     283   291   127   170  1222.  1938.  8163. 10243. 20345.   .50  4.08  589.  3.46  183.  582.  137.    296. 333.   0.   0.  4.70 142.5   6.6-134.3  11.6 260.0 256.1  26.1    .0  79.4  39.7  33.0
1920     283   294   131   178  1229.  2097.  8023. 10614. 20735.   .51  4.46  632.  3.28  126.  698.  123.    271. 430.   0.   0.  5.27 145.3   6.6-122.4  14.0 260.0 264.3  36.1    .0  78.4  39.7  33.1
1921     283   293   129   177  1325.  2271.  9599. 11877. 23746.   .50  4.84  733.  3.24  198.  461.  111.    289. 260.   0.   0.  5.95 137.9   6.6-103.8   9.2 260.0 286.3  20.5    .0  82.9  39.6  33.0
1922     283   290   128   171  1301.  1919.  7289.  9251. 18460.   .50  4.02  583.  3.17  186.  567.  121.    291. 341.   0.   0.  4.48 148.0   6.6-137.4  11.3 260.0 261.0  23.7    .0  70.7  39.7  33.1
1923     283   291   126   166  1295.  2123.  8622.  9018. 19763.   .46  4.47  543.  3.64  174.  529.  122.    324. 256.   0.   0.  4.43 143.1   6.6-153.0  10.6 260.0 248.4  14.7    .0  79.6  39.7  33.1
1924     283   292   128   172   888.  1547.  7037.  9387. 17971.   .52  3.35  518.  3.47  168.  598.  149.    242. 375.   0.   0.  4.59 136.5   6.6-156.8  12.0 260.0 224.1  32.4    .0  80.2  39.6  33.0
1925     283   292   126   176   771.  1320.  6238.  9491. 17049.   .56  2.87  504.  3.38  188.  525.  173.    245. 296.   0.   0.  4.08 137.7   6.6-178.7  10.5 260.0 210.8  23.7    .0  80.9  39.6  33.0
1926     283   292   124   165   900.  1471.  6590.  8206. 16267.   .50  3.13  463.  3.51  127.  722.  155.    235. 459.   0.   0.  4.17 142.7   6.6-169.4  14.4 260.0 215.5  36.8    .0  75.5  39.7  33.0
1927     283   292   131   172  1122.  1984.  7797. 10197. 19978.   .51  4.26  556.  3.60   88.  567.  115.    230. 309.   0.   0.  5.78 144.7   6.6-147.0  11.3 260.0 255.4  17.4    .0  78.2  39.7  33.1
1928     283   293   124   165  1079.  1756.  6580.  8347. 16683.   .50  3.69  465.  3.59  125.  653.  132.    286. 359.   0.   0.  3.98 148.0   6.6-166.7  13.1 260.0 226.0  32.2    .0  73.8  39.7  33.1
1929     283   291   132   174  1249.  2085.  9594. 10896. 22575.   .48  4.44  678.  3.33  151.  587.  137.    285. 316.   0.   0.  5.36 141.5   6.6-127.8  11.7 260.0 262.2  26.5    .0  86.1  39.6  33.0
1930     283   292   135   169  1236.  2087.  8061.  8798. 18946.   .46  4.43  578.  3.28  114.  580.  107.    298. 289.   0.   0.  4.67 142.2   6.6-135.9  11.6 260.0 259.4  21.0    .0  73.0  39.7  33.0
1931     283   292   131   169  1137.  1981.  7870.  9458. 19309.   .49  4.23  562.  3.44  152.  527.  125.    281. 273.   0.   0.  4.75 134.7   6.6-117.7  10.5 260.0 268.7  21.9    .0  71.9  39.6  33.0

 MEANS over  30 years  :
        283.  292.  129.  173.  1074.  1797.  7665.  9559. 19021.   .50  3.83  564.  3.38  149.  586.  138.    262. 334.   0.   0.  4.76 140.6   6.6-148.4  11.7 260.0 240.0  27.7    .0  79.6  39.6  33.0
 STANDARD DEVIATIONS  :
          0.    1.    4.    5.   232.   373.   991.  1148.  2284.   .03   .77   81.   .16   31.   80.   23.     37.  67.   0.   0.   .55   4.4    .0  32.2   1.6    .0  32.3   8.3    .0   4.6    .1    .0
 VARIATION COEFFICIENTS (%)  : 
          .0    .4   2.9   3.1   21.6   20.8   12.9   12.0   12.0   5.0  20.1  14.4   4.8  20.7  13.7  16.6    14.0 20.0   .0   .0  11.5   3.1    .2  21.7  13.7    .0  13.5  29.9    .0   5.8    .1    .1
