


*** RESULTS OF CROP GROWTH MODEL NWHEAT *** SUMMARY OF OUTPUT FOR WINTER WHEAT AND YIELD STATISTICS ***

Name of run: SHVP1, Station= UKHIV, Soil=   1, Crop=   1, Organic M.=   1, Nsoil=   1, IRR=   1, Runof=  .10
 Sevil., UKHI scen.(normal),Var.change, pot. prod., CO2 353 ppm                  


YEAR     SOW EMERG  ANTH  HALT   WRT   WLV    WST   WGR    TAGB     HI  LAIM PARAB  RUE   DWAV RAIN  ESOIL   TRANS DRAIN RUNOF IRR  WUE MINOM MINFM DNTOT NRAIN NGIFT NUPT  NLEACH NIMMO  NUE  DNFM  NBIOM
1902     341   349    72   108   990.  1756.  6236.  6988. 14980.   .47  4.11  664.  2.26   -2.  313.   80.    207. 150.  31. 157.  5.22 111.8   6.5 -79.8   5.6 200.0 222.7  18.4    .0  67.3  39.1  32.5
1903     341   348    78   107  1117.  1949.  7211.  5904. 15064.   .39  4.42  685.  2.20  -32.    9.   71.    224.   0.   1. 319.  5.11 107.5   6.5 -73.4    .2 200.0 237.0    .0    .0  63.6  38.9  32.4
1904     341   350    71   101   964.  1693.  5598.  5536. 12827.   .43  3.81  577.  2.22  -24.  121.   76.    228.   0.  12. 220.  4.21 108.8   6.5-105.6   2.2 200.0 208.9    .0    .0  61.4  39.0  32.5
1905     341   348    72   105  1070.  1888.  6393.  6644. 14925.   .45  4.40  643.  2.32  -23.  102.   61.    212.   4.  10. 208.  5.47 105.6   6.5 -75.4   1.8 200.0 235.1    .3    .0  63.5  38.8  32.4
1906     341   349    76   112  1088.  1890.  6251.  7283. 15423.   .47  4.33  673.  2.29  -27.   58.   77.    208.   0.   6. 260.  5.41 110.1   6.5 -85.4   1.0 200.0 229.4    .0    .0  67.2  39.0  32.5
1907     341   351    70   106   920.  1608.  5643.  6427. 13679.   .47  3.68  595.  2.30  -15.   11.   89.    204.   0.   1. 298.  4.67 111.2   6.5-110.7    .2 200.0 205.1    .0    .0  66.7  39.0  32.5
1908     341   351    72   108   955.  1661.  5473.  6713. 13848.   .48  3.81  601.  2.31   -8.  137.   79.    206.   0.  14. 170.  4.86 108.5   6.5-118.7   2.5 200.0 196.5    .0    .0  70.5  38.9  32.5
1909     341   349    72   104  1077.  1907.  6774.  6539. 15220.   .43  4.49  657.  2.32  -13.  120.   64.    212.  13.  12. 195.  5.51 106.3   6.5 -72.4   2.2 200.0 238.2   1.0    .0  63.9  38.9  32.4
1910     341   349    77   103  1076.  1882.  6867.  4818. 13567.   .36  4.24  620.  2.19  -32.  150.   70.    222.  21.  15. 210.  4.64 105.3   6.5 -76.6   2.7 200.0 232.2   1.8    .0  58.4  38.8  32.4
1911     341   349    76   106  1129.  1988.  6405.  6298. 14691.   .43  4.51  628.  2.34  -22.  129.   59.    214.   0.  13. 179.  5.39 105.1   6.5 -72.4   2.3 200.0 237.1    .0    .0  62.0  38.8  32.3
1912     341   348    75   105  1126.  1968.  6648.  5794. 14411.   .40  4.48  626.  2.30  -30.  137.   68.    217.   7.  14. 198.  5.05 106.9   6.5 -73.3   2.5 200.0 238.1    .5    .0  60.5  38.9  32.4
1913     341   350    71   106  1024.  1775.  5940.  6688. 14403.   .46  4.04  607.  2.37  -22.   27.   75.    206.   0.   3. 279.  5.12 109.6   6.5 -89.3    .5 200.0 224.7    .0    .0  64.1  39.0  32.5
1914     341   350    77   104  1169.  2049.  6486.  5619. 14154.   .40  4.57  615.  2.30  -30.   49.   60.    231.   0.   5. 278.  4.85 105.3   6.5 -63.9    .9 200.0 243.9    .0    .0  58.0  38.8  32.4
1915     341   351    70    99   961.  1679.  5841.  5513. 13033.   .42  3.89  582.  2.24  -30.    5.   80.    223.   0.   0. 329.  4.30 109.4   6.5-108.2    .1 200.0 204.9    .0    .0  63.6  39.0  32.5
1916     341   350    75   107  1112.  1965.  6290.  6539. 14794.   .44  4.51  648.  2.28  -33.  151.   68.    227.  38.  15. 230.  5.02 107.7   6.5 -76.9   2.7 200.0 233.1   3.4    .0  63.5  38.9  32.4
1917     341   350    77   107  1138.  1994.  6740.  6324. 15057.   .42  4.49  639.  2.36  -25.   29.   65.    215.   0.   3. 279.  5.37 106.8   6.5 -69.0    .5 200.0 240.9    .0    .0  62.5  38.9  32.4
1918     341   349    82   110  1132.  2000.  7199.  6126. 15325.   .40  4.54  670.  2.29  -25.  162.   66.    209.  16.  16. 170.  5.59 102.4   6.4 -64.7   2.9 200.0 241.6   1.3    .0  63.4  38.7  32.2
1919     341   347    76   107  1218.  2151.  6936.  6734. 15822.   .43  4.90  704.  2.25  -34.   15.   63.    225.   0.   2. 308.  5.49 106.8   6.5 -57.1    .3 200.0 252.2    .0    .0  62.7  38.9  32.4
1920     341   350    71   100   984.  1715.  5722.  5521. 12957.   .43  3.86  575.  2.25   -8.  117.   70.    228.  17.  12. 219.  4.34 104.5   6.5-102.9   2.1 200.0 205.6   1.4    .0  63.0  38.8  32.3
1921     341   351    73   103  1067.  1877.  5666.  6010. 13553.   .44  4.23  573.  2.36  -27.   58.   68.    225.   0.   6. 268.  4.63 110.0   6.5 -99.6   1.0 200.0 214.4    .0    .0  63.2  39.0  32.5
1922     341   349    75   104  1131.  1980.  6662.  5883. 14525.   .41  4.52  640.  2.27  -26.   53.   66.    225.   0.   5. 269.  5.00 107.8   6.5 -74.4   1.0 200.0 236.9    .0    .0  61.3  38.9  32.4
1923     341   350    75   100  1023.  1800.  5849.  4850. 12499.   .39  3.97  546.  2.29  -35.   41.   73.    229.   0.   4. 300.  4.14 106.2   6.5 -94.4    .7 200.0 214.7    .0    .0  58.2  38.9  32.4
1924     341   351    77   105  1156.  2035.  6430.  5648. 14113.   .40  4.55  619.  2.28  -27.   26.   65.    230.   0.   3. 298.  4.79 106.7   6.5 -68.3    .5 200.0 240.8    .0    .0  58.6  38.9  32.4
1925     341   347    75   104  1186.  2085.  6698.  5960. 14743.   .40  4.76  664.  2.22  -33.   13.   64.    234.   0.   1. 319.  4.95 107.5   6.5 -64.5    .2 200.0 245.2    .0    .0  60.1  38.9  32.4
1926     341   349    72   102  1038.  1829.  6188.  6035. 14052.   .43  4.15  582.  2.41  -14.   52.   70.    212.   0.   5. 250.  4.97 109.0   6.5 -89.4    .9 200.0 223.8    .0    .0  62.8  39.0  32.5
1927     341   348    75   102  1107.  1932.  6418.  5601. 13951.   .40  4.30  606.  2.30  -22.    7.   69.    222.   0.   1. 308.  4.78 106.5   6.5 -81.3    .1 200.0 227.4    .0    .0  61.3  38.9  32.4
1928     341   353    73   102   933.  1630.  5764.  5393. 12787.   .42  3.67  546.  2.34  -25.   61.   76.    213.   0.   6. 259.  4.42 107.0   6.5-105.9   1.1 200.0 206.0    .0    .0  62.1  38.9  32.4
1929     341   349    72   104  1051.  1830.  6043.  6020. 13893.   .43  4.18  615.  2.26  -29.   26.   72.    221.   0.   3. 299.  4.74 109.4   6.5 -92.8    .5 200.0 220.5    .0    .0  63.0  39.0  32.5
1930     341   349    75   111  1058.  1842.  6645.  6967. 15454.   .45  4.19  693.  2.23  -19.    0.   82.    207.   0.   0. 308.  5.34 111.2   6.5 -75.1    .0 200.0 240.0    .0    .0  64.4  39.0  32.5
1931     341   348    72    99  1068.  1900.  6251.  5341. 13492.   .40  4.31  606.  2.23  -25.   45.   70.    236.   0.   4. 290.  4.42 108.0   6.5 -86.7    .8 200.0 224.5    .0    .0  60.1  38.9  32.4

 MEANS over  30 years  :
        341.  349.   74.  105.  1069.  1875.  6309.  6057. 14241.   .42  4.26  623.  2.29  -24.   74.   71.    219.   9.   7. 256.  4.93 107.6   6.5 -83.6   1.3 200.0 227.4    .9    .0  62.7  38.9  32.4
 STANDARD DEVIATIONS  :
          0.    1.    3.    3.    76.   137.   471.   607.   880.   .03   .31   41.   .05    8.   68.    7.      9.  28.   7.  51.   .41   2.1    .0  15.8   1.2    .0  14.4   3.3    .0   2.8    .1    .1
 VARIATION COEFFICIENTS (%)  : 
          .0    .4   3.7   3.1    7.1    7.3    7.5   10.0    6.2   6.8   7.3   6.6   2.3  33.8  91.5   9.8     4.2310.5 91.5 19.9   8.4   2.0    .2  18.9  91.5    .0   6.3 355.7    .0   4.4    .2    .2



*** RESULTS OF CROP GROWTH MODEL NWHEAT *** SUMMARY OF OUTPUT FOR WINTER WHEAT AND YIELD STATISTICS ***

Name of run: SHVW1, Station= UKHIV, Soil=   1, Crop=   1, Organic M.=   1, Nsoil=   1, IRR=   0, Runof=  .10
 Sevil., UKHI scen.(normal),Var.change, waterlim. prod., CO2 353 ppm             


YEAR     SOW EMERG  ANTH  HALT   WRT   WLV    WST   WGR    TAGB     HI  LAIM PARAB  RUE   DWAV RAIN  ESOIL   TRANS DRAIN RUNOF IRR  WUE MINOM MINFM DNTOT NRAIN NGIFT NUPT  NLEACH NIMMO  NUE  DNFM  NBIOM
1902     341   349    72   108   985.  1748.  6224.  3936. 11908.   .33  4.09  643.  1.85   88.  313.   49.    176. 146.  31.   0.  5.30  96.4   6.4 -70.3   5.6 200.0 218.1  17.8    .0  54.6  38.4  32.0
1903     341   348    78   107   914.  1652.  3768.   339.  5759.   .06  3.58  554.  1.04   94.    9.   26.     76.   0.   1.   0.  5.68  72.5   6.0-111.4    .2 200.0 163.7    .0    .0  35.2  36.2  30.2
1904     341   350    71   101   964.  1691.  5584.  1165.  8441.   .14  3.81  552.  1.53   90.  121.   43.    156.   0.  12.   0.  4.24  90.1   6.3 -98.8   2.2 200.0 197.4    .0    .0  42.7  37.9  31.6
1905     341   348    72   105  1054.  1861.  6371.  2375. 10607.   .22  4.34  614.  1.73   87.  102.   31.    148.   0.  10.   0.  5.93  87.9   6.3 -73.7   1.8 200.0 219.7    .0    .0  48.3  37.8  31.5
1906     341   349    76   112   923.  1627.  4420.   296.  6342.   .05  3.65  554.  1.15   92.   58.   57.     88.   0.   6.   0.  4.40  80.0   6.2-106.9   1.0 200.0 178.2    .0    .0  35.6  37.2  31.0
1907     341   351    70   106   749.  1338.  3101.   225.  4664.   .05  3.01  452.  1.03   96.   11.   30.     76.   0.   1.   0.  4.42  74.2   6.1-132.4    .2 200.0 146.6    .0    .0  31.8  36.4  30.3
1908     341   351    72   108   951.  1655.  5442.  3324. 10421.   .32  3.80  574.  1.81   93.  137.   54.    163.   0.  14.   0.  4.82  90.5   6.3-106.9   2.5 200.0 190.4    .0    .0  54.7  38.0  31.7
1909     341   349    72   104  1009.  1792.  6645.  3187. 11623.   .27  4.23  623.  1.87   91.  120.   43.    156.   0.  12.   0.  5.86  89.5   6.3 -78.4   2.2 200.0 217.1    .0    .0  53.6  37.9  31.6
1910     341   349    77   103  1072.  1875.  6860.  2142. 10877.   .20  4.22  608.  1.79   87.  150.   43.    168.  11.  15.   0.  5.16  91.6   6.3 -72.9   2.7 200.0 223.4    .9    .0  48.7  38.1  31.7
1911     341   349    76   106  1067.  1889.  6346.  2473. 10708.   .23  4.35  599.  1.79   88.  129.   41.    163.   0.  13.   0.  5.25  91.9   6.4 -72.3   2.3 200.0 225.1    .0    .0  47.6  38.1  31.8
1912     341   348    75   105  1107.  1939.  6625.  3650. 12214.   .30  4.44  614.  1.99   87.  137.   44.    167.   0.  14.   0.  5.80  92.2   6.4 -72.0   2.5 200.0 225.6    .0    .0  54.1  38.1  31.8
1913     341   350    71   106   849.  1502.  3466.   265.  5233.   .05  3.32  477.  1.10   94.   27.   39.     80.   0.   3.   0.  4.41  76.1   6.1-120.1    .5 200.0 160.5    .0    .0  32.6  36.8  30.6
1914     341   350    77   104  1105.  1957.  5494.   299.  7750.   .04  4.32  557.  1.39   88.   49.   28.    104.   0.   5.   0.  5.88  82.6   6.2 -68.5    .9 200.0 216.5    .0    .0  35.8  37.3  31.1
1915     341   351    70    99   763.  1371.  3071.   221.  4663.   .05  3.04  455.  1.03   94.    5.   22.     76.   0.   0.   0.  4.74  73.3   6.0-130.9    .1 200.0 145.8    .0    .0  32.0  36.3  30.2
1916     341   350    75   107  1040.  1846.  6186.  3912. 11944.   .33  4.30  621.  1.92   87.  151.   40.    164.  20.  15.   0.  5.88  88.4   6.3 -78.5   2.7 200.0 214.6   1.6    .0  55.7  37.8  31.5
1917     341   350    77   107   976.  1763.  4167.   269.  6199.   .04  3.88  532.  1.17   91.   29.   39.     78.   0.   3.   0.  5.28  73.8   6.1-119.1    .5 200.0 159.0    .0    .0  39.0  36.5  30.4
1918     341   349    82   110  1132.  2000.  7198.  3949. 13147.   .30  4.54  664.  1.98   88.  162.   53.    164.  16.  16.   0.  6.04  89.8   6.3 -59.3   2.9 200.0 234.4   1.3    .0  56.1  38.0  31.6
1919     341   347    76   107  1044.  1889.  4943.   283.  7115.   .04  4.28  597.  1.19   90.   15.   23.     81.   0.   2.   0.  6.84  75.6   6.1 -73.4    .3 200.0 204.4    .0    .0  34.8  36.7  30.6
1920     341   350    71   100   936.  1636.  5651.  1552.  8840.   .18  3.73  545.  1.62   89.  117.   32.    158.   4.  12.   0.  4.65  85.0   6.3 -99.1   2.1 200.0 191.4    .3    .0  46.2  37.5  31.3
1921     341   351    73   103   997.  1791.  3855.   244.  5890.   .04  3.96  507.  1.16   89.   58.   42.     99.   0.   6.   0.  4.19  83.6   6.2-101.8   1.0 200.0 184.8    .0    .0  31.9  37.5  31.2
1922     341   349    75   104  1049.  1860.  5413.   328.  7601.   .04  4.26  578.  1.31   88.   53.   41.     95.   0.   5.   0.  5.58  81.8   6.2 -80.7   1.0 200.0 204.4    .0    .0  37.2  37.4  31.1
1923     341   350    75   100   952.  1695.  4804.   265.  6765.   .04  3.69  491.  1.38   90.   41.   37.     90.   0.   4.   0.  5.35  75.5   6.1 -97.0    .7 200.0 181.4    .0    .0  37.3  36.8  30.6
1924     341   351    77   105  1069.  1920.  4448.   223.  6591.   .03  4.08  538.  1.22   90.   26.   34.     79.   0.   3.   0.  5.83  74.3   6.1 -94.3    .5 200.0 182.3    .0    .0  36.1  36.6  30.5
1925     341   347    75   104   986.  1780.  4267.   300.  6348.   .05  4.00  555.  1.14   91.   13.   22.     80.   0.   1.   0.  6.18  75.2   6.1 -87.5    .2 200.0 189.7    .0    .0  33.5  36.6  30.5
1926     341   349    72   102   936.  1680.  4622.   289.  6590.   .04  3.77  505.  1.30   92.   52.   46.     93.   0.   5.   0.  4.74  79.5   6.2 -98.9    .9 200.0 184.6    .0    .0  35.7  37.2  31.0
1927     341   348    75   102   903.  1625.  4085.   272.  5982.   .05  3.49  505.  1.18   95.    7.   25.     76.   0.   1.   0.  5.93  72.0   6.0-100.7    .1 200.0 173.7    .0    .0  34.4  36.2  30.1
1928     341   353    73   102   887.  1565.  4804.   310.  6680.   .05  3.51  493.  1.35   91.   61.   40.    106.   0.   6.   0.  4.58  84.3   6.3-108.2   1.1 200.0 180.8    .0    .0  36.9  37.5  31.3
1929     341   349    72   104   860.  1541.  3451.   226.  5218.   .04  3.46  493.  1.06   92.   26.   39.     76.   0.   3.   0.  4.55  73.2   6.0-121.7    .5 200.0 155.6    .0    .0  33.5  36.3  30.2
1930     341   349    75   111   884.  1576.  4023.   312.  5911.   .05  3.55  539.  1.10   90.    0.   14.     76.   0.   0.   0.  6.58  77.0   6.1-107.0    .0 200.0 174.3    .0    .0  33.9  36.7  30.6
1931     341   348    72    99   869.  1594.  3893.   243.  5730.   .04  3.49  498.  1.15   95.   45.   57.     79.   0.   4.   0.  4.22  75.0   6.1-114.6    .8 200.0 164.0    .0    .0  34.9  36.7  30.6

 MEANS over  30 years  :
        341.  349.   74.  105.   968.  1722.  4974.  1229.  7925.   .12  3.87  551.  1.41   91.   74.   38.    113.   7.   7.   0.  5.28  81.8   6.2 -95.3   1.3 200.0 190.3    .7    .0  40.8  37.2  31.0
 STANDARD DEVIATIONS  :
          0.    1.    3.    3.    96.   165.  1178.  1380.  2549.   .11   .41   56.   .33    3.   68.   11.     38.  26.   7.   0.   .73   7.4    .1  19.9   1.2    .0  25.1   3.2    .0   8.4    .7    .6
 VARIATION COEFFICIENTS (%)  : 
          .0    .4   3.7   3.1    9.9    9.6   23.7  112.3   32.2  89.0  10.5  10.1  23.1   2.9  91.5  28.3    34.0401.0 91.5   .0  13.9   9.0   1.8  20.9  91.5    .0  13.2 439.6    .0  20.6   1.8   1.8



*** RESULTS OF CROP GROWTH MODEL NWHEAT *** SUMMARY OF OUTPUT FOR WINTER WHEAT AND YIELD STATISTICS ***

Name of run: SHVP5, Station= UKHIV, Soil=   1, Crop=   5, Organic M.=   1, Nsoil=   1, IRR=   1, Runof=  .10
 Sevil., UKHI scen.(normal),Var.change, pot. prod., CO2 560 ppm                  


YEAR     SOW EMERG  ANTH  HALT   WRT   WLV    WST   WGR    TAGB     HI  LAIM PARAB  RUE   DWAV RAIN  ESOIL   TRANS DRAIN RUNOF IRR  WUE MINOM MINFM DNTOT NRAIN NGIFT NUPT  NLEACH NIMMO  NUE  DNFM  NBIOM
1902     341   349    72   108  1177.  2108.  7715.  8992. 18815.   .48  4.62  682.  2.76  -11.  313.   71.    206. 151.  31. 157.  6.79 112.2   6.5 -38.3   5.6 200.0 264.1  18.6    .0  71.3  39.1  32.6
1903     341   348    78   107  1297.  2275.  8587.  7706. 18569.   .42  4.82  693.  2.68  -32.    9.   65.    220.   0.   1. 309.  6.51 107.3   6.5 -37.9    .2 200.0 271.4    .0    .0  68.4  38.9  32.4
1904     341   350    71   101  1138.  2011.  7018.  7360. 16388.   .45  4.25  590.  2.78  -24.  121.   69.    226.   0.  12. 210.  5.56 108.9   6.5 -67.7   2.2 200.0 246.0    .0    .0  66.6  39.0  32.5
1905     341   348    72   105  1248.  2221.  7722.  8387. 18329.   .46  4.84  654.  2.80  -20.  102.   56.    208.   4.  10. 198.  6.93 105.4   6.5 -37.2   1.8 200.0 272.4    .3    .0  67.3  38.8  32.4
1906     341   349    76   112  1265.  2211.  7654.  9129. 18994.   .48  4.75  685.  2.77  -27.   58.   70.    204.   0.   6. 249.  6.91 110.7   6.5 -49.7   1.0 200.0 264.9    .0    .0  71.7  39.0  32.5
1907     341   351    70   106  1116.  1961.  7044.  8392. 17397.   .48  4.20  616.  2.83  -15.   11.   79.    203.   0.   1. 288.  6.16 111.2   6.5 -67.9    .2 200.0 247.1    .0    .0  70.4  39.0  32.5
1908     341   351    72   108  1122.  1965.  6990.  8478. 17433.   .49  4.22  616.  2.83   -8.  137.   72.    203.   0.  14. 160.  6.34 108.6   6.5 -81.6   2.5 200.0 232.8    .0    .0  74.9  38.9  32.5
1909     341   349    72   104  1264.  2261.  8149.  8274. 18684.   .44  4.97  669.  2.79  -20.  120.   59.    209.  15.  12. 196.  6.95 106.5   6.5 -32.9   2.2 200.0 276.8   1.3    .0  67.5  38.9  32.4
1910     341   349    77   103  1268.  2234.  8345.  6552. 17131.   .38  4.72  631.  2.71  -31.  150.   63.    219.  21.  15. 200.  6.06 105.4   6.5 -37.3   2.7 200.0 270.5   1.8    .0  63.3  38.8  32.4
1911     341   349    76   106  1324.  2351.  7742.  8070. 18163.   .44  5.00  638.  2.85  -20.  129.   53.    211.   0.  13. 169.  6.87 104.9   6.5 -32.6   2.3 200.0 276.0    .0    .0  65.8  38.8  32.3
1912     341   348    75   105  1308.  2302.  8013.  7524. 17838.   .42  4.91  634.  2.81  -28.  137.   62.    213.   8.  14. 188.  6.47 106.7   6.5 -37.0   2.5 200.0 273.2    .6    .0  65.3  38.9  32.4
1913     341   350    71   106  1211.  2113.  7232.  8492. 17837.   .48  4.49  620.  2.87  -22.   27.   69.    203.   0.   3. 269.  6.56 109.8   6.5 -48.7    .5 200.0 264.7    .0    .0  67.4  39.0  32.5
1914     341   350    77   104  1372.  2422.  7936.  7195. 17553.   .41  5.07  624.  2.81  -30.   49.   53.    228.   0.   5. 268.  6.23 105.0   6.5 -23.0    .9 200.0 283.3    .0    .0  62.0  38.8  32.3
1915     341   351    70    99  1168.  2058.  7237.  7251. 16546.   .44  4.44  600.  2.76  -30.    5.   71.    223.   0.   0. 319.  5.64 109.5   6.5 -68.1    .1 200.0 243.7    .0    .0  67.9  39.0  32.5
1916     341   350    75   107  1290.  2293.  7634.  8267. 18194.   .45  4.92  656.  2.77  -31.  151.   63.    222.  39.  15. 220.  6.37 107.5   6.5 -42.2   2.7 200.0 266.7   3.4    .0  68.2  38.9  32.4
1917     341   350    77   107  1334.  2351.  8180.  8053. 18584.   .43  4.97  649.  2.87  -24.   29.   59.    212.   0.   3. 269.  6.86 106.7   6.5 -29.1    .5 200.0 279.6    .0    .0  66.5  38.9  32.4
1918     341   349    82   110  1314.  2335.  8635.  7850. 18821.   .42  4.99  681.  2.77  -24.  162.   60.    205.  17.  16. 160.  7.10 102.9   6.5 -27.4   2.9 200.0 278.3   1.3    .0  67.6  38.7  32.3
1919     341   347    76   107  1404.  2495.  8331.  8502. 19327.   .44  5.33  711.  2.72  -33.   15.   59.    220.   0.   2. 298.  6.93 106.9   6.5 -20.1    .3 200.0 288.3    .0    .0  67.0  38.9  32.4
1920     341   350    71   100  1159.  2035.  7093.  7156. 16285.   .44  4.29  586.  2.78  -18.  117.   64.    225.  18.  12. 219.  5.64 104.6   6.5 -65.7   2.1 200.0 242.0   1.4    .0  67.3  38.8  32.3
1921     341   351    73   103  1255.  2223.  7046.  7633. 16902.   .45  4.68  582.  2.90  -27.   58.   62.    221.   0.   6. 258.  5.97 109.5   6.5 -61.5   1.0 200.0 251.0    .0    .0  67.3  39.0  32.5
1922     341   349    75   104  1323.  2328.  8064.  7552. 17945.   .42  4.99  650.  2.76  -25.   53.   60.    221.   0.   5. 259.  6.38 108.0   6.5 -37.2   1.0 200.0 273.3    .0    .0  65.7  38.9  32.4
1923     341   350    75   100  1223.  2167.  7273.  6459. 15899.   .41  4.49  559.  2.84  -34.   41.   65.    227.   0.   4. 290.  5.44 106.2   6.5 -54.2    .7 200.0 253.5    .0    .0  62.7  38.9  32.4
1924     341   351    77   105  1345.  2382.  7806.  7253. 17441.   .42  4.98  627.  2.78  -27.   26.   60.    225.   0.   3. 288.  6.12 106.8   6.5 -30.5    .5 200.0 277.5    .0    .0  62.8  38.9  32.4
1925     341   347    75   104  1370.  2430.  8058.  7761. 18250.   .43  5.19  671.  2.72  -32.   13.   59.    230.   0.   1. 309.  6.33 107.3   6.5 -28.3    .2 200.0 280.3    .0    .0  65.1  38.9  32.4
1926     341   349    72   102  1238.  2197.  7573.  7729. 17499.   .44  4.66  595.  2.94  -23.   52.   63.    211.   0.   5. 250.  6.39 109.0   6.5 -48.2    .9 200.0 263.9    .0    .0  66.3  39.0  32.5
1927     341   348    75   102  1293.  2271.  7765.  7181. 17218.   .42  4.74  615.  2.80  -22.    7.   63.    219.   0.   1. 298.  6.10 106.6   6.5 -43.6    .1 200.0 264.1    .0    .0  65.2  38.9  32.4
1928     341   353    73   102  1119.  1969.  7139.  7057. 16165.   .44  4.16  563.  2.87  -24.   61.   68.    212.   0.   6. 249.  5.79 107.1   6.5 -67.7   1.1 200.0 243.3    .0    .0  66.4  38.9  32.4
1929     341   349    72   104  1228.  2153.  7372.  7750. 17276.   .45  4.59  623.  2.77  -29.   26.   67.    216.   0.   3. 289.  6.11 109.2   6.5 -56.1    .5 200.0 256.1    .0    .0  67.5  39.0  32.5
1930     341   349    75   111  1253.  2197.  8104.  9020. 19320.   .47  4.69  709.  2.72  -19.    0.   74.    205.   0.   0. 298.  6.93 110.6   6.5 -34.1    .0 200.0 279.7    .0    .0  69.1  39.0  32.5
1931     341   348    72    99  1261.  2258.  7615.  7014. 16887.   .42  4.80  617.  2.74  -24.   45.   63.    233.   0.   4. 280.  5.70 108.1   6.5 -48.5    .8 200.0 261.6    .0    .0  64.6  38.9  32.4

 MEANS over  30 years  :
        341.  349.   74.  105.  1256.  2219.  7702.  7801. 17723.   .44  4.73  635.  2.79  -25.   74.   64.    216.   9.   7. 247.  6.34 107.6   6.5 -45.1   1.3 200.0 264.9   1.0    .0  67.0  38.9  32.4
 STANDARD DEVIATIONS  :
          0.    1.    3.    3.    77.   141.   475.   684.   934.   .03   .30   40.   .06    6.   68.    6.      9.  28.   7.  49.   .47   2.1    .0  15.6   1.2    .0  14.1   3.4    .0   2.7    .1    .1
 VARIATION COEFFICIENTS (%)  : 
          .0    .4   3.7   3.1    6.2    6.4    6.2    8.8    5.3   5.7   6.3   6.3   2.1  25.4  91.5   9.2     4.1305.4 91.5 20.0   7.5   2.0    .2  34.6  91.5    .0   5.3 351.0    .0   4.0    .2    .2



*** RESULTS OF CROP GROWTH MODEL NWHEAT *** SUMMARY OF OUTPUT FOR WINTER WHEAT AND YIELD STATISTICS ***

Name of run: SHVW5, Station= UKHIV, Soil=   1, Crop=   5, Organic M.=   1, Nsoil=   1, IRR=   0, Runof=  .10
 Sevil., UKHI scen.(normal),Var.change, waterlim. prod., CO2 560 ppm             


YEAR     SOW EMERG  ANTH  HALT   WRT   WLV    WST   WGR    TAGB     HI  LAIM PARAB  RUE   DWAV RAIN  ESOIL   TRANS DRAIN RUNOF IRR  WUE MINOM MINFM DNTOT NRAIN NGIFT NUPT  NLEACH NIMMO  NUE  DNFM  NBIOM
1902     341   349    72   108  1171.  2098.  7669.  5145. 14912.   .35  4.60  663.  2.25   88.  313.   48.    175. 147.  31.   0.  6.68  97.0   6.4 -27.6   5.6 200.0 260.4  18.0    .0  57.3  38.4  32.0
1903     341   348    78   107  1082.  1963.  4800.   432.  7195.   .06  4.00  575.  1.25   93.    9.   26.     76.   0.   1.   0.  7.11  72.8   6.0 -93.8    .2 200.0 181.8    .0    .0  39.6  36.3  30.2
1904     341   350    71   101  1138.  2007.  6864.  1687. 10557.   .16  4.25  566.  1.87   89.  121.   43.    156.   0.  12.   0.  5.32  90.5   6.3 -65.6   2.2 200.0 230.3    .0    .0  45.8  38.0  31.6
1905     341   348    72   105  1242.  2209.  7704.  3093. 13005.   .24  4.83  630.  2.06   87.  102.   31.    148.   0.  10.   0.  7.28  88.3   6.3 -36.6   1.8 200.0 256.4    .0    .0  50.7  37.8  31.5
1906     341   349    76   112  1096.  1946.  5555.   371.  7873.   .05  4.10  577.  1.36   91.   58.   56.     88.   0.   6.   0.  5.49  80.6   6.2 -70.9   1.0 200.0 213.9    .0    .0  36.8  37.2  31.0
1907     341   351    70   106   928.  1671.  3939.   282.  5892.   .05  3.50  477.  1.24   96.   11.   30.     76.   0.   1.   0.  5.59  74.5   6.1 -99.7    .2 200.0 178.5    .0    .0  33.0  36.4  30.3
1908     341   351    72   108  1118.  1958.  6650.  4402. 13010.   .34  4.21  591.  2.20   93.  137.   53.    163.   0.  14.   0.  6.03  90.9   6.3 -68.6   2.5 200.0 228.2    .0    .0  57.0  38.0  31.7
1909     341   349    72   104  1219.  2177.  8111.  4019. 14307.   .28  4.81  643.  2.23   91.  120.   42.    156.   0.  12.   0.  7.22  89.8   6.3 -39.4   2.2 200.0 255.3    .0    .0  56.0  37.9  31.6
1910     341   349    77   103  1265.  2229.  8344.  3010. 13583.   .22  4.71  620.  2.19   87.  150.   43.    168.  11.  15.   0.  6.45  92.0   6.3 -31.6   2.7 200.0 263.8    .9    .0  51.5  38.1  31.7
1911     341   349    76   106  1269.  2258.  7669.  3437. 13364.   .26  4.88  614.  2.17   88.  129.   40.    164.   0.  13.   0.  6.55  92.5   6.4 -29.8   2.3 200.0 267.1    .0    .0  50.0  38.1  31.8
1912     341   348    75   105  1288.  2271.  7987.  4866. 15123.   .32  4.86  623.  2.43   87.  137.   43.    167.   0.  14.   0.  7.18  92.5   6.4 -33.2   2.5 200.0 263.7    .0    .0  57.4  38.1  31.8
1913     341   350    71   106  1025.  1829.  4417.   357.  6603.   .05  3.75  501.  1.32   93.   27.   36.     81.   0.   3.   0.  5.62  76.7   6.1 -87.0    .5 200.0 193.3    .0    .0  34.2  36.8  30.7
1914     341   350    77   104  1309.  2330.  6783.   367.  9479.   .04  4.83  572.  1.66   87.   49.   28.    104.   0.   5.   0.  7.20  83.0   6.2 -32.6    .9 200.0 251.6    .0    .0  37.7  37.4  31.1
1915     341   351    70    99   953.  1735.  3891.   281.  5907.   .05  3.60  484.  1.22   94.    5.   22.     76.   0.   0.   0.  6.03  73.6   6.1 -94.9    .1 200.0 180.5    .0    .0  32.7  36.3  30.3
1916     341   350    75   107  1230.  2195.  7508.  4912. 14615.   .34  4.78  636.  2.30   87.  151.   39.    163.  20.  15.   0.  7.22  88.7   6.3 -41.6   2.7 200.0 250.8   1.6    .0  58.3  37.9  31.5
1917     341   350    77   107  1161.  2109.  5254.   341.  7704.   .04  4.39  551.  1.40   91.   29.   39.     78.   0.   3.   0.  6.58  74.1   6.1 -87.6    .5 200.0 190.0    .0    .0  40.6  36.5  30.5
1918     341   349    82   110  1314.  2335.  8630.  5232. 16197.   .32  4.99  675.  2.40   88.  162.   51.    165.  17.  16.   0.  7.48  90.7   6.3 -20.2   2.9 200.0 273.4   1.3    .0  59.2  38.0  31.7
1919     341   347    76   107  1232.  2241.  6070.   348.  8659.   .04  4.74  616.  1.40   90.   15.   22.     82.   0.   2.   0.  8.33  75.9   6.1 -35.5    .3 200.0 241.5    .0    .0  35.9  36.7  30.6
1920     341   350    71   100  1119.  1968.  7003.  2065. 11036.   .19  4.20  560.  1.97   88.  117.   32.    158.   4.  12.   0.  5.82  85.4   6.3 -61.9   2.1 200.0 228.0    .3    .0  48.4  37.6  31.3
1921     341   351    73   103  1179.  2133.  4824.   314.  7271.   .04  4.39  522.  1.39   89.   58.   41.    100.   0.   6.   0.  5.17  84.1   6.3 -66.1   1.0 200.0 219.8    .0    .0  33.1  37.5  31.3
1922     341   349    75   104  1245.  2218.  6742.   403.  9363.   .04  4.75  596.  1.57   88.   53.   40.     97.   0.   5.   0.  6.87  82.4   6.2 -41.3   1.0 200.0 243.4    .0    .0  38.5  37.4  31.2
1923     341   350    75   100  1146.  2056.  5997.   332.  8385.   .04  4.19  510.  1.65   89.   41.   36.     91.   0.   4.   0.  6.64  76.0   6.1 -58.1    .7 200.0 219.3    .0    .0  38.2  36.8  30.7
1924     341   351    77   105  1249.  2267.  5491.   276.  8034.   .03  4.59  553.  1.45   90.   26.   34.     79.   0.   3.   0.  7.12  74.6   6.1 -79.5    .5 200.0 197.4    .0    .0  40.7  36.6  30.5
1925     341   347    75   104  1172.  2138.  5311.   374.  7823.   .05  4.50  576.  1.36   91.   13.   22.     81.   0.   1.   0.  7.63  75.5   6.1 -46.0    .2 200.0 229.9    .0    .0  34.0  36.7  30.6
1926     341   349    72   102  1140.  2055.  5856.   363.  8274.   .04  4.30  527.  1.57   91.   52.   44.     94.   0.   5.   0.  5.98  80.1   6.2 -59.7    .9 200.0 223.3    .0    .0  37.0  37.2  31.0
1927     341   348    75   102  1080.  1953.  5208.   347.  7508.   .05  3.97  525.  1.43   94.    7.   24.     76.   0.   1.   0.  7.46  72.4   6.0 -74.2    .1 200.0 199.9    .0    .0  37.6  36.2  30.2
1928     341   353    73   102  1072.  1905.  6037.   413.  8355.   .05  4.01  514.  1.63   91.   61.   40.    106.   0.   6.   0.  5.73  84.7   6.3 -72.3   1.1 200.0 216.0    .0    .0  38.7  37.5  31.3
1929     341   349    72   104  1028.  1859.  4314.   283.  6456.   .04  3.88  513.  1.26   92.   26.   39.     76.   0.   3.   0.  5.63  73.5   6.1 -93.5    .5 200.0 183.3    .0    .0  35.2  36.3  30.3
1930     341   349    75   111  1067.  1916.  5182.   398.  7497.   .05  4.02  564.  1.33   89.    0.   13.     76.   0.   0.   0.  8.37  77.3   6.1 -89.6    .0 200.0 192.1    .0    .0  39.0  36.8  30.6
1931     341   348    72    99  1057.  1949.  4879.   306.  7134.   .04  3.99  520.  1.37   95.   45.   56.     79.   0.   4.   0.  5.26  75.4   6.1 -78.1    .8 200.0 199.4    .0    .0  35.8  36.7  30.6

 MEANS over  30 years  :
        341.  349.   74.  105.  1153.  2066.  6156.  1615.  9837.   .13  4.35  570.  1.70   90.   74.   37.    113.   7.   7.   0.  6.57  82.2   6.2 -60.5   1.3 200.0 224.4    .7    .0  43.0  37.3  31.0
 STANDARD DEVIATIONS  :
          0.    1.    3.    3.   100.   172.  1355.  1815.  3132.   .12   .41   53.   .40    3.   68.   10.     38.  27.   7.   0.   .88   7.4    .1  23.8   1.2    .0  29.3   3.2    .0   8.9    .7    .6
 VARIATION COEFFICIENTS (%)  : 
          .0    .4   3.7   3.1    8.7    8.3   22.0  112.4   31.8  89.9   9.4   9.3  23.6   2.8  91.5  28.1    33.8399.4 91.5   .0  13.4   9.0   1.8  39.3  91.5    .0  13.0 438.5    .0  20.6   1.8   1.8



*** RESULTS OF CROP GROWTH MODEL NWHEAT *** SUMMARY OF OUTPUT FOR WINTER WHEAT AND YIELD STATISTICS ***

Name of run: SHIP1, Station= UKHI , Soil=   1, Crop=   1, Organic M.=   1, Nsoil=   1, IRR=   1, Runof=  .10
 Sevil., UKHI scen.(normal),no Var.change, pot. prod., CO2 353 ppm               


YEAR     SOW EMERG  ANTH  HALT   WRT   WLV    WST   WGR    TAGB     HI  LAIM PARAB  RUE   DWAV RAIN  ESOIL   TRANS DRAIN RUNOF IRR  WUE MINOM MINFM DNTOT NRAIN NGIFT NUPT  NLEACH NIMMO  NUE  DNFM  NBIOM
1902     341   351    74   108   985.  1732.  6064.  6650. 14446.   .46  3.99  622.  2.32   -8.   72.   79.    205.   0.   7. 227.  5.08 111.5   6.5-100.0   1.3 200.0 216.7    .0    .0  66.7  39.0  32.5
1903     341   348    75   103  1004.  1746.  6300.  5321. 13366.   .40  3.99  551.  2.43  -26.   74.   73.    207.   0.   7. 240.  4.77 108.6   6.5 -96.2   1.3 200.0 217.1    .0    .0  61.6  39.0  32.5
1904     341   349    74   105  1049.  1845.  5902.  6389. 14135.   .45  4.17  608.  2.32  -24.   95.   73.    218.   0.   9. 230.  4.86 111.3   6.5 -95.9   1.7 200.0 220.4    .0    .0  64.1  39.0  32.5
1905     341   347    75   109   970.  1699.  6691.  6477. 14866.   .44  3.96  612.  2.43  -17.   74.   80.    177.   0.   7. 208.  5.79 111.2   6.5 -93.1   1.3 200.0 223.6    .0    .0  66.5  39.0  32.5
1906     341   349    78   108  1107.  1924.  6602.  6069. 14594.   .42  4.33  602.  2.42  -25.   82.   69.    198.   0.   8. 218.  5.47 107.9   6.5 -80.6   1.5 200.0 231.5    .0    .0  63.0  38.9  32.4
1907     341   348    72   107  1030.  1785.  6348.  6606. 14739.   .45  4.09  606.  2.43  -11.   81.   75.    194.   0.   8. 208.  5.48 110.6   6.5 -93.4   1.5 200.0 222.5    .0    .0  66.2  39.0  32.5
1908     341   349    70   101   904.  1570.  5515.  5505. 12590.   .44  3.58  523.  2.41  -11.   86.   83.    204.   0.   9. 220.  4.40 111.8   6.5-123.8   1.6 200.0 193.8    .0    .0  65.0  39.1  32.6
1909     341   348    76   105  1067.  1889.  6557.  5850. 14296.   .41  4.38  584.  2.45  -22.   51.   69.    203.   0.   5. 248.  5.25 107.4   6.5 -80.4    .9 200.0 231.0    .0    .0  61.9  38.9  32.4
1910     341   351    75   106  1056.  1852.  6120.  6207. 14179.   .44  4.20  605.  2.35  -13.   46.   73.    214.   0.   5. 258.  4.95 108.5   6.5 -84.2    .8 200.0 228.5    .0    .0  62.1  38.9  32.5
1911     341   349    74   103   973.  1693.  6240.  5206. 13139.   .40  3.82  556.  2.36  -29.   69.   78.    205.   0.   7. 250.  4.65 109.5   6.5-104.6   1.2 200.0 209.6    .0    .0  62.7  39.0  32.5
1912     341   349    80   105  1140.  2011.  7194.  4972. 14177.   .35  4.55  629.  2.25  -24.   79.   65.    222.   0.   8. 240.  4.93 107.7   6.5 -67.4   1.4 200.0 243.4    .0    .0  58.2  38.9  32.4
1913     341   347    73   111  1018.  1775.  6104.  7246. 15126.   .48  4.10  623.  2.43  -23.  114.   78.    192.   0.  11. 190.  5.61 112.1   6.5 -93.6   2.1 200.0 224.4    .0    .0  67.4  39.1  32.6
1914     341   348    73   101   979.  1711.  6279.  5352. 13342.   .40  3.90  575.  2.32  -23.   40.   79.    211.   0.   4. 277.  4.61 109.1   6.5 -99.7    .7 200.0 213.7    .0    .0  62.4  39.0  32.5
1915     341   347    71   100  1014.  1779.  6431.  5528. 13738.   .40  4.13  596.  2.31  -23.   74.   74.    210.   0.   7. 240.  4.84 110.1   6.5 -97.4   1.3 200.0 217.3    .0    .0  63.2  39.0  32.5
1916     341   349    73   110  1058.  1853.  6011.  7388. 15253.   .48  4.25  628.  2.43   -7.   68.   73.    197.   0.   7. 216.  5.66 110.8   6.5 -90.7   1.2 200.0 225.1    .0    .0  67.8  39.0  32.5
1917     341   349    74   104  1022.  1791.  6058.  5824. 13673.   .43  4.08  562.  2.43  -20.   27.   74.    208.   0.   3. 278.  4.83 108.8   6.5 -95.6    .5 200.0 217.0    .0    .0  63.0  39.0  32.5
1918     341   348    72   106  1029.  1769.  5361.  6501. 13631.   .48  3.90  590.  2.31  -22.   59.   77.    222.   0.   6. 267.  4.57 109.5   6.5-104.8   1.1 200.0 209.1    .0    .0  65.2  39.0  32.5
1919     341   350    71    98   943.  1642.  5640.  4905. 12187.   .40  3.74  530.  2.30  -23.   93.   76.    223.   0.   9. 239.  4.08 108.8   6.5-114.3   1.7 200.0 199.7    .0    .0  61.0  39.0  32.5
1920     341   347    71   105   907.  1610.  5927.  6025. 13562.   .44  3.76  563.  2.41  -29.   87.   82.    184.   0.   9. 217.  5.09 112.5   6.5-102.6   1.6 200.0 215.9    .0    .0  62.8  39.1  32.6
1921     341   350    76   112  1044.  1829.  6541.  6851. 15221.   .45  4.33  611.  2.49  -32.   91.   74.    185.   0.   9. 209.  5.87 112.4   6.5 -87.9   1.6 200.0 230.1    .0    .0  66.2  39.1  32.6
1922     341   349    74   108  1030.  1786.  5852.  6680. 14318.   .47  4.01  594.  2.41  -13.   66.   76.    197.   0.   7. 227.  5.24 111.2   6.5 -91.9   1.2 200.0 224.3    .0    .0  63.8  39.0  32.5
1923     341   351    74   103   956.  1667.  5888.  5423. 12978.   .42  3.78  536.  2.42   -8.   78.   76.    204.   0.   8. 218.  4.63 108.1   6.5-107.6   1.4 200.0 205.4    .0    .0  63.2  38.9  32.4
1924     341   349    72   103   964.  1683.  5540.  5759. 12982.   .44  3.74  554.  2.34  -16.   48.   81.    206.   0.   5. 259.  4.53 108.9   6.5-109.1    .9 200.0 204.6    .0    .0  63.5  39.0  32.5
1925     341   349    73   102   992.  1716.  6163.  5539. 13418.   .41  3.89  579.  2.32  -21.   40.   77.    216.   0.   4. 279.  4.57 110.6   6.5-100.0    .7 200.0 214.8    .0    .0  62.5  39.0  32.5
1926     341   348    77   111  1094.  1898.  6337.  6759. 14993.   .45  4.28  612.  2.45  -46.  139.   72.    187.   0.  14. 180.  5.80 108.6   6.5 -81.7   2.5 200.0 232.9    .0    .0  64.4  38.9  32.5
1927     341   349    71   102   935.  1619.  5693.  5769. 13080.   .44  3.70  561.  2.33  -21.   31.   80.    204.   0.   3. 278.  4.59 108.9   6.5-108.0    .6 200.0 205.4    .0    .0  63.7  39.0  32.5
1928     341   349    74   108  1062.  1835.  6132.  6597. 14564.   .45  4.10  614.  2.37  -17.   62.   73.    204.   0.   6. 239.  5.25 109.0   6.5 -85.5   1.1 200.0 228.2    .0    .0  63.8  39.0  32.5
1929     341   347    74   110   971.  1687.  6350.  6465. 14502.   .45  3.87  591.  2.45  -54.  154.   79.    176.   0.  15. 170.  5.70 111.1   6.5 -99.1   2.8 200.0 219.0    .0    .0  66.2  39.0  32.5
1930     341   348    71   104   922.  1621.  5706.  6142. 13468.   .46  3.74  581.  2.32  -31.  113.   81.    207.   0.  11. 217.  4.68 111.2   6.5-111.9   2.0 200.0 205.5    .0    .0  65.5  39.0  32.5
1931     341   347    72    98   983.  1731.  5758.  4749. 12238.   .39  3.98  528.  2.32  -29.   43.   71.    227.   0.   4. 287.  4.11 107.6   6.5-100.6    .8 200.0 210.5    .0    .0  58.1  38.9  32.4

 MEANS over  30 years  :
        341.  349.   74.  105.  1007.  1758.  6110.  6025. 13893.   .43  4.01  584.  2.38  -22.   74.   76.    204.   0.   7. 235.  5.00 109.9   6.5 -96.7   1.3 200.0 218.0    .0    .0  63.7  39.0  32.5
 STANDARD DEVIATIONS  :
          0.    1.    2.    4.    58.   102.   392.   678.   850.   .03   .23   31.   .06   10.   29.    4.     13.   0.   3.  30.   .50   1.5    .0  11.5    .5    .0  10.9    .0    .0   2.3    .1    .0
 VARIATION COEFFICIENTS (%)  : 
          .0    .3   3.0   3.6    5.7    5.8    6.4   11.3    6.1   6.9   5.7   5.3   2.5  45.3  38.9   5.5     6.4   .0 38.9 12.6   9.9   1.4    .1  11.9  38.9    .0   5.0    .0    .0   3.6    .1    .1



*** RESULTS OF CROP GROWTH MODEL NWHEAT *** SUMMARY OF OUTPUT FOR WINTER WHEAT AND YIELD STATISTICS ***

Name of run: SHIW1, Station= UKHI , Soil=   1, Crop=   1, Organic M.=   1, Nsoil=   1, IRR=   0, Runof=  .10
 Sevil., UKHI scen.(normal),no Var.change, waterlim. prod., CO2 353 ppm          


YEAR     SOW EMERG  ANTH  HALT   WRT   WLV    WST   WGR    TAGB     HI  LAIM PARAB  RUE   DWAV RAIN  ESOIL   TRANS DRAIN RUNOF IRR  WUE MINOM MINFM DNTOT NRAIN NGIFT NUPT  NLEACH NIMMO  NUE  DNFM  NBIOM
1902     341   351    74   108   954.  1696.  4495.   298.  6489.   .05  3.85  539.  1.20   95.   72.   71.     90.   0.   7.   0.  4.05  82.2   6.2 -95.2   1.3 200.0 192.0    .0    .0  33.8  37.4  31.2
1903     341   348    75   103   941.  1674.  3679.   372.  5726.   .07  3.64  470.  1.22  100.   74.   79.     88.   0.   7.   0.  3.43  79.3   6.2-113.6   1.3 200.0 169.2    .0    .0  33.8  37.2  31.0
1904     341   349    74   105  1037.  1836.  5021.   326.  7183.   .05  4.11  556.  1.29   94.   95.   68.    112.   0.   9.   0.  4.01  89.2   6.3 -94.6   1.7 200.0 199.1    .0    .0  36.1  37.9  31.6
1905     341   347    75   109   881.  1555.  5527.   452.  7535.   .06  3.61  539.  1.40   92.   74.   75.     83.   0.   7.   0.  4.77  79.9   6.2-101.4   1.3 200.0 184.4    .0    .0  40.9  37.2  31.0
1906     341   349    78   108  1088.  1907.  5456.   358.  7721.   .05  4.21  554.  1.39   94.   82.   75.     92.   0.   8.   0.  4.61  79.4   6.2 -78.8   1.5 200.0 204.3    .0    .0  37.8  37.2  31.0
1907     341   348    72   107   860.  1543.  3511.   286.  5340.   .05  3.41  478.  1.12   96.   81.   89.     79.   0.   8.   0.  3.17  76.2   6.1-135.9   1.5 200.0 145.9    .0    .0  36.6  36.8  30.7
1908     341   349    70   101   892.  1560.  4383.   298.  6241.   .05  3.50  467.  1.34   94.   86.   66.    106.   0.   9.   0.  3.63  87.8   6.3-122.0   1.6 200.0 171.2    .0    .0  36.5  37.9  31.6
1909     341   348    76   105  1009.  1818.  4870.   316.  7003.   .05  4.14  526.  1.33   96.   51.   59.     82.   0.   5.   0.  4.95  76.9   6.2 -83.5    .9 200.0 196.5    .0    .0  35.6  36.9  30.8
1910     341   351    75   106   970.  1742.  4238.   255.  6235.   .04  3.81  511.  1.22   99.   46.   61.     79.   0.   5.   0.  4.44  75.0   6.1-112.2    .8 200.0 167.3    .0    .0  37.3  36.7  30.6
1911     341   349    74   103   959.  1679.  5227.   342.  7249.   .05  3.75  510.  1.42   94.   69.   60.     95.   0.   7.   0.  4.66  82.1   6.2 -99.3   1.2 200.0 187.0    .0    .0  38.8  37.4  31.2
1912     341   349    80   105  1139.  2009.  7054.   439.  9503.   .05  4.52  606.  1.57   90.   79.   51.    111.   0.   8.   0.  5.90  88.6   6.3 -61.8   1.4 200.0 230.0    .0    .0  41.3  37.9  31.6
1913     341   347    73   111   994.  1749.  4766.  1172.  7687.   .15  3.99  542.  1.42   81.  114.   93.     90.   0.  11.   0.  4.19  83.3   6.3 -73.0   2.1 200.0 215.4    .0    .0  35.7  37.5  31.3
1914     341   348    73   101   815.  1471.  3567.   299.  5336.   .06  3.27  469.  1.14   99.   40.   59.     76.   0.   4.   0.  3.96  72.3   6.0-138.7    .7 200.0 138.8    .0    .0  38.5  36.1  30.1
1915     341   347    71   100   934.  1677.  3878.   323.  5878.   .05  3.69  511.  1.15   90.   74.   72.     84.   0.   7.   0.  3.76  79.4   6.2-108.6   1.3 200.0 174.5    .0    .0  33.7  37.2  31.0
1916     341   349    73   110  1034.  1821.  4744.   290.  6854.   .04  4.05  544.  1.26   96.   68.   59.     98.   0.   7.   0.  4.37  84.6   6.3 -96.0   1.2 200.0 193.5    .0    .0  35.4  37.6  31.3
1917     341   349    74   104   862.  1556.  3678.   271.  5505.   .05  3.46  460.  1.20  100.   27.   49.     75.   0.   3.   0.  4.43  71.8   6.0-132.0    .5 200.0 144.8    .0    .0  38.0  36.0  30.0
1918     341   348    72   106   879.  1535.  2832.   146.  4513.   .03  3.24  439.  1.03   83.   59.   61.     76.   0.   6.   0.  3.30  73.9   6.1-122.5   1.1 200.0 155.2    .0    .0  29.1  36.4  30.4
1919     341   350    71    98   905.  1596.  4285.   272.  6154.   .04  3.56  481.  1.28   97.   93.   72.    108.   0.   9.   0.  3.41  84.7   6.3-117.6   1.7 200.0 171.6    .0    .0  35.9  37.6  31.3
1920     341   347    71   105   854.  1523.  5816.   985.  8325.   .12  3.57  519.  1.60   92.   87.   62.    109.   0.   9.   0.  4.87  89.9   6.3-115.8   1.6 200.0 180.5    .0    .0  46.1  38.0  31.7
1921     341   350    76   112  1018.  1804.  4710.   583.  7098.   .08  4.18  545.  1.30   83.   91.   76.     89.   0.   9.   0.  4.32  81.0   6.2 -69.9   1.6 200.0 215.2    .0    .0  33.0  37.3  31.1
1922     341   349    74   108  1014.  1768.  4869.   310.  6948.   .04  3.92  511.  1.36   95.   66.   59.     95.   0.   7.   0.  4.50  83.5   6.3 -93.2   1.2 200.0 195.0    .0    .0  35.6  37.5  31.3
1923     341   351    74   103   941.  1654.  4766.   312.  6732.   .05  3.71  483.  1.40   93.   78.   67.     97.   0.   8.   0.  4.12  80.1   6.2-103.6   1.4 200.0 181.0    .0    .0  37.2  37.2  31.0
1924     341   349    72   103   797.  1438.  3146.   205.  4789.   .04  3.18  442.  1.08   97.   48.   64.     76.   0.   5.   0.  3.42  72.8   6.0-142.2    .9 200.0 135.4    .0    .0  35.4  36.2  30.2
1925     341   349    73   102   872.  1552.  3061.   246.  4859.   .05  3.30  455.  1.07   95.   40.   50.     80.   0.   4.   0.  3.73  76.8   6.1-126.3    .7 200.0 153.7    .0    .0  31.6  36.9  30.7
1926     341   348    77   111   995.  1762.  4420.  1456.  7639.   .19  3.93  537.  1.42   64.  139.   93.     95.   0.  14.   0.  4.05  80.4   6.2 -88.2   2.5 200.0 197.8    .0    .0  38.6  37.3  31.1
1927     341   349    71   102   773.  1362.  3895.   227.  5484.   .04  3.07  454.  1.21   96.   31.   46.     78.   0.   3.   0.  4.41  75.0   6.1-135.3    .6 200.0 145.1    .0    .0  37.8  36.6  30.5
1928     341   349    74   108   887.  1577.  3632.   386.  5596.   .07  3.35  479.  1.17   85.   62.   63.     77.   0.   6.   0.  3.99  72.9   6.0-112.3   1.1 200.0 165.2    .0    .0  33.9  36.3  30.2
1929     341   347    74   110   949.  1662.  4748.  1361.  7771.   .18  3.74  530.  1.47   44.  154.   84.     98.   0.  15.   0.  4.26  86.7   6.3 -84.1   2.8 200.0 209.0    .0    .0  37.2  37.8  31.5
1930     341   348    71   104   876.  1554.  4717.   306.  6576.   .05  3.57  516.  1.27   77.  113.   78.    100.   0.  11.   0.  3.68  86.1   6.3-108.7   2.0 200.0 183.6    .0    .0  35.8  37.7  31.4
1931     341   347    72    98   827.  1483.  4132.   261.  5877.   .04  3.33  448.  1.31   93.   43.   52.     80.   0.   4.   0.  4.47  75.1   6.1-118.1    .8 200.0 161.1    .0    .0  36.5  36.7  30.6

 MEANS over  30 years  :
        341.  349.   74.  105.   932.  1652.  4437.   439.  6528.   .06  3.69  504.  1.29   90.   74.   67.     90.   0.   7.   0.  4.16  80.2   6.2-106.2   1.3 200.0 178.8    .0    .0  36.4  37.1  31.0
 STANDARD DEVIATIONS  :
          0.    1.    2.    4.    86.   146.   879.   332.  1125.   .04   .35   41.   .14   12.   29.   12.     11.   0.   3.   0.   .57   5.3    .1  21.0    .5    .0  24.2    .0    .0   3.1    .6    .5
 VARIATION COEFFICIENTS (%)  : 
          .0    .3   3.0   3.6    9.2    8.9   19.8   75.7   17.2  61.7   9.4   8.1  10.8  12.8  38.9  18.5    12.7   .0 38.9   .0  13.7   6.6   1.5  19.8  38.9    .0  13.6    .0    .0   8.4   1.5   1.5



*** RESULTS OF CROP GROWTH MODEL NWHEAT *** SUMMARY OF OUTPUT FOR WINTER WHEAT AND YIELD STATISTICS ***

Name of run: SHIP5, Station= UKHI , Soil=   1, Crop=   5, Organic M.=   1, Nsoil=   1, IRR=   1, Runof=  .10
 Sevil., UKHI scen.(normal),no Var.change, pot. prod., CO2 560 ppm               


YEAR     SOW EMERG  ANTH  HALT   WRT   WLV    WST   WGR    TAGB     HI  LAIM PARAB  RUE   DWAV RAIN  ESOIL   TRANS DRAIN RUNOF IRR  WUE MINOM MINFM DNTOT NRAIN NGIFT NUPT  NLEACH NIMMO  NUE  DNFM  NBIOM
1902     341   351    74   108  1156.  2043.  7401.  8439. 17884.   .47  4.40  634.  2.82   -8.   72.   73.    201.   0.   7. 217.  6.52 111.0   6.5 -63.9   1.3 200.0 251.6    .0    .0  71.1  39.0  32.5
1903     341   348    75   103  1170.  2045.  7547.  6835. 16427.   .42  4.38  559.  2.94  -26.   74.   68.    203.   0.   7. 230.  6.07 108.5   6.5 -62.9   1.3 200.0 249.5    .0    .0  65.8  39.0  32.5
1904     341   349    74   105  1237.  2188.  7259.  8054. 17501.   .46  4.64  620.  2.82  -24.   95.   66.    215.   0.   9. 220.  6.22 111.8   6.5 -59.6   1.7 200.0 256.2    .0    .0  68.3  39.1  32.6
1905     341   347    75   109  1153.  2027.  8150.  8300. 18476.   .45  4.42  628.  2.94  -17.   74.   73.    175.   0.   7. 198.  7.46 111.0   6.5 -54.1   1.3 200.0 261.5    .0    .0  70.6  39.0  32.5
1906     341   349    78   108  1279.  2236.  7917.  7720. 17873.   .43  4.72  609.  2.93  -24.   82.   64.    194.   0.   8. 208.  6.95 107.2   6.5 -45.3   1.5 200.0 265.2    .0    .0  67.4  38.9  32.4
1907     341   348    72   107  1212.  2118.  7675.  8348. 18140.   .46  4.53  617.  2.94  -10.   81.   69.    191.   0.   8. 197.  6.99 110.6   6.5 -55.6   1.5 200.0 259.5    .0    .0  69.9  39.0  32.5
1908     341   349    70   101  1078.  1882.  6763.  7171. 15816.   .45  4.02  538.  2.94  -11.   86.   75.    202.   0.   9. 210.  5.72 111.8   6.5 -87.5   1.6 200.0 229.2    .0    .0  69.0  39.1  32.6
1909     341   348    76   105  1250.  2225.  7865.  7529. 17619.   .43  4.83  595.  2.96  -21.   51.   63.    200.   0.   5. 238.  6.69 107.6   6.5 -44.0    .9 200.0 266.5    .0    .0  66.1  38.9  32.4
1910     341   351    75   106  1255.  2214.  7516.  7905. 17635.   .45  4.71  618.  2.85  -12.   46.   66.    211.   0.   5. 248.  6.36 108.3   6.5 -44.2    .8 200.0 267.4    .0    .0  65.9  38.9  32.5
1911     341   349    74   103  1163.  2035.  7627.  6920. 16582.   .42  4.31  571.  2.90  -28.   69.   70.    204.   0.   7. 240.  6.07 109.7   6.5 -66.9   1.2 200.0 246.4    .0    .0  67.3  39.0  32.5
1912     341   349    80   105  1318.  2335.  8552.  6598. 17485.   .38  4.96  637.  2.74  -23.   79.   60.    218.   0.   8. 230.  6.29 107.7   6.5 -31.9   1.4 200.0 277.9    .0    .0  62.9  38.9  32.4
1913     341   347    73   111  1198.  2103.  7379.  9200. 18682.   .49  4.54  638.  2.93  -23.  114.   71.    189.   0.  11. 180.  7.19 112.3   6.5 -56.6   2.1 200.0 261.0    .0    .0  71.6  39.1  32.6
1914     341   348    73   101  1165.  2047.  7647.  7030. 16724.   .42  4.37  589.  2.84  -23.   40.   71.    209.   0.   4. 267.  5.97 109.3   6.5 -63.0    .7 200.0 249.5    .0    .0  67.0  39.0  32.5
1915     341   347    71   100  1203.  2125.  7747.  7160. 17032.   .42  4.60  609.  2.80  -31.   74.   67.    208.   0.   7. 240.  6.20 110.2   6.5 -60.2   1.3 200.0 253.6    .0    .0  67.2  39.0  32.5
1916     341   349    73   110  1237.  2174.  7371.  9312. 18857.   .49  4.67  640.  2.95  -17.   68.   67.    193.   0.   7. 216.  7.24 111.6   6.5 -54.1   1.2 200.0 261.8    .0    .0  72.0  39.1  32.5
1917     341   349    74   104  1203.  2118.  7356.  7531. 17005.   .44  4.52  573.  2.97  -30.   27.   68.    206.   0.   3. 278.  6.22 108.8   6.5 -59.6    .5 200.0 252.1    .0    .0  67.4  39.0  32.5
1918     341   348    72   106  1205.  2087.  6972.  8159. 17218.   .47  4.34  602.  2.86  -22.   59.   70.    219.   0.   6. 257.  5.97 109.1   6.5 -67.0   1.1 200.0 245.9    .0    .0  70.0  39.0  32.5
1919     341   350    71    98  1107.  1940.  6907.  6412. 15259.   .42  4.13  541.  2.82  -23.   93.   70.    219.   0.   9. 229.  5.28 109.2   6.5 -80.0   1.7 200.0 233.3    .0    .0  65.4  39.0  32.5
1920     341   347    71   105  1074.  1912.  7189.  7753. 16854.   .46  4.19  579.  2.91  -30.   87.   75.    182.   0.   9. 209.  6.56 112.6   6.5 -65.9   1.6 200.0 252.1    .0    .0  66.9  39.1  32.6
1921     341   350    76   112  1226.  2158.  7860.  8626. 18645.   .46  4.78  624.  2.99  -31.   91.   68.    182.   0.   9. 199.  7.45 112.1   6.5 -50.4   1.6 200.0 266.6    .0    .0  69.9  39.1  32.6
1922     341   349    74   108  1203.  2099.  7154.  8519. 17772.   .48  4.43  606.  2.93  -13.   66.   70.    194.   0.   7. 217.  6.75 111.7   6.5 -53.8   1.2 200.0 262.1    .0    .0  67.8  39.1  32.5
1923     341   351    74   103  1143.  2006.  7237.  7119. 16362.   .44  4.27  552.  2.96   -7.   78.   68.    203.   0.   8. 208.  6.04 108.0   6.5 -69.1   1.4 200.0 242.8    .0    .0  67.4  38.9  32.4
1924     341   349    72   103  1141.  2002.  6853.  7506. 16360.   .46  4.17  567.  2.89  -16.   48.   73.    203.   0.   5. 249.  5.92 108.8   6.5 -70.9    .9 200.0 241.8    .0    .0  67.7  39.0  32.5
1925     341   349    73   102  1170.  2038.  7507.  7207. 16752.   .43  4.33  592.  2.83  -21.   40.   70.    213.   0.   4. 269.  5.91 110.7   6.5 -63.4    .7 200.0 250.6    .0    .0  66.8  39.0  32.5
1926     341   348    77   111  1283.  2237.  7628.  8649. 18513.   .47  4.74  624.  2.97  -45.  139.   65.    184.   0.  14. 170.  7.43 108.6   6.5 -43.0   2.5 200.0 270.7    .0    .0  68.4  39.0  32.5
1927     341   349    71   102  1099.  1914.  7003.  7490. 16406.   .46  4.10  575.  2.86  -21.   31.   74.    201.   0.   3. 268.  5.97 108.7   6.5 -71.7    .6 200.0 240.8    .0    .0  68.1  39.0  32.5
1928     341   349    74   108  1258.  2191.  7476.  8380. 18048.   .46  4.60  628.  2.87  -16.   62.   66.    202.   0.   6. 229.  6.72 108.9   6.5 -43.4   1.1 200.0 269.3    .0    .0  67.0  39.0  32.5
1929     341   347    74   110  1153.  2015.  7726.  8267. 18008.   .46  4.33  607.  2.97  -53.  154.   71.    174.   0.  15. 160.  7.34 111.1   6.5 -60.1   2.8 200.0 257.3    .0    .0  70.0  39.0  32.5
1930     341   348    71   104  1115.  1975.  7076.  7962. 17013.   .47  4.27  600.  2.83  -31.  113.   72.    207.   0.  11. 208.  6.12 110.9   6.5 -72.5   2.0 200.0 243.8    .0    .0  69.8  39.0  32.5
1931     341   347    72    98  1160.  2051.  7077.  6255. 15383.   .41  4.42  540.  2.85  -28.   43.   65.    224.   0.   4. 277.  5.33 107.5   6.5 -64.8    .8 200.0 245.2    .0    .0  62.7  38.9  32.4

 MEANS over  30 years  :
        341.  349.   74.  105.  1187.  2085.  7448.  7745. 17278.   .45  4.46  597.  2.89  -23.   74.   69.    201.   0.   7. 226.  6.43 109.8   6.5 -59.5   1.3 200.0 254.4    .0    .0  67.9  39.0  32.5
 STANDARD DEVIATIONS  :
          0.    1.    2.    4.    61.   108.   395.   771.   947.   .03   .23   31.   .06   10.   29.    4.     13.   0.   3.  30.   .60   1.6    .0  11.8    .5    .0  11.3    .0    .0   2.2    .1    .0
 VARIATION COEFFICIENTS (%)  : 
          .0    .3   3.0   3.6    5.1    5.2    5.3   10.0    5.5   5.8   5.2   5.1   2.1  43.6  38.9   5.1     6.4   .0 38.9 13.3   9.4   1.5    .1  19.8  38.9    .0   4.4    .0    .0   3.2    .1    .1



*** RESULTS OF CROP GROWTH MODEL NWHEAT *** SUMMARY OF OUTPUT FOR WINTER WHEAT AND YIELD STATISTICS ***

Name of run: SHIW5, Station= UKHI , Soil=   1, Crop=   5, Organic M.=   1, Nsoil=   1, IRR=   0, Runof=  .10
 Sevil., UKHI scen.(normal),no Var.change, waterlim. prod., CO2 560 ppm          


YEAR     SOW EMERG  ANTH  HALT   WRT   WLV    WST   WGR    TAGB     HI  LAIM PARAB  RUE   DWAV RAIN  ESOIL   TRANS DRAIN RUNOF IRR  WUE MINOM MINFM DNTOT NRAIN NGIFT NUPT  NLEACH NIMMO  NUE  DNFM  NBIOM
1902     341   351    74   108  1123.  2006.  5560.   366.  7932.   .05  4.25  556.  1.43   95.   72.   69.     91.   0.   7.   0.  4.95  82.9   6.2 -60.7   1.3 200.0 226.4    .0    .0  35.0  37.5  31.2
1903     341   348    75   103  1111.  1986.  4745.   480.  7211.   .07  4.05  488.  1.48  100.   74.   78.     88.   0.   7.   0.  4.34  80.1   6.2 -76.7   1.3 200.0 205.8    .0    .0  35.0  37.3  31.0
1904     341   349    74   105  1225.  2179.  6276.   481.  8937.   .05  4.56  573.  1.56   92.   95.   64.    113.   0.   9.   0.  5.05  90.5   6.3 -59.3   1.7 200.0 234.8    .0    .0  38.1  38.0  31.7
1905     341   347    75   109  1061.  1878.  7135.   561.  9574.   .06  4.09  566.  1.69   91.   74.   72.     85.   0.   7.   0.  6.10  80.7   6.2 -63.1   1.3 200.0 222.6    .0    .0  43.0  37.3  31.1
1906     341   349    78   108  1267.  2226.  6982.   513.  9721.   .05  4.62  571.  1.70   92.   82.   71.     94.   0.   8.   0.  5.88  80.5   6.2 -38.6   1.5 200.0 244.7    .0    .0  39.7  37.3  31.1
1907     341   348    72   107  1029.  1874.  4432.   374.  6681.   .06  3.84  500.  1.34   94.   81.   87.     80.   0.   8.   0.  4.01  77.5   6.2-113.7   1.5 200.0 168.4    .0    .0  39.7  37.0  30.8
1908     341   349    70   101  1069.  1876.  5678.   376.  7929.   .05  3.95  488.  1.63   93.   86.   63.    108.   0.   9.   0.  4.65  89.1   6.3 -88.1   1.6 200.0 205.5    .0    .0  38.6  38.0  31.6
1909     341   348    76   105  1194.  2157.  6068.   390.  8615.   .05  4.58  543.  1.59   95.   51.   57.     84.   0.   5.   0.  6.13  77.7   6.2 -47.0    .9 200.0 232.7    .0    .0  37.0  37.0  30.8
1910     341   351    75   106  1164.  2101.  5286.   318.  7706.   .04  4.37  530.  1.45   99.   46.   60.     79.   0.   5.   0.  5.51  75.7   6.1 -77.3    .8 200.0 201.8    .0    .0  38.2  36.8  30.6
1911     341   349    74   103  1149.  2021.  6623.   422.  9065.   .05  4.24  532.  1.71   93.   69.   58.     97.   0.   7.   0.  5.85  83.0   6.2 -61.0   1.2 200.0 225.1    .0    .0  40.3  37.5  31.2
1912     341   349    80   105  1317.  2333.  8496.   593. 11421.   .05  4.95  616.  1.85   89.   79.   49.    112.   0.   8.   0.  7.10  89.2   6.3 -26.6   1.4 200.0 264.9    .0    .0  43.1  38.0  31.6
1913     341   347    73   111  1172.  2076.  5879.  1540.  9495.   .16  4.41  562.  1.69   78.  114.   90.     91.   0.  11.   0.  5.25  84.6   6.3 -41.7   2.1 200.0 247.0    .0    .0  38.4  37.6  31.3
1914     341   348    73   101   990.  1795.  4499.   376.  6671.   .06  3.73  492.  1.36   98.   40.   58.     76.   0.   4.   0.  5.00  73.1   6.0-118.4    .7 200.0 159.8    .0    .0  41.8  36.3  30.2
1915     341   347    71   100  1115.  2022.  4849.   404.  7274.   .06  4.18  531.  1.37   88.   74.   69.     85.   0.   7.   0.  4.71  80.4   6.2 -70.4   1.3 200.0 212.2    .0    .0  34.3  37.3  31.1
1916     341   349    73   110  1215.  2146.  5912.   357.  8415.   .04  4.49  562.  1.50   96.   68.   58.     99.   0.   7.   0.  5.37  85.2   6.3 -60.2   1.2 200.0 229.1    .0    .0  36.7  37.6  31.4
1917     341   349    74   104  1027.  1865.  4595.   340.  6801.   .05  3.87  477.  1.42   99.   27.   48.     75.   0.   3.   0.  5.49  72.3   6.0-113.4    .5 200.0 163.8    .0    .0  41.5  36.1  30.1
1918     341   348    72   106  1039.  1838.  3568.   181.  5586.   .03  3.65  459.  1.22   83.   59.   60.     76.   0.   6.   0.  4.11  74.2   6.1 -90.5   1.1 200.0 186.2    .0    .0  30.0  36.5  30.4
1919     341   350    71    98  1076.  1906.  5481.   355.  7742.   .05  3.97  498.  1.55   97.   93.   70.    110.   0.   9.   0.  4.31  85.6   6.3 -83.8   1.7 200.0 205.2    .0    .0  37.7  37.7  31.4
1920     341   347    71   105  1035.  1849.  7098.  1442. 10389.   .14  4.07  542.  1.91   92.   87.   59.    111.   0.   9.   0.  6.09  90.6   6.3 -79.6   1.6 200.0 216.7    .0    .0  47.9  38.1  31.7
1921     341   350    76   112  1196.  2133.  5818.   833.  8784.   .09  4.63  564.  1.56   82.   91.   74.     89.   0.   9.   0.  5.37  81.6   6.2 -45.0   1.6 200.0 240.5    .0    .0  36.5  37.3  31.1
1922     341   349    74   108  1188.  2085.  5959.   379.  8423.   .04  4.37  528.  1.60   94.   66.   57.     96.   0.   7.   0.  5.51  84.5   6.3 -58.2   1.2 200.0 230.1    .0    .0  36.6  37.6  31.3
1923     341   351    74   103  1131.  1997.  6098.   434.  8529.   .05  4.19  504.  1.69   92.   78.   62.    100.   0.   8.   0.  5.25  81.1   6.2 -65.5   1.4 200.0 219.1    .0    .0  38.9  37.3  31.1
1924     341   349    72   103   953.  1736.  3957.   258.  5951.   .04  3.59  460.  1.29   96.   48.   63.     76.   0.   5.   0.  4.27  73.3   6.1-118.3    .9 200.0 159.3    .0    .0  37.4  36.3  30.3
1925     341   349    73   102  1042.  1871.  3909.   315.  6095.   .05  3.72  477.  1.28   94.   40.   50.     80.   0.   4.   0.  4.69  77.2   6.2 -96.6    .7 200.0 182.7    .0    .0  33.4  36.9  30.8
1926     341   348    77   111  1179.  2103.  5460.  2171.  9735.   .22  4.39  563.  1.73   58.  139.   83.    100.   0.  14.   0.  5.33  81.7   6.2 -51.7   2.5 200.0 234.5    .0    .0  41.5  37.4  31.2
1927     341   349    71   102   932.  1652.  4932.   287.  6870.   .04  3.49  477.  1.44   96.   31.   46.     78.   0.   3.   0.  5.55  75.7   6.1-107.9    .6 200.0 172.6    .0    .0  39.8  36.7  30.6
1928     341   349    74   108  1068.  1923.  4595.   587.  7105.   .08  3.87  503.  1.41   84.   62.   62.     78.   0.   6.   0.  5.08  73.4   6.1 -84.2   1.1 200.0 193.0    .0    .0  36.8  36.3  30.3
1929     341   347    74   110  1135.  1997.  6043.  2056. 10096.   .20  4.22  555.  1.82   42.  154.   80.    101.   0.  15.   0.  5.58  87.4   6.3 -43.0   2.8 200.0 249.9    .0    .0  40.4  37.8  31.5
1930     341   348    71   104  1069.  1909.  5910.   420.  8239.   .05  4.10  542.  1.52   76.  113.   75.    102.   0.  11.   0.  4.64  86.9   6.3 -66.5   2.0 200.0 225.5    .0    .0  36.5  37.8  31.5
1931     341   347    72    98  1000.  1801.  5193.   329.  7323.   .04  3.81  469.  1.56   92.   43.   51.     80.   0.   4.   0.  5.58  75.6   6.1 -82.3    .8 200.0 196.1    .0    .0  37.3  36.7  30.6

 MEANS over  30 years  :
        341.  349.   74.  105.  1109.  1978.  5568.   598.  8144.   .07  4.14  524.  1.54   89.   74.   65.     91.   0.   7.   0.  5.22  81.0   6.2 -73.0   1.3 200.0 211.9    .0    .0  38.4  37.2  31.0
 STANDARD DEVIATIONS  :
          0.    1.    2.    4.    91.   153.  1062.   501.  1391.   .05   .35   40.   .17   12.   29.   11.     12.   0.   3.   0.   .68   5.4    .1  24.7    .5    .0  28.2    .0    .0   3.3    .6    .5
 VARIATION COEFFICIENTS (%)  : 
          .0    .3   3.0   3.6    8.2    7.7   19.1   83.7   17.1  68.1   8.4   7.6  11.2  13.6  38.9  17.4    13.2   .0 38.9   .0  13.1   6.7   1.5  33.9  38.9    .0  13.3    .0    .0   8.7   1.5   1.5



*** RESULTS OF CROP GROWTH MODEL NWHEAT *** SUMMARY OF OUTPUT FOR WINTER WHEAT AND YIELD STATISTICS ***

Name of run: SLOP1, Station= UKLO , Soil=   1, Crop=   1, Organic M.=   1, Nsoil=   1, IRR=   1, Runof=  .10
 Sevil., UKLO scen.(normal),no Var.change, pot. prod., CO2 353 ppm               


YEAR     SOW EMERG  ANTH  HALT   WRT   WLV    WST   WGR    TAGB     HI  LAIM PARAB  RUE   DWAV RAIN  ESOIL   TRANS DRAIN RUNOF IRR  WUE MINOM MINFM DNTOT NRAIN NGIFT NUPT  NLEACH NIMMO  NUE  DNFM  NBIOM
1902     341   352    78   117   927.  1636.  6140.  7256. 15032.   .48  3.78  597.  2.52   -7.  268.   92.    196.  52.  27. 106.  5.20 113.4   6.5-102.7   4.8 200.0 215.4   4.7    .0  69.8  39.1  32.6
1903     341   348    79   108   922.  1591.  6029.  5322. 12942.   .41  3.64  494.  2.62  -24.  275.   83.    202.   7.  27.  70.  4.54 110.1   6.5-113.6   4.9 200.0 205.1    .5    .0  63.1  39.0  32.5
1904     341   350    78   113   977.  1709.  5993.  6679. 14380.   .46  3.92  572.  2.51  -25.  377.   84.    208.  62.  38.  40.  4.91 112.7   6.5-103.1   6.8 200.0 214.5   6.0    .0  67.1  39.1  32.6
1905     341   348    79   118   886.  1548.  6451.  6762. 14760.   .46  3.61  562.  2.63  -56.  310.   93.    164.  34.  31.  68.  5.74 110.6   6.5-105.2   5.6 200.0 212.7   3.0    .0  69.4  39.0  32.5
1906     341   349    83   115  1036.  1790.  6675.  6260. 14725.   .43  4.05  563.  2.62  -13.  326.   76.    190.  62.  33.  48.  5.53 108.4   6.5 -89.2   5.9 200.0 223.7   5.0    .0  65.8  38.9  32.5
1907     341   349    78   113   975.  1687.  6430.  6431. 14549.   .44  3.88  551.  2.64  -19.  281.   84.    189.   0.  28.  38.  5.33 110.6   6.5 -93.5   5.1 200.0 226.4    .0    .0  64.3  39.0  32.5
1908     341   350    74   109   809.  1405.  5297.  5546. 12248.   .45  3.21  474.  2.58  -13.  351.   98.    191.  83.  35.  70.  4.24 111.5   6.5-131.3   6.3 200.0 182.9   8.5    .0  67.0  39.0  32.5
1909     341   348    80   110   961.  1697.  6495.  5757. 13949.   .41  3.96  524.  2.66  -26.  222.   79.    193.  30.  22. 128.  5.12 107.9   6.5 -94.1   4.0 200.0 219.2   2.4    .0  63.6  38.9  32.4
1910     341   352    78   112   961.  1688.  5914.  6568. 14169.   .46  3.87  555.  2.55  -28.  193.   85.    206.   2.  19. 148.  4.87 108.5   6.5-103.6   3.5 200.0 212.2    .2    .0  66.8  38.9  32.5
1911     341   350    79   109   902.  1562.  6173.  5188. 12923.   .40  3.53  508.  2.55  -30.  280.   90.    198.  64.  28. 130.  4.49 108.2   6.5-105.8   5.0 200.0 205.5   6.2    .0  62.9  38.9  32.4
1912     341   350    84   115  1077.  1895.  7006.  6228. 15129.   .41  4.33  610.  2.48  -38.  326.   72.    210.  82.  33. 110.  5.35 109.1   6.5 -74.6   5.9 200.0 235.0   8.6    .0  64.4  39.0  32.5
1913     341   348    78   120   976.  1704.  5973.  7845. 15522.   .51  3.94  598.  2.59  -49.  328.   86.    191.   0.  33.  30.  5.61 115.3   6.5-104.9   5.9 200.0 220.5    .0    .0  70.4  39.2  32.6
1914     341   349    77   106   916.  1592.  6204.  5361. 13157.   .41  3.62  515.  2.55  -30.  185.   87.    203.   0.  19. 154.  4.54 110.0   6.5-109.0   3.3 200.0 208.5    .0    .0  63.1  39.0  32.5
1915     341   347    74   109   965.  1680.  6314.  6506. 14500.   .45  3.90  568.  2.55  -52.  330.   85.    208.   0.  33.  47.  4.96 114.8   6.5 -99.6   5.9 200.0 225.4    .0    .0  64.3  39.1  32.6
1916     341   350    78   117  1002.  1746.  6103.  7488. 15337.   .49  4.01  593.  2.59  -18.  223.   86.    198.  34.  22. 136.  5.39 110.9   6.5 -94.6   4.0 200.0 221.7   2.8    .0  69.2  39.0  32.5
1917     341   349    77   108   903.  1574.  5783.  5613. 12970.   .43  3.58  487.  2.66  -26.  130.   86.    194.   0.  13. 188.  4.64 108.6   6.5-114.4   2.3 200.0 200.7    .0    .0  64.6  39.0  32.5
1918     341   349    76   115   944.  1629.  5371.  7005. 14004.   .50  3.66  553.  2.53  -18.  173.   91.    215.   0.  17. 169.  4.58 112.3   6.5-116.0   3.1 200.0 203.8    .0    .0  68.7  39.1  32.6
1919     341   351    74   105   859.  1484.  5507.  5222. 12213.   .43  3.41  488.  2.50  -15.  403.   89.    215. 152.  40. 108.  4.02 108.9   6.5-110.3   7.3 200.0 187.3  23.0    .0  65.2  39.0  32.5
1920     341   348    76   111   849.  1507.  5876.  5613. 12995.   .43  3.52  506.  2.57  -19.  368.   86.    182. 101.  37.  57.  4.84 109.0   6.5-108.6   6.6 200.0 201.4  10.5    .0  64.5  39.0  32.5
1921     341   351    81   119   998.  1751.  6628.  7062. 15440.   .46  4.15  565.  2.73  -49.  255.   80.    178.   0.  26.  77.  5.99 110.6   6.5 -91.9   4.6 200.0 227.5    .0    .0  67.9  39.0  32.5
1922     341   350    78   115   943.  1635.  5636.  6848. 14119.   .49  3.70  539.  2.62  -30.  284.   84.    195.  41.  28.  96.  5.06 112.2   6.5-109.9   5.1 200.0 208.0   3.8    .0  67.9  39.1  32.6
1923     341   352    78   109   851.  1481.  5606.  5663. 12750.   .44  3.41  478.  2.67  -25.  392.   90.    193. 121.  39.  76.  4.50 109.4   6.5-107.6   7.1 200.0 198.1  15.3    .0  64.4  39.0  32.5
1924     341   349    75   111   881.  1526.  5506.  6087. 13119.   .46  3.42  504.  2.60  -33.  214.   93.    196.   0.  21. 130.  4.54 110.4   6.5-126.7   3.9 200.0 192.2    .0    .0  68.2  39.0  32.5
1925     341   349    76   110   899.  1546.  6082.  5893. 13522.   .44  3.52  525.  2.57  -21.  166.   84.    201.   0.  17. 156.  4.75 109.1   6.5-113.5   3.0 200.0 203.1    .0    .0  66.6  39.0  32.5
1926     341   349    81   117  1044.  1810.  6253.  6845. 14908.   .46  4.13  572.  2.60  -37.  404.   78.    191.  75.  40.  18.  5.53 109.5   6.5 -88.5   7.3 200.0 221.2  11.1    .0  67.4  39.0  32.5
1927     341   350    75   111   855.  1485.  5561.  6213. 13259.   .47  3.43  513.  2.59  -54.  203.   93.    194.   0.  20. 158.  4.62 110.4   6.5-127.5   3.7 200.0 191.2    .0    .0  69.3  39.0  32.5
1928     341   350    78   117  1033.  1799.  6223.  7258. 15280.   .47  4.08  595.  2.57  -28.  171.   72.    202.  11.  17. 159.  5.58 108.8   6.5 -88.2   3.1 200.0 225.8   1.9    .0  67.7  39.0  32.5
1929     341   348    79   117   945.  1637.  6486.  6422. 14545.   .44  3.78  545.  2.67  -38.  322.   86.    177.  19.  32.  30.  5.54 110.9   6.5 -98.5   5.8 200.0 220.6   2.1    .0  65.9  39.0  32.5
1930     341   348    74   109   820.  1439.  5599.  6009. 13047.   .46  3.32  516.  2.53  -21.  323.   93.    194.  40.  32.  58.  4.54 107.1   6.5-121.3   5.8 200.0 192.9   3.7    .0  67.6  38.9  32.4
1931     341   348    75   104   928.  1619.  5490.  5163. 12272.   .42  3.75  465.  2.64  -27.  233.   77.    217.  56.  23. 167.  4.18 107.3   6.5-108.3   4.2 200.0 199.9   7.0    .0  61.4  38.9  32.4

 MEANS over  30 years  :
        341.  349.   78.  112.   935.  1628.  6027.  6270. 13926.   .45  3.74  538.  2.59  -29.  277.   85.    196.  38.  28.  99.  4.96 110.2   6.5-105.2   5.0 200.0 210.1   4.2    .0  66.3  39.0  32.5
 STANDARD DEVIATIONS  :
          0.    1.    3.    4.    67.   117.   423.   726.  1021.   .03   .27   41.   .06   13.   76.    6.     12.  41.   8.  49.   .50   2.0    .0  12.6   1.4    .0  13.2   5.3    .0   2.3    .1    .1
 VARIATION COEFFICIENTS (%)  : 
          .0    .4   3.2   3.8    7.1    7.2    7.0   11.6    7.3   6.1   7.3   7.6   2.2  43.4  27.5   7.3     5.9107.6 27.5 49.9  10.2   1.8    .2  11.9  27.5    .0   6.3 125.7    .0   3.5    .2    .2



*** RESULTS OF CROP GROWTH MODEL NWHEAT *** SUMMARY OF OUTPUT FOR WINTER WHEAT AND YIELD STATISTICS ***

Name of run: SLOW1, Station= UKLO , Soil=   1, Crop=   1, Organic M.=   1, Nsoil=   1, IRR=   0, Runof=  .10
 Sevil., UKLO scen.(normal),no Var.change, waterlim. prod., CO2 353 ppm          


YEAR     SOW EMERG  ANTH  HALT   WRT   WLV    WST   WGR    TAGB     HI  LAIM PARAB  RUE   DWAV RAIN  ESOIL   TRANS DRAIN RUNOF IRR  WUE MINOM MINFM DNTOT NRAIN NGIFT NUPT  NLEACH NIMMO  NUE  DNFM  NBIOM
1902     341   352    78   117   927.  1636.  6140.  7255. 15031.   .48  3.78  597.  2.52   78.  268.   76.    196.  46.  27.   0.  5.51 103.7   6.5 -92.6   4.8 200.0 216.3   4.0    .0  69.5  38.7  32.3
1903     341   348    79   108   922.  1591.  6028.  5320. 12939.   .41  3.64  494.  2.62   41.  275.   78.    202.   7.  27.   0.  4.61 108.2   6.5-107.8   4.9 200.0 208.9    .5    .0  62.0  38.9  32.4
1904     341   350    78   113   977.  1709.  5992.  6678. 14379.   .46  3.92  572.  2.51   13.  377.   82.    208.  62.  38.   0.  4.95 110.9   6.5-100.6   6.8 200.0 215.2   6.0    .0  66.8  39.0  32.5
1905     341   348    79   118   857.  1505.  6396.  6692. 14593.   .46  3.54  556.  2.62   -8.  310.   90.    161.  20.  31.   0.  5.81 105.3   6.5-104.6   5.6 200.0 209.5   1.7    .0  69.6  38.8  32.3
1906     341   349    83   115  1036.  1790.  6674.  6259. 14723.   .43  4.05  563.  2.62   22.  326.   71.    190.  54.  33.   0.  5.63 106.3   6.5 -86.8   5.9 200.0 224.7   4.2    .0  65.5  38.9  32.4
1907     341   349    78   113   962.  1666.  6412.  6407. 14485.   .44  3.84  549.  2.64   13.  281.   79.    188.   0.  28.   0.  5.44 108.5   6.5 -91.2   5.1 200.0 226.6    .0    .0  63.9  38.9  32.4
1908     341   350    74   109   809.  1405.  5297.  5546. 12247.   .45  3.21  474.  2.58   34.  351.   75.    191.  83.  35.   0.  4.61 108.0   6.5-126.9   6.3 200.0 183.8   8.5    .0  66.6  38.9  32.4
1909     341   348    80   110   937.  1659.  6441.  5654. 13753.   .41  3.88  519.  2.65   74.  222.   70.    189.  14.  22.   0.  5.30 100.8   6.4 -88.5   4.0 200.0 219.2   1.1    .0  62.8  38.6  32.2
1910     341   352    78   112   937.  1653.  5882.  5435. 12969.   .42  3.81  550.  2.36   83.  193.   72.    184.   0.  19.   0.  5.06  99.3   6.4 -95.8   3.5 200.0 211.1    .0    .0  61.4  38.5  32.1
1911     341   350    79   109   902.  1562.  6171.  5142. 12875.   .40  3.53  508.  2.54   74.  280.   75.    197.  54.  28.   0.  4.74 101.7   6.4 -96.3   5.0 200.0 209.4   5.0    .0  61.5  38.7  32.2
1912     341   350    84   115  1077.  1895.  7005.  6110. 15010.   .41  4.33  610.  2.46   60.  326.   62.    209.  82.  33.   0.  5.54  99.7   6.4 -63.2   5.9 200.0 236.8   8.6    .0  63.4  38.6  32.1
1913     341   348    78   120   976.  1704.  5972.  7844. 15521.   .51  3.94  598.  2.59  -19.  328.   86.    191.   0.  33.   0.  5.61 114.8   6.5-103.3   5.9 200.0 221.4    .0    .0  70.1  39.1  32.6
1914     341   349    77   106   865.  1510.  6081.  4574. 12165.   .38  3.45  502.  2.42   86.  185.   72.    180.   0.  19.   0.  4.82  99.1   6.4-110.5   3.3 200.0 196.4    .0    .0  61.9  38.5  32.1
1915     341   347    74   109   961.  1673.  6306.  6497. 14476.   .45  3.89  567.  2.55   -7.  330.   83.    207.   0.  33.   0.  4.99 111.7   6.5 -95.3   5.9 200.0 226.6    .0    .0  63.9  39.0  32.5
1916     341   350    78   117   999.  1742.  6099.  7178. 15019.   .48  4.00  592.  2.53   85.  223.   68.    189.  29.  22.   0.  5.84 100.2   6.4 -89.1   4.0 200.0 217.1   2.2    .0  69.2  38.6  32.2
1917     341   349    77   108   838.  1470.  5642.  3127. 10240.   .31  3.41  466.  2.20   91.  130.   75.    133.   0.  13.   0.  4.92  94.0   6.4-116.0   2.3 200.0 184.8    .0    .0  55.4  38.3  31.9
1918     341   349    76   115   943.  1627.  4940.  1341.  7909.   .17  3.64  503.  1.57   73.  173.   88.    140.   0.  17.   0.  3.47  94.0   6.4-101.4   3.1 200.0 199.8    .0    .0  39.6  38.3  31.9
1919     341   351    74   105   844.  1461.  5474.  5163. 12099.   .43  3.36  485.  2.50   73.  403.   89.    213. 134.  40.   0.  4.01 103.6   6.5-106.5   7.3 200.0 188.2  20.6    .0  64.3  38.8  32.3
1920     341   348    76   111   808.  1440.  5767.  5478. 12685.   .43  3.38  495.  2.56    4.  368.   69.    177.  89.  37.   0.  5.15 107.3   6.5-114.1   6.6 200.0 195.9   9.0    .0  64.8  38.9  32.4
1921     341   351    81   119   998.  1750.  6625.  7057. 15432.   .46  4.15  565.  2.73   28.  255.   80.    178.   0.  26.   0.  6.00 104.1   6.5 -79.9   4.6 200.0 232.8    .0    .0  66.3  38.8  32.3
1922     341   350    78   115   943.  1635.  5635.  6847. 14117.   .49  3.70  539.  2.62   45.  284.   69.    195.  36.  28.   0.  5.34 109.5   6.5-105.0   5.1 200.0 210.7   3.2    .0  67.0  39.0  32.5
1923     341   352    78   109   851.  1481.  5606.  5663. 12750.   .44  3.41  478.  2.67   32.  392.   77.    193. 114.  39.   0.  4.71 106.4   6.5-104.4   7.1 200.0 199.1  14.4    .0  64.0  38.9  32.4
1924     341   349    75   111   785.  1369.  5251.  3803. 10423.   .36  3.12  480.  2.17   59.  214.   93.    159.   0.  21.   0.  4.14 100.1   6.4-126.1   3.9 200.0 182.8    .0    .0  57.0  38.6  32.1
1925     341   349    76   110   899.  1546.  6083.  3370. 10999.   .31  3.52  514.  2.14   91.  166.   74.    166.   0.  17.   0.  4.57  94.8   6.4-105.4   3.0 200.0 197.0    .0    .0  55.8  38.3  31.9
1926     341   349    81   117   990.  1727.  6183.  6736. 14646.   .46  3.99  563.  2.60  -37.  404.   76.    187.  63.  40.   0.  5.56 108.5   6.5 -94.9   7.3 200.0 214.7  10.3    .0  68.2  38.9  32.4
1927     341   350    75   111   791.  1382.  5415.  4611. 11408.   .40  3.23  493.  2.31   58.  203.   77.    163.   0.  20.   0.  4.74  94.7   6.4-122.2   3.7 200.0 181.1    .0    .0  63.0  38.3  31.9
1928     341   350    78   117   992.  1743.  5096.  4708. 11546.   .41  3.90  572.  2.02   64.  171.   73.    145.   0.  17.   0.  5.29  89.2   6.3 -74.9   3.1 200.0 220.9    .0    .0  52.3  38.0  31.6
1929     341   348    79   117   945.  1637.  6486.  6422. 14545.   .44  3.78  545.  2.67  -20.  322.   85.    177.   8.  32.   0.  5.56 108.5   6.5 -97.6   5.8 200.0 220.6    .7    .0  65.9  38.9  32.4
1930     341   348    74   109   798.  1403.  5541.  5928. 12872.   .46  3.24  510.  2.52   16.  323.   92.    191.  23.  32.   0.  4.55 104.6   6.5-123.4   5.8 200.0 190.0   2.0    .0  67.7  38.8  32.3
1931     341   348    75   104   911.  1594.  5469.  3843. 10905.   .35  3.70  460.  2.37   83.  233.   69.    192.  32.  23.   0.  4.18  91.8   6.4-103.4   4.2 200.0 192.9   3.6    .0  56.5  38.1  31.8

 MEANS over  30 years  :
        341.  349.   78.  112.   916.  1599.  5937.  5556. 13092.   .42  3.68  531.  2.46   43.  277.   78.    183.  32.  28.   0.  5.02 103.0   6.4-100.9   5.0 200.0 207.8   3.5    .0  62.9  38.7  32.2
 STANDARD DEVIATIONS  :
          0.    1.    3.    4.    76.   132.   493.  1407.  1812.   .07   .30   43.   .24   37.   76.    8.     20.  38.   8.   0.   .59   6.3    .0  14.4   1.4    .0  15.6   4.9    .0   6.2    .3    .2
 VARIATION COEFFICIENTS (%)  : 
          .0    .4   3.2   3.8    8.3    8.2    8.3   25.3   13.8  15.8   8.1   8.1   9.7  87.0  27.5   9.8    10.8118.9 27.5   .0  11.8   6.1    .8  14.3  27.5    .0   7.5 139.8    .0   9.9    .8    .8



*** RESULTS OF CROP GROWTH MODEL NWHEAT *** SUMMARY OF OUTPUT FOR WINTER WHEAT AND YIELD STATISTICS ***

Name of run: SLOP5, Station= UKLO , Soil=   1, Crop=   5, Organic M.=   1, Nsoil=   1, IRR=   1, Runof=  .10
 Sevil., UKLO scen.(normal),no Var.change, pot. prod., CO2 560 ppm               


YEAR     SOW EMERG  ANTH  HALT   WRT   WLV    WST   WGR    TAGB     HI  LAIM PARAB  RUE   DWAV RAIN  ESOIL   TRANS DRAIN RUNOF IRR  WUE MINOM MINFM DNTOT NRAIN NGIFT NUPT  NLEACH NIMMO  NUE  DNFM  NBIOM
1902     341   352    78   117  1078.  1906.  7406.  9232. 18544.   .50  4.12  610.  3.04   -5.  268.   86.    191.  55.  27.  96.  6.68 113.3   6.5 -67.9   4.8 200.0 249.4   4.7    .0  74.3  39.1  32.6
1903     341   348    79   108  1071.  1859.  7138.  6912. 15910.   .43  4.00  505.  3.15  -23.  275.   77.    198.   8.  27.  60.  5.78 110.2   6.5 -81.5   4.9 200.0 236.4    .6    .0  67.3  39.0  32.5
1904     341   350    78   113  1148.  2023.  7276.  8481. 17780.   .48  4.36  587.  3.03  -22.  377.   77.    205.  65.  38.  30.  6.29 112.8   6.5 -66.0   6.8 200.0 250.6   6.3    .0  70.9  39.1  32.6
1905     341   348    79   118  1045.  1835.  7804.  8678. 18318.   .47  4.02  579.  3.16  -64.  310.   86.    161.  36.  31.  68.  7.41 110.7   6.5 -67.5   5.6 200.0 249.8   3.1    .0  73.3  39.0  32.5
1906     341   349    83   115  1193.  2071.  7920.  7984. 17975.   .44  4.40  572.  3.14  -19.  326.   71.    186.  66.  33.  48.  7.01 108.5   6.5 -56.5   5.9 200.0 256.0   4.8    .0  70.2  38.9  32.5
1907     341   349    78   113  1150.  2000.  7720.  8242. 17962.   .46  4.30  564.  3.18  -11.  281.   75.    186.   0.  28.  18.  6.90 110.7   6.5 -56.1   5.1 200.0 263.1    .0    .0  68.3  39.0  32.5
1908     341   350    74   109   959.  1674.  6471.  7299. 15444.   .47  3.58  491.  3.14  -11.  351.   90.    188.  86.  35.  60.  5.55 111.6   6.5 -95.9   6.3 200.0 217.7   8.7    .0  70.9  39.0  32.5
1909     341   348    80   110  1121.  1986.  7743.  7418. 17147.   .43  4.34  536.  3.20  -23.  222.   73.    190.  32.  22. 118.  6.52 108.1   6.5 -60.6   4.0 200.0 252.0   2.5    .0  68.0  38.9  32.4
1910     341   352    78   112  1140.  2014.  7246.  8385. 17646.   .48  4.33  572.  3.09  -27.  193.   77.    204.   3.  19. 138.  6.28 108.6   6.5 -65.7   3.5 200.0 249.4    .2    .0  70.8  39.0  32.5
1911     341   350    79   109  1073.  1872.  7474.  6897. 16243.   .42  3.97  525.  3.09  -27.  280.   81.    197.  66.  28. 120.  5.84 108.6   6.5 -70.4   5.0 200.0 240.2   6.3    .0  67.6  38.9  32.5
1912     341   350    84   115  1234.  2179.  8296.  7918. 18393.   .43  4.67  619.  2.97  -36.  326.   68.    205.  84.  33. 100.  6.74 109.2   6.5 -40.9   5.9 200.0 267.8   8.8    .0  68.7  39.0  32.5
1913     341   348    78   120  1143.  2003.  7243.  9867. 19113.   .52  4.34  615.  3.11  -48.  328.   80.    187.   0.  33.  20.  7.14 115.5   6.5 -69.2   5.9 200.0 256.0    .0    .0  74.7  39.2  32.6
1914     341   349    77   106  1075.  1876.  7472.  7023. 16371.   .43  3.99  527.  3.10  -31.  185.   81.    199.   0.  19. 144.  5.85 109.7   6.5 -75.3   3.3 200.0 241.2    .0    .0  67.9  39.0  32.5
1915     341   347    74   109  1138.  1990.  7566.  8284. 17839.   .46  4.32  582.  3.06  -52.  330.   78.    204.   0.  33.  37.  6.32 114.8   6.5 -62.6   5.9 200.0 261.7    .0    .0  68.2  39.1  32.6
1916     341   350    78   117  1162.  2032.  7359.  9468. 18858.   .50  4.36  605.  3.11  -16.  223.   80.    194.  37.  22. 126.  6.89 111.0   6.5 -61.3   4.0 200.0 254.4   2.9    .0  74.1  39.0  32.5
1917     341   349    77   108  1053.  1844.  6982.  7283. 16109.   .45  3.93  499.  3.23  -26.  130.   79.    190.   0.  13. 178.  5.98 108.8   6.5 -80.7   2.3 200.0 233.7    .0    .0  68.9  39.0  32.5
1918     341   349    76   115  1100.  1911.  6629.  8998. 17538.   .51  4.05  567.  3.09  -19.  173.   84.    211.   0.  17. 159.  5.95 112.5   6.5 -81.2   3.1 200.0 238.2    .0    .0  73.6  39.1  32.6
1919     341   351    74   105  1006.  1749.  6720.  6810. 15278.   .45  3.76  501.  3.05  -13.  403.   82.    211. 154.  40.  98.  5.21 109.1   6.5 -77.9   7.3 200.0 220.1  22.0    .0  69.4  39.0  32.5
1920     341   348    76   111  1001.  1781.  7086.  7276. 16143.   .45  3.91  523.  3.09  -24.  368.   80.    180. 105.  37.  57.  6.21 109.2   6.5 -75.3   6.6 200.0 234.4  10.4    .0  68.9  39.0  32.5
1921     341   351    81   119  1168.  2057.  7859.  8859. 18775.   .47  4.57  579.  3.24  -48.  255.   74.    175.   0.  26.  67.  7.56 110.2   6.5 -57.1   4.6 200.0 261.3    .0    .0  71.9  39.0  32.5
1922     341   350    78   115  1097.  1914.  6863.  8653. 17430.   .50  4.07  552.  3.16  -29.  284.   79.    191.  42.  28.  85.  6.47 112.3   6.5 -76.2   5.1 200.0 241.1   3.8    .0  72.3  39.1  32.6
1923     341   352    78   109  1013.  1774.  6863.  7325. 15962.   .46  3.83  495.  3.22  -21.  392.   82.    191. 124.  39.  66.  5.84 109.7   6.5 -73.3   7.1 200.0 233.3  14.0    .0  68.4  39.0  32.5
1924     341   349    75   111  1031.  1798.  6717.  7838. 16352.   .48  3.77  517.  3.16  -34.  214.   86.    192.   0.  21. 120.  5.87 110.5   6.5 -92.4   3.9 200.0 226.0    .0    .0  72.4  39.0  32.5
1925     341   349    76   110  1057.  1831.  7344.  7603. 16778.   .45  3.92  540.  3.11  -21.  166.   77.    198.   0.  17. 146.  6.11 109.2   6.5 -78.4   3.0 200.0 237.6    .0    .0  70.6  39.0  32.5
1926     341   349    81   117  1214.  2116.  7458.  8722. 18296.   .48  4.53  584.  3.13  -39.  404.   73.    188.  82.  40.  18.  7.02 109.7   6.5 -56.9   7.3 200.0 254.2   9.2    .0  72.0  39.0  32.5
1927     341   350    75   111  1006.  1758.  6790.  8032. 16581.   .48  3.81  529.  3.14  -54.  203.   86.    191.   0.  20. 148.  6.00 109.7   6.5 -92.3   3.7 200.0 225.2    .0    .0  73.6  39.0  32.5
1928     341   350    78   117  1215.  2130.  7509.  9208. 18847.   .49  4.53  609.  3.09  -28.  171.   68.    199.  18.  17. 159.  7.07 108.7   6.5 -47.6   3.1 200.0 265.1   2.4    .0  71.1  38.9  32.5
1929     341   348    79   117  1106.  1927.  7762.  8170. 17859.   .46  4.17  559.  3.20  -39.  322.   81.    173.  27.  32.  30.  7.04 111.0   6.5 -63.0   5.8 200.0 255.0   2.7    .0  70.0  39.0  32.5
1930     341   348    74   109   986.  1741.  6918.  7882. 16540.   .48  3.77  536.  3.08  -20.  323.   84.    194.  40.  32.  48.  5.95 107.3   6.5 -84.7   5.8 200.0 228.9   3.7    .0  72.3  38.9  32.4
1931     341   348    75   104  1091.  1911.  6746.  6558. 15215.   .43  4.14  476.  3.20  -24.  233.   71.    213.  48.  23. 147.  5.35 107.6   6.5 -75.0   4.2 200.0 234.3   5.3    .0  64.9  38.9  32.4

 MEANS over  30 years  :
        341.  349.   78.  112.  1096.  1919.  7279.  8044. 17241.   .47  4.13  552.  3.13  -29.  277.   79.    193.  39.  28.  90.  6.36 110.3   6.5 -70.3   5.0 200.0 244.5   4.1    .0  70.5  39.0  32.5
 STANDARD DEVIATIONS  :
          0.    1.    3.    4.    71.   126.   440.   849.  1147.   .03   .28   40.   .06   14.   76.    6.     11.  41.   8.  48.   .60   2.0    .0  12.8   1.4    .0  13.6   5.0    .0   2.4    .1    .1
 VARIATION COEFFICIENTS (%)  : 
          .0    .4   3.2   3.8    6.5    6.6    6.1   10.6    6.7   5.4   6.7   7.3   2.0  48.0  27.5   7.0     5.9105.4 27.5 53.3   9.5   1.8    .2  18.2  27.5    .0   5.6 122.1    .0   3.4    .2    .2



*** RESULTS OF CROP GROWTH MODEL NWHEAT *** SUMMARY OF OUTPUT FOR WINTER WHEAT AND YIELD STATISTICS ***

Name of run: SLOW5, Station= UKLO , Soil=   1, Crop=   5, Organic M.=   1, Nsoil=   1, IRR=   0, Runof=  .10
 Sevil., UKLO scen.(normal),no Var.change, waterlim. prod., CO2 560 ppm          


YEAR     SOW EMERG  ANTH  HALT   WRT   WLV    WST   WGR    TAGB     HI  LAIM PARAB  RUE   DWAV RAIN  ESOIL   TRANS DRAIN RUNOF IRR  WUE MINOM MINFM DNTOT NRAIN NGIFT NUPT  NLEACH NIMMO  NUE  DNFM  NBIOM
1902     341   352    78   117  1078.  1906.  7405.  9231. 18543.   .50  4.12  610.  3.04   74.  268.   75.    191.  49.  27.   0.  6.97 104.3   6.5 -58.7   4.8 200.0 250.2   4.1    .0  74.1  38.8  32.3
1903     341   348    79   108  1071.  1859.  7138.  6911. 15908.   .43  4.00  505.  3.15   34.  275.   74.    198.   8.  27.   0.  5.83 108.6   6.5 -77.2   4.9 200.0 239.0    .6    .0  66.6  38.9  32.5
1904     341   350    78   113  1148.  2023.  7276.  8480. 17780.   .48  4.36  587.  3.03    7.  377.   76.    205.  65.  38.   0.  6.31 111.3   6.5 -64.1   6.8 200.0 251.1   6.3    .0  70.8  39.0  32.5
1905     341   348    79   118  1014.  1787.  7750.  8603. 18140.   .47  3.94  574.  3.16  -15.  310.   84.    159.  22.  31.   0.  7.49 106.5   6.5 -68.2   5.6 200.0 246.3   1.8    .0  73.7  38.9  32.4
1906     341   349    83   115  1193.  2071.  7920.  7984. 17975.   .44  4.40  572.  3.14   18.  326.   68.    186.  58.  33.   0.  7.10 106.7   6.5 -54.9   5.9 200.0 256.6   3.9    .0  70.0  38.9  32.4
1907     341   349    78   113  1134.  1976.  7701.  8215. 17892.   .46  4.26  562.  3.18    5.  281.   74.    185.   0.  28.   0.  6.92 109.1   6.5 -55.7   5.1 200.0 261.9    .0    .0  68.3  39.0  32.5
1908     341   350    74   109   959.  1674.  6470.  7298. 15443.   .47  3.58  491.  3.14   30.  351.   71.    188.  86.  35.   0.  5.95 108.4   6.5 -92.0   6.3 200.0 218.2   8.7    .0  70.8  38.9  32.4
1909     341   348    80   110  1095.  1944.  7691.  7333. 16968.   .43  4.26  531.  3.19   70.  222.   67.    187.  16.  22.   0.  6.69 101.7   6.4 -56.0   4.0 200.0 251.7   1.2    .0  67.4  38.7  32.2
1910     341   352    78   112  1114.  1976.  7164.  7162. 16302.   .44  4.27  567.  2.87   80.  193.   68.    186.   0.  19.   0.  6.43 101.0   6.4 -58.1   3.5 200.0 249.7    .0    .0  65.3  38.6  32.2
1911     341   350    79   109  1073.  1872.  7473.  6868. 16213.   .42  3.97  525.  3.09   72.  280.   70.    197.  57.  28.   0.  6.07 102.7   6.5 -61.9   5.0 200.0 243.8   5.1    .0  66.5  38.7  32.3
1912     341   350    84   115  1234.  2179.  8296.  7917. 18392.   .43  4.67  619.  2.97   57.  326.   60.    205.  84.  33.   0.  6.93 100.2   6.4 -30.8   5.9 200.0 268.9   8.8    .0  68.4  38.6  32.2
1913     341   348    78   120  1143.  2003.  7243.  9867. 19113.   .52  4.34  615.  3.11  -28.  328.   80.    187.   0.  33.   0.  7.14 115.3   6.5 -69.0   5.9 200.0 256.0    .0    .0  74.7  39.2  32.6
1914     341   349    77   106  1030.  1806.  7382.  6253. 15440.   .40  3.86  518.  2.98   84.  185.   69.    182.   0.  19.   0.  6.15  99.9   6.4 -74.3   3.3 200.0 232.6    .0    .0  66.4  38.6  32.2
1915     341   347    74   109  1133.  1982.  7557.  8273. 17812.   .46  4.30  581.  3.06  -16.  330.   77.    204.   0.  33.   0.  6.34 112.2   6.5 -59.7   5.9 200.0 262.0    .0    .0  68.0  39.1  32.6
1916     341   350    78   117  1158.  2027.  7340.  9164. 18531.   .49  4.35  605.  3.06   83.  223.   66.    187.  31.  22.   0.  7.34 101.1   6.4 -54.5   4.0 200.0 251.8   2.4    .0  73.6  38.6  32.2
1917     341   349    77   108   981.  1728.  6792.  4337. 12857.   .34  3.74  479.  2.68   90.  130.   72.    136.   0.  13.   0.  6.20  95.1   6.4 -82.6   2.3 200.0 218.6    .0    .0  58.8  38.3  31.9
1918     341   349    76   115  1100.  1910.  6181.  2015. 10106.   .20  4.03  523.  1.93   71.  173.   85.    142.   0.  17.   0.  4.46  94.8   6.4 -66.6   3.1 200.0 234.9    .0    .0  43.0  38.3  31.9
1919     341   351    74   105   994.  1730.  6697.  6779. 15206.   .45  3.72  499.  3.05   66.  403.   82.    210. 137.  40.   0.  5.21 104.8   6.5 -75.3   7.3 200.0 220.8  19.6    .0  68.9  38.8  32.3
1920     341   348    76   111   969.  1730.  7016.  7187. 15933.   .45  3.81  517.  3.08    4.  368.   65.    177.  93.  37.   0.  6.58 107.6   6.5 -79.2   6.6 200.0 230.7   8.7    .0  69.1  38.9  32.4
1921     341   351    81   119  1167.  2056.  7858.  8861. 18775.   .47  4.57  579.  3.25   19.  255.   73.    175.   0.  26.   0.  7.57 105.3   6.5 -48.2   4.6 200.0 265.1    .0    .0  70.8  38.8  32.4
1922     341   350    78   115  1097.  1914.  6862.  8652. 17427.   .50  4.07  552.  3.16   39.  284.   67.    191.  37.  28.   0.  6.76 109.9   6.5 -72.7   5.1 200.0 242.8   3.2    .0  71.8  39.0  32.5
1923     341   352    78   109  1013.  1774.  6863.  7325. 15962.   .46  3.83  495.  3.22   29.  392.   73.    191. 118.  39.   0.  6.05 106.7   6.5 -70.5   7.1 200.0 234.0  13.1    .0  68.2  38.9  32.4
1924     341   349    75   111   932.  1636.  6472.  5738. 13846.   .41  3.50  499.  2.77   58.  214.   86.    165.   0.  21.   0.  5.53 101.6   6.4 -93.2   3.9 200.0 216.5    .0    .0  63.9  38.7  32.2
1925     341   349    76   110  1057.  1831.  7343.  4591. 13765.   .33  3.92  531.  2.59   90.  166.   72.    167.   0.  17.   0.  5.76  95.5   6.4 -69.5   3.0 200.0 232.8    .0    .0  59.1  38.3  31.9
1926     341   349    81   117  1159.  2031.  7404.  8633. 18068.   .48  4.39  576.  3.13  -40.  404.   70.    184.  69.  40.   0.  7.10 108.7   6.5 -62.4   7.3 200.0 248.3   8.7    .0  72.8  38.9  32.5
1927     341   350    75   111   942.  1656.  6641.  6313. 14610.   .43  3.64  513.  2.85   56.  203.   73.    166.   0.  20.   0.  6.12  95.4   6.4 -86.9   3.7 200.0 216.4    .0    .0  67.5  38.3  31.9
1928     341   350    78   117  1176.  2076.  6483.  6140. 14699.   .42  4.39  593.  2.48   63.  171.   68.    149.   0.  17.   0.  6.78  90.2   6.3 -34.5   3.1 200.0 261.7    .0    .0  56.2  38.0  31.7
1929     341   348    79   117  1106.  1927.  7762.  8170. 17859.   .46  4.17  559.  3.20  -27.  322.   80.    173.  10.  32.   0.  7.05 109.1   6.5 -62.9   5.8 200.0 255.1    .8    .0  70.0  38.9  32.5
1930     341   348    74   109   965.  1707.  6871.  7816. 16394.   .48  3.70  532.  3.08    8.  323.   84.    191.  24.  32.   0.  5.96 105.4   6.5 -87.2   5.8 200.0 226.3   2.0    .0  72.5  38.8  32.3
1931     341   348    75   104  1074.  1886.  6727.  5062. 13676.   .37  4.10  472.  2.90   82.  233.   66.    192.  34.  23.   0.  5.30  92.4   6.4 -67.1   4.2 200.0 228.8   3.6    .0  59.8  38.2  31.8

 MEANS over  30 years  :
        341.  349.   78.  112.  1077.  1889.  7193.  7239. 16321.   .44  4.08  546.  2.99   39.  277.   73.    182.  33.  28.   0.  6.40 103.7   6.5 -66.5   5.0 200.0 242.4   3.4    .0  67.2  38.7  32.3
 STANDARD DEVIATIONS  :
          0.    1.    3.    4.    80.   140.   502.  1654.  2057.   .06   .30   42.   .27   39.   76.    7.     18.  39.   8.   0.   .71   6.1    .0  14.5   1.4    .0  15.5   4.6    .0   6.4    .3    .2
 VARIATION COEFFICIENTS (%)  : 
          .0    .4   3.2   3.8    7.5    7.4    7.0   22.8   12.6  14.0   7.3   7.7   9.0 100.5  27.5   8.9     9.9117.1 27.5   .0  11.2   5.9    .7  21.9  27.5    .0   6.4 135.8    .0   9.6    .7    .7



*** RESULTS OF CROP GROWTH MODEL NWHEAT *** SUMMARY OF OUTPUT FOR WINTER WHEAT AND YIELD STATISTICS ***

Name of run: SG3P1, Station= G2534, Soil=   1, Crop=   1, Organic M.=   1, Nsoil=   1, IRR=   1, Runof=  .10
 Sevil., GFDL scen. dec. 25-34, pot. prod., CO2 353 ppm                          


YEAR     SOW EMERG  ANTH  HALT   WRT   WLV    WST   WGR    TAGB     HI  LAIM PARAB  RUE   DWAV RAIN  ESOIL   TRANS DRAIN RUNOF IRR  WUE MINOM MINFM DNTOT NRAIN NGIFT NUPT  NLEACH NIMMO  NUE  DNFM  NBIOM
1902     341   357    95   145  1061.  1873.  7694. 10202. 19769.   .52  4.35  814.  2.43  -15.  304.  117.    263.  89.  30. 210.  5.20 111.7   6.5 -44.5   5.5 200.0 267.0  10.1    .0  74.0  39.0  32.5
1903     341   352    96   137  1038.  1849.  7044.  8923. 17817.   .50  4.33  720.  2.48  -22.  302.   99.    267.  44.  30. 160.  4.87 109.4   6.5 -57.9   5.4 200.0 257.0   4.0    .0  69.3  39.0  32.5
1904     341   357    96   136  1164.  2037.  7670.  8447. 18154.   .47  4.67  738.  2.46  -26.  411.  101.    270.  83.  41. 110.  4.89 109.0   6.5 -51.1   7.4 200.0 260.5   8.7    .0  69.7  39.0  32.5
1905     341   352    99   145  1229.  2207.  8564. 10247. 21018.   .49  5.21  821.  2.56  -22.  300.   94.    264.  68.  30. 178.  5.88 108.8   6.5 -18.3   5.4 200.0 292.5   7.1    .0  71.9  38.9  32.5
1906     341   356   101   143  1214.  2169.  7791.  9638. 19599.   .49  5.06  758.  2.59  -46.  422.   90.    248. 112.  42. 116.  5.80 106.8   6.5 -31.4   7.6 200.0 273.6  12.8    .0  71.6  38.9  32.4
1907     341   354    96   141  1256.  2234.  8115.  9925. 20274.   .49  5.19  780.  2.60  -29.  344.   93.    271.  39.  34. 123.  5.57 110.3   6.5 -28.9   6.2 200.0 287.8   3.3    .0  70.5  39.0  32.5
1908     341   356    92   137   978.  1717.  6963.  8872. 17552.   .51  3.93  687.  2.56  -13.  362.  117.    216. 116.  36. 136.  5.27 109.6   6.5 -69.2   6.5 200.0 237.4  13.9    .0  73.9  39.0  32.5
1909     341   352    97   137  1140.  2027.  7555.  8762. 18343.   .48  4.74  712.  2.58  -25.  306.   95.    267.  50.  31. 160.  5.07 106.4   6.5 -43.4   5.5 200.0 267.2   4.8    .0  68.6  38.9  32.4
1910     341   359    96   136  1188.  2082.  7633.  8613. 18328.   .47  4.77  705.  2.60  -23.  291.   95.    262.  45.  29. 163.  5.14 105.6   6.5 -45.7   5.2 200.0 264.4   4.2    .0  69.3  38.8  32.4
1911     341   355    97   131  1116.  1993.  7543.  7551. 17088.   .44  4.57  677.  2.52  -12.  302.   90.    241.  68.  30. 140.  5.15 104.4   6.5 -51.6   5.4 200.0 254.4   7.1    .0  67.2  38.8  32.3
1912     341   356    99   142  1070.  1916.  7151.  9159. 18226.   .50  4.45  752.  2.42  -24.  344.  103.    253. 119.  34. 190.  5.12 106.1   6.5 -56.1   6.2 200.0 245.8  14.6    .0  74.1  38.8  32.4
1913     341   353    97   146  1151.  2012.  7663. 10252. 19928.   .51  4.59  797.  2.50  -28.  321.  107.    281.   5.  32. 132.  5.14 113.7   6.5 -48.9   5.8 200.0 274.5    .3    .0  72.6  39.1  32.6
1914     341   352    94   135  1191.  2094.  7920.  9057. 19070.   .47  4.85  771.  2.47  -25.  235.   90.    273.   4.  23. 180.  5.26 108.4   6.5 -32.2   4.2 200.0 283.7    .3    .0  67.2  38.9  32.4
1915     341   351    91   137  1173.  2076.  7625.  9678. 19379.   .50  4.78  786.  2.47  -18.  330.   99.    272.  11.  33. 103.  5.22 114.0   6.5 -51.9   5.9 200.0 271.0    .9    .0  71.5  39.1  32.6
1916     341   356    99   141  1159.  2018.  8168.  9358. 19545.   .48  4.60  789.  2.48  -43.  228.  106.    265.  21.  23. 230.  5.27 104.9   6.5 -39.1   4.1 200.0 271.9   1.7    .0  71.9  38.8  32.3
1917     341   353    96   135  1065.  1875.  7460.  8179. 17514.   .47  4.34  666.  2.63  -27.  194.   99.    256.   0.  19. 208.  4.92 105.9   6.5 -55.1   3.5 200.0 257.9    .0    .0  67.9  38.8  32.4
1918     341   355    94   142   998.  1744.  7037.  9220. 18001.   .51  3.93  730.  2.47  -10.  172.  121.    241.   0.  17. 218.  4.97 108.0   6.5 -72.6   3.1 200.0 243.0    .0    .0  74.1  38.9  32.4
1919     341   357    91   131   995.  1755.  6752.  8023. 16530.   .49  4.04  680.  2.43  -25.  404.  115.    279. 155.  40. 210.  4.20 107.5   6.5 -55.5   7.3 200.0 236.8  26.8    .0  69.8  38.9  32.4
1920     341   351    94   138  1092.  1930.  7371.  9605. 18906.   .51  4.56  745.  2.54  -37.  452.   90.    257. 163.  45. 140.  5.45 109.7   6.5 -45.0   8.1 200.0 258.1  18.9    .0  73.3  39.0  32.5
1921     341   356   102   142  1108.  1975.  7873.  8728. 18575.   .47  4.61  704.  2.64  -32.  244.   98.    256.   0.  24. 166.  5.25 105.8   6.5 -41.5   4.4 200.0 272.4    .0    .0  68.2  38.8  32.4
1922     341   356    96   137  1069.  1881.  7622.  8559. 18063.   .47  4.36  715.  2.53  -21.  320.  103.    254.  70.  32. 160.  5.06 108.4   6.5 -60.1   5.8 200.0 251.2   7.0    .0  71.9  38.9  32.4
1923     341   359    94   134  1122.  1985.  7146.  8942. 18072.   .49  4.61  703.  2.57  -31.  473.  103.    276. 173.  47. 157.  4.76 109.0   6.5 -43.2   8.5 200.0 251.5  26.7    .0  71.9  39.0  32.5
1924     341   355    94   138  1067.  1848.  7456.  8562. 17866.   .48  4.21  716.  2.50   -8.  234.  116.    255.   0.  23. 168.  4.82 108.7   6.5 -67.3   4.2 200.0 249.9    .0    .0  71.5  38.9  32.5
1925     341   355    93   138  1054.  1883.  7257.  8944. 18085.   .49  4.31  732.  2.47  -17.  169.  104.    252.   3.  17. 224.  5.08 108.8   6.5 -63.2   3.0 200.0 252.7    .2    .0  71.6  38.9  32.5
1926     341   355   102   135  1168.  2037.  8173.  7067. 17277.   .41  4.59  692.  2.50  -30.  416.   96.    252. 100.  42. 104.  4.96 103.9   6.5 -38.8   7.5 200.0 265.4  10.5    .0  65.1  38.8  32.3
1927     341   354    93   136   986.  1739.  7194.  8177. 17110.   .48  4.00  687.  2.49  -13.  220.  113.    224.  25.  22. 177.  5.08 107.4   6.5 -72.6   4.0 200.0 240.6   2.8    .0  71.1  38.9  32.4
1928     341   357    97   141  1183.  2076.  7510.  9933. 19519.   .51  4.75  782.  2.50  -19.  184.  105.    275.   1.  18. 234.  5.14 106.4   6.5 -45.7   3.3 200.0 267.6    .1    .0  72.9  38.9  32.4
1929     341   351    99   138  1159.  2058.  8136.  8405. 18600.   .45  4.76  716.  2.60  -27.  341.   95.    269.  35.  34. 120.  5.11 106.2   6.5 -39.5   6.1 200.0 272.6   3.8    .0  68.2  38.9  32.4
1930     341   352    94   133  1105.  1945.  7720.  8171. 17835.   .46  4.49  719.  2.48  -24.  304.  101.    253.  42.  30. 147.  5.03 106.9   6.5 -51.7   5.5 200.0 260.5   3.9    .0  68.5  38.9  32.4
1931     341   351    91   130   958.  1696.  6322.  7103. 15121.   .47  3.83  579.  2.61  -21.  248.   99.    209.  44.  25. 150.  4.91 103.8   6.5 -84.7   4.5 200.0 222.4   5.4    .0  68.0  38.8  32.3

 MEANS over  30 years  :
        341.  355.   96.  138.  1109.  1958.  7538.  8877. 18372.   .48  4.52  729.  2.52  -24.  306.  102.    257.  56.  31. 164.  5.12 107.8   6.5 -50.2   5.5 200.0 260.4   6.7    .0  70.6  38.9  32.4
 STANDARD DEVIATIONS  :
          0.    2.    3.    4.    78.   141.   464.   838.  1186.   .02   .35   50.   .06    9.   81.    9.     17.  51.   8.  38.   .30   2.5    .0  14.2   1.5    .0  15.5   7.3    .0   2.4    .1    .1
 VARIATION COEFFICIENTS (%)  : 
          .0    .7   3.1   3.0    7.0    7.2    6.1    9.4    6.5   4.8   7.7   6.9   2.4  36.8  26.6   8.6     6.7 91.4 26.6 23.0   5.9   2.3    .2  28.3  26.6    .0   6.0 109.8    .0   3.3    .2    .2



*** RESULTS OF CROP GROWTH MODEL NWHEAT *** SUMMARY OF OUTPUT FOR WINTER WHEAT AND YIELD STATISTICS ***

Name of run: SG3W1, Station= G2534, Soil=   1, Crop=   1, Organic M.=   1, Nsoil=   1, IRR=   0, Runof=  .10
 Sevil., GFDL scen. dec. 25-34, waterlim. prod., CO2 353 ppm                     


YEAR     SOW EMERG  ANTH  HALT   WRT   WLV    WST   WGR    TAGB     HI  LAIM PARAB  RUE   DWAV RAIN  ESOIL   TRANS DRAIN RUNOF IRR  WUE MINOM MINFM DNTOT NRAIN NGIFT NUPT  NLEACH NIMMO  NUE  DNFM  NBIOM
1902     341   357    95   145  1061.  1874.  7641.  6209. 15724.   .39  4.35  786.  2.00   91.  304.   88.    188.  89.  30.   0.  5.70  94.7   6.4 -34.1   5.5 200.0 260.5  10.1    .0  60.4  38.3  31.9
1903     341   352    96   137  1039.  1849.  7030.  7475. 16355.   .46  4.33  714.  2.29   90.  302.   83.    235.  44.  30.   0.  5.15 100.9   6.4 -56.5   5.4 200.0 250.3   4.0    .0  65.3  38.6  32.2
1904     341   357    96   136  1164.  2037.  7670.  8408. 18115.   .46  4.67  738.  2.46   72.  411.   90.    269.  83.  41.   0.  5.05 103.5   6.5 -43.9   7.4 200.0 262.2   8.7    .0  69.1  38.7  32.3
1905     341   352    99   145  1220.  2192.  8548.  8354. 19095.   .44  5.18  814.  2.35   88.  300.   84.    222.  51.  30.   0.  6.24  97.9   6.4 -15.6   5.4 200.0 286.5   5.0    .0  66.7  38.5  32.1
1906     341   356   101   143  1214.  2169.  7791.  9362. 19322.   .48  5.06  758.  2.55   57.  422.   88.    243. 106.  42.   0.  5.84 100.6   6.4 -25.0   7.6 200.0 274.7  11.8    .0  70.3  38.6  32.2
1907     341   354    96   141  1234.  2201.  8082.  9796. 20078.   .49  5.12  776.  2.59   66.  344.   91.    267.  17.  34.   0.  5.61 104.9   6.5 -25.5   6.2 200.0 287.8   1.3    .0  69.8  38.8  32.3
1908     341   356    92   137   978.  1717.  6962.  8809. 17489.   .50  3.93  687.  2.55   84.  362.   86.    214. 110.  36.   0.  5.82 101.5   6.4 -61.3   6.5 200.0 238.3  12.9    .0  73.4  38.6  32.2
1909     341   352    97   137  1132.  2015.  7516.  5689. 15220.   .37  4.71  690.  2.20   70.  306.   92.    214.  40.  31.   0.  4.98  95.4   6.4 -34.1   5.5 200.0 266.5   3.8    .0  57.1  38.3  31.9
1910     341   359    96   136  1166.  2047.  7578.  5401. 15026.   .36  4.70  690.  2.18   72.  291.   98.    211.  24.  29.   0.  4.86  93.3   6.4 -39.3   5.2 200.0 260.7   2.0    .0  57.6  38.2  31.8
1911     341   355    97   131  1116.  1993.  7543.  4606. 14143.   .33  4.57  663.  2.13   84.  302.   89.    199.  68.  30.   0.  4.91  93.7   6.4 -45.6   5.4 200.0 249.9   7.1    .0  56.6  38.2  31.9
1912     341   356    99   142  1070.  1916.  7070.  5936. 14922.   .40  4.45  737.  2.03   87.  344.   79.    198. 119.  34.   0.  5.38  91.0   6.3 -47.2   6.2 200.0 239.5  14.6    .0  62.3  38.1  31.7
1913     341   353    97   146  1142.  1998.  7645.  9970. 19613.   .51  4.56  795.  2.47   76.  321.   93.    272.   0.  32.   0.  5.37 108.7   6.5 -43.6   5.8 200.0 275.0    .0    .0  71.3  38.9  32.4
1914     341   352    94   135  1191.  2094.  7858.  5322. 15274.   .35  4.85  742.  2.06   88.  235.   85.    215.   0.  23.   0.  5.10  94.6   6.4 -25.7   4.2 200.0 277.0    .0    .0  55.2  38.3  31.9
1915     341   351    91   137  1170.  2071.  7616.  9661. 19348.   .50  4.77  785.  2.46   68.  330.   93.    271.   0.  33.   0.  5.31 110.1   6.5 -45.2   5.9 200.0 274.5    .0    .0  70.5  39.0  32.5
1916     341   356    99   141  1159.  2018.  8141.  4858. 15017.   .32  4.60  757.  1.98   81.  228.   86.    180.  21.  23.   0.  5.66  89.9   6.3 -32.8   4.1 200.0 263.3   1.7    .0  57.0  38.0  31.7
1917     341   353    96   135  1023.  1806.  7338.  2177. 11321.   .19  4.19  620.  1.83   82.  194.   98.    158.   0.  19.   0.  4.41  90.7   6.3 -53.9   3.5 200.0 244.5    .0    .0  46.3  38.1  31.7
1918     341   355    94   142   997.  1741.  6980.  3677. 12398.   .30  3.92  689.  1.80   91.  172.   87.    159.   0.  17.   0.  5.04  88.1   6.3 -72.6   3.1 200.0 223.3    .0    .0  55.5  37.9  31.6
1919     341   357    91   131   987.  1742.  6732.  5400. 13874.   .39  4.02  655.  2.12   89.  404.   88.    219. 145.  40.   0.  4.52  97.0   6.4 -54.8   7.3 200.0 228.7  25.2    .0  60.7  38.4  32.0
1920     341   351    94   138  1084.  1918.  7306.  8967. 18191.   .49  4.54  743.  2.45   70.  452.   83.    239. 154.  45.   0.  5.63 100.9   6.4 -40.2   8.1 200.0 255.5  17.5    .0  71.2  38.6  32.2
1921     341   356   102   142  1107.  1971.  7849.  6275. 16095.   .39  4.60  700.  2.30   84.  244.   97.    207.   0.  24.   0.  5.30  95.6   6.4 -35.1   4.4 200.0 268.6    .0    .0  59.9  38.4  32.0
1922     341   356    96   137  1069.  1881.  7622.  7584. 17087.   .44  4.36  713.  2.40   87.  320.   82.    223.  70.  32.   0.  5.60  98.8   6.4 -57.5   5.8 200.0 244.2   7.0    .0  70.0  38.5  32.1
1923     341   359    94   134  1122.  1985.  7106.  7603. 16694.   .46  4.61  702.  2.38   82.  473.   96.    246. 165.  47.   0.  4.88 100.6   6.4 -40.0   8.5 200.0 248.2  24.9    .0  67.3  38.6  32.2
1924     341   355    94   138   925.  1620.  7100.  5549. 14269.   .39  3.75  657.  2.17   90.  234.  110.    190.   0.  23.   0.  4.75  97.1   6.4 -81.2   4.2 200.0 225.1    .0    .0  63.4  38.4  32.0
1925     341   355    93   138  1050.  1876.  7218.  3871. 12965.   .30  4.29  685.  1.89   97.  169.   86.    163.   0.  17.   0.  5.20  89.1   6.3 -58.6   3.0 200.0 237.8    .0    .0  54.5  37.9  31.6
1926     341   355   102   135  1126.  1968.  8085.  6982. 17035.   .41  4.46  682.  2.50   45.  416.   91.    248.  81.  42.   0.  5.02 100.3   6.4 -40.4   7.5 200.0 262.6   8.2    .0  64.9  38.6  32.2
1927     341   354    93   136   921.  1632.  7005.  6620. 15257.   .43  3.77  662.  2.30   85.  220.   92.    190.   2.  22.   0.  5.42  91.4   6.3 -71.4   4.0 200.0 228.6    .2    .0  66.7  38.1  31.7
1928     341   357    97   141  1091.  1927.  6445.  4891. 13263.   .37  4.25  714.  1.86   93.  184.  100.    159.   0.  18.   0.  5.12  83.9   6.3 -54.7   3.3 200.0 236.4    .0    .0  56.1  37.6  31.3
1929     341   351    99   138  1157.  2054.  8132.  7645. 17831.   .43  4.76  715.  2.49   65.  341.   93.    254.  26.  34.   0.  5.15  99.8   6.4 -33.8   6.1 200.0 272.8   2.8    .0  65.4  38.6  32.1
1930     341   352    94   133  1103.  1941.  7715.  7521. 17178.   .44  4.49  718.  2.39   87.  304.   93.    239.  28.  30.   0.  5.17  98.4   6.4 -44.5   5.5 200.0 260.5   2.5    .0  65.9  38.5  32.1
1931     341   351    91   130   953.  1688.  6312.  5211. 13212.   .39  3.81  567.  2.33   88.  248.   99.    178.  35.  25.   0.  4.77  88.4   6.3 -77.5   4.5 200.0 215.5   4.2    .0  61.3  37.9  31.6

 MEANS over  30 years  :
        341.  355.   96.  138.  1092.  1931.  7455.  6661. 16047.   .41  4.45  712.  2.25   80.  306.   91.    216.  49.  31.   0.  5.23  96.7   6.4 -46.4   5.5 200.0 254.0   5.8    .0  63.1  38.4  32.0
 STANDARD DEVIATIONS  :
          0.    2.    3.    4.    85.   154.   510.  1955.  2278.   .07   .38   53.   .23   12.   81.    6.     34.  51.   8.   0.   .40   6.0    .1  15.8   1.5    .0  19.1   7.1    .0   6.4    .3    .3
 VARIATION COEFFICIENTS (%)  : 
          .0    .7   3.1   3.0    7.7    7.9    6.8   29.4   14.2  17.6   8.4   7.4  10.3  14.5  26.6   7.1    15.9103.3 26.6   .0   7.7   6.2    .9  34.1  26.6    .0   7.5 120.7    .0  10.2    .9    .9



*** RESULTS OF CROP GROWTH MODEL NWHEAT *** SUMMARY OF OUTPUT FOR WINTER WHEAT AND YIELD STATISTICS ***

Name of run: SG3P2, Station= G2534, Soil=   1, Crop=   2, Organic M.=   1, Nsoil=   1, IRR=   1, Runof=  .10
 Sevil., GFDL scen. dec. 25-34, pot. prod., CO2 454 ppm                          


YEAR     SOW EMERG  ANTH  HALT   WRT   WLV    WST   WGR    TAGB     HI  LAIM PARAB  RUE   DWAV RAIN  ESOIL   TRANS DRAIN RUNOF IRR  WUE MINOM MINFM DNTOT NRAIN NGIFT NUPT  NLEACH NIMMO  NUE  DNFM  NBIOM
1902     341   357    95   145  1137.  2015.  8466. 11472. 21953.   .52  4.54  822.  2.67  -20.  304.  114.    260.  90.  30. 210.  5.88 111.6   6.5 -25.4   5.5 200.0 285.6  10.2    .0  76.9  39.0  32.5
1903     341   352    96   137  1122.  2002.  7727. 10118. 19847.   .51  4.55  730.  2.72  -18.  302.   94.    266.  44.  30. 150.  5.52 109.2   6.5 -39.2   5.4 200.0 275.2   4.0    .0  72.1  39.0  32.5
1904     341   357    96   136  1257.  2210.  8442.  9654. 20306.   .48  4.92  746.  2.72  -29.  411.   97.    268.  86.  41. 110.  5.56 109.1   6.5 -30.3   7.4 200.0 280.9   8.9    .0  72.3  39.0  32.5
1905     341   352    99   145  1315.  2369.  9265. 11465. 23098.   .50  5.43  828.  2.79  -27.  300.   91.    261.  68.  30. 178.  6.57 109.0   6.5   -.5   5.4 200.0 310.1   7.1    .0  74.5  39.0  32.5
1906     341   356   101   143  1294.  2320.  8508. 10803. 21631.   .50  5.26  763.  2.84  -40.  422.   87.    245. 114.  42. 106.  6.52 106.6   6.5 -13.8   7.6 200.0 290.7  12.8    .0  74.4  38.9  32.4
1907     341   354    96   141  1351.  2409.  8843. 11210. 22462.   .50  5.43  787.  2.85  -23.  344.   90.    268.  41.  34. 113.  6.27 110.3   6.5  -8.3   6.2 200.0 308.0   3.4    .0  72.9  39.0  32.5
1908     341   356    92   137  1066.  1878.  7742. 10126. 19746.   .51  4.18  699.  2.82  -17.  362.  112.    216. 117.  36. 136.  6.03 109.7   6.5 -49.3   6.5 200.0 257.0  14.0    .0  76.8  39.0  32.5
1909     341   352    97   137  1215.  2165.  8260.  9849. 20273.   .49  4.92  716.  2.83  -30.  306.   92.    263.  50.  31. 160.  5.71 106.3   6.5 -26.5   5.5 200.0 283.7   4.9    .0  71.5  38.9  32.4
1910     341   359    96   136  1277.  2247.  8345.  9707. 20298.   .48  5.00  711.  2.85  -28.  291.   91.    260.  45.  29. 163.  5.78 105.3   6.5 -26.2   5.2 200.0 283.2   4.3    .0  71.7  38.8  32.4
1911     341   355    97   131  1203.  2152.  8280.  8626. 19058.   .45  4.79  684.  2.78  -16.  302.   87.    240.  69.  30. 140.  5.83 104.6   6.5 -33.0   5.4 200.0 272.9   7.2    .0  69.8  38.8  32.3
1912     341   356    99   142  1134.  2036.  7942. 10120. 20098.   .50  4.60  757.  2.66  -19.  344.  101.    249. 120.  34. 180.  5.75 106.1   6.5 -40.4   6.2 200.0 261.0  14.7    .0  77.0  38.8  32.4
1913     341   353    97   146  1232.  2157.  8385. 11385. 21927.   .52  4.78  804.  2.73  -33.  321.  103.    278.   6.  32. 132.  5.75 113.9   6.5 -31.5   5.8 200.0 291.6    .4    .0  75.2  39.1  32.6
1914     341   352    94   135  1281.  2257.  8672. 10249. 21178.   .48  5.08  778.  2.72  -20.  235.   86.    270.   4.  23. 170.  5.94 108.3   6.5 -11.6   4.2 200.0 303.8    .3    .0  69.7  38.9  32.4
1915     341   351    91   137  1256.  2226.  8329. 10860. 21415.   .51  4.97  792.  2.70  -23.  330.   96.    269.  12.  33. 103.  5.87 114.0   6.5 -34.4   5.9 200.0 288.1   1.0    .0  74.3  39.1  32.6
1916     341   356    99   141  1240.  2165.  8914. 10629. 21708.   .49  4.80  796.  2.73  -39.  228.  102.    262.  22.  23. 220.  5.96 105.1   6.5 -20.7   4.1 200.0 290.1   1.8    .0  74.8  38.8  32.3
1917     341   353    96   135  1148.  2029.  8187.  9333. 19548.   .48  4.56  674.  2.90  -22.  194.   95.    255.   0.  19. 198.  5.58 105.8   6.5 -36.3   3.5 200.0 276.5    .0    .0  70.7  38.8  32.4
1918     341   355    94   142  1088.  1910.  7848. 10513. 20272.   .52  4.19  744.  2.73   -7.  172.  115.    241.   0.  17. 207.  5.70 108.3   6.5 -52.0   3.1 200.0 263.6    .0    .0  76.9  38.9  32.4
1919     341   357    91   131  1076.  1907.  7464.  9110. 18482.   .49  4.27  689.  2.68  -20.  404.  110.    277. 156.  40. 200.  4.77 107.6   6.5 -36.4   7.3 200.0 255.6  26.9    .0  72.3  38.9  32.4
1920     341   351    94   138  1167.  2068.  8271. 10610. 20948.   .51  4.75  752.  2.79  -31.  452.   86.    255. 165.  45. 130.  6.14 109.7   6.5 -29.4   8.1 200.0 273.8  18.6    .0  76.5  39.0  32.5
1921     341   356   102   142  1185.  2116.  8516.  9823. 20455.   .48  4.80  710.  2.88  -27.  244.   95.    253.   0.  24. 156.  5.88 105.9   6.5 -25.5   4.4 200.0 288.2    .0    .0  71.0  38.8  32.4
1922     341   356    96   137  1151.  2033.  8342.  9705. 20080.   .48  4.58  723.  2.78  -25.  320.   99.    252.  72.  32. 160.  5.72 108.6   6.5 -42.1   5.8 200.0 268.8   7.1    .0  74.7  38.9  32.4
1923     341   359    94   134  1215.  2154.  7950. 10104. 20208.   .50  4.85  711.  2.84  -25.  473.   99.    275. 174.  47. 147.  5.41 108.9   6.5 -23.9   8.5 200.0 270.6  26.5    .0  74.7  39.0  32.5
1924     341   355    94   138  1156.  2012.  8265.  9779. 20056.   .49  4.46  726.  2.76   -4.  234.  110.    254.   0.  23. 158.  5.51 108.8   6.5 -47.3   4.2 200.0 269.6    .0    .0  74.4  38.9  32.5
1925     341   355    93   138  1135.  2033.  7978. 10095. 20105.   .50  4.52  741.  2.71  -22.  169.  100.    250.   3.  17. 223.  5.74 108.8   6.5 -44.8   3.0 200.0 270.7    .2    .0  74.3  38.9  32.5
1926     341   355   102   135  1246.  2178.  8898.  8140. 19217.   .42  4.77  696.  2.76  -33.  416.   93.    249. 103.  42. 104.  5.61 103.7   6.5 -21.9   7.5 200.0 282.3  10.0    .0  68.1  38.8  32.3
1927     341   354    93   136  1055.  1868.  7920.  9287. 19075.   .49  4.18  693.  2.75  -19.  220.  109.    221.  26.  22. 177.  5.77 107.3   6.5 -55.0   4.0 200.0 257.8   2.9    .0  74.0  38.9  32.4
1928     341   357    97   141  1273.  2244.  8260. 11149. 21653.   .51  4.98  790.  2.74  -22.  184.  101.    273.   4.  18. 234.  5.80 106.4   6.5 -27.7   3.3 200.0 285.1    .3    .0  75.9  38.9  32.4
1929     341   351    99   138  1229.  2188.  8773.  9451. 20412.   .46  4.91  719.  2.84  -32.  341.   93.    265.  36.  34. 120.  5.70 106.3   6.5 -24.0   6.1 200.0 287.7   3.9    .0  70.9  38.9  32.4
1930     341   352    94   133  1197.  2111.  8483.  9283. 19877.   .47  4.73  728.  2.73  -18.  304.   97.    252.  44.  30. 137.  5.70 106.9   6.5 -31.9   5.5 200.0 279.8   4.0    .0  71.1  38.9  32.4
1931     341   351    91   130  1030.  1833.  6992.  8030. 16855.   .48  4.02  585.  2.88  -15.  248.   97.    206.  45.  25. 140.  5.57 103.8   6.5 -67.5   4.5 200.0 239.2   5.5    .0  70.5  38.8  32.3

 MEANS over  30 years  :
        341.  355.   96.  138.  1191.  2110.  8276. 10023. 20408.   .49  4.73  736.  2.77  -24.  306.   98.    255.  57.  31. 159.  5.78 107.9   6.5 -31.9   5.5 200.0 278.4   6.7    .0  73.3  38.9  32.4
 STANDARD DEVIATIONS  :
          0.    2.    3.    4.    81.   145.   457.   889.  1244.   .02   .35   50.   .07    8.   81.    8.     17.  52.   8.  37.   .33   2.5    .0  14.1   1.5    .0  15.5   7.3    .0   2.4    .1    .1
 VARIATION COEFFICIENTS (%)  : 
          .0    .7   3.1   3.0    6.8    6.9    5.5    8.9    6.1   4.3   7.3   6.8   2.4  33.8  26.6   8.4     6.7 90.2 26.6 23.4   5.6   2.3    .2  44.3  26.6    .0   5.6 108.5    .0   3.3    .2    .2



*** RESULTS OF CROP GROWTH MODEL NWHEAT *** SUMMARY OF OUTPUT FOR WINTER WHEAT AND YIELD STATISTICS ***

Name of run: SG3W2, Station= G2534, Soil=   1, Crop=   2, Organic M.=   1, Nsoil=   1, IRR=   0, Runof=  .10
 Sevil., GFDL scen. dec. 25-34, waterlim. prod., CO2 454 ppm                     


YEAR     SOW EMERG  ANTH  HALT   WRT   WLV    WST   WGR    TAGB     HI  LAIM PARAB  RUE   DWAV RAIN  ESOIL   TRANS DRAIN RUNOF IRR  WUE MINOM MINFM DNTOT NRAIN NGIFT NUPT  NLEACH NIMMO  NUE  DNFM  NBIOM
1902     341   357    95   145  1137.  2016.  8373.  7014. 17403.   .40  4.54  794.  2.19   91.  304.   87.    188.  90.  30.   0.  6.34  95.0   6.4 -14.2   5.5 200.0 280.2  10.2    .0  62.1  38.3  31.9
1903     341   352    96   137  1122.  2002.  7689.  8577. 18268.   .47  4.55  725.  2.52   89.  302.   81.    236.  44.  30.   0.  5.77 101.2   6.4 -36.9   5.4 200.0 269.8   4.0    .0  67.7  38.6  32.2
1904     341   357    96   136  1257.  2210.  8441.  9627. 20278.   .47  4.92  746.  2.72   71.  411.   88.    268.  86.  41.   0.  5.71 103.9   6.5 -23.3   7.4 200.0 282.6   8.9    .0  71.8  38.8  32.3
1905     341   352    99   145  1305.  2353.  9243.  9514. 21110.   .45  5.39  822.  2.57   88.  300.   82.    223.  52.  30.   0.  6.91  98.6   6.4   3.1   5.4 200.0 305.4   5.1    .0  69.1  38.5  32.1
1906     341   356   101   143  1294.  2320.  8507. 10604. 21431.   .49  5.26  763.  2.81   56.  422.   85.    242. 108.  42.   0.  6.54 100.9   6.4  -7.6   7.6 200.0 292.2  11.8    .0  73.3  38.6  32.2
1907     341   354    96   141  1328.  2373.  8810. 11097. 22280.   .50  5.36  783.  2.85   63.  344.   88.    265.  19.  34.   0.  6.30 105.3   6.5  -6.0   6.2 200.0 307.2   1.4    .0  72.5  38.8  32.3
1908     341   356    92   137  1066.  1878.  7742. 10065. 19685.   .51  4.18  699.  2.82   84.  362.   85.    214. 111.  36.   0.  6.59 101.7   6.4 -41.5   6.5 200.0 257.8  13.0    .0  76.4  38.6  32.2
1909     341   352    97   137  1207.  2152.  8207.  6692. 17050.   .39  4.89  696.  2.45   70.  306.   90.    215.  41.  31.   0.  5.59  95.7   6.4 -17.2   5.5 200.0 283.4   3.9    .0  60.2  38.4  32.0
1910     341   359    96   136  1255.  2212.  8288.  6335. 16835.   .38  4.93  697.  2.42   70.  291.   95.    213.  24.  29.   0.  5.48  94.0   6.4 -20.8   5.2 200.0 279.5   2.1    .0  60.2  38.3  31.9
1911     341   355    97   131  1203.  2152.  8279.  5380. 15811.   .34  4.79  672.  2.35   83.  302.   87.    199.  69.  30.   0.  5.53  94.1   6.4 -26.1   5.4 200.0 269.3   7.2    .0  58.7  38.3  31.9
1912     341   356    99   142  1134.  2036.  7716.  6751. 16504.   .41  4.60  742.  2.22   87.  344.   78.    198. 120.  34.   0.  5.98  91.3   6.3 -31.0   6.2 200.0 255.5  14.7    .0  64.6  38.1  31.7
1913     341   353    97   146  1222.  2142.  8366. 11151. 21659.   .51  4.75  802.  2.70   74.  321.   91.    271.   0.  32.   0.  5.98 109.2   6.5 -25.9   5.8 200.0 293.0    .0    .0  73.9  39.0  32.5
1914     341   352    94   135  1281.  2257.  8597.  6366. 17221.   .37  5.08  753.  2.29   87.  235.   82.    216.   0.  23.   0.  5.76  95.0   6.4  -4.3   4.2 200.0 298.4    .0    .0  57.7  38.3  31.9
1915     341   351    91   137  1252.  2220.  8321. 10846. 21387.   .51  4.96  791.  2.70   62.  330.   91.    268.   0.  33.   0.  5.95 110.5   6.5 -29.4   5.9 200.0 290.4    .0    .0  73.6  39.0  32.5
1916     341   356    99   141  1240.  2165.  8866.  5570. 16601.   .34  4.80  764.  2.17   81.  228.   85.    179.  22.  23.   0.  6.29  90.3   6.3 -15.8   4.1 200.0 280.2   1.8    .0  59.2  38.0  31.7
1917     341   353    96   135  1105.  1959.  8060.  2749. 12768.   .22  4.41  631.  2.02   81.  194.   95.    161.   0.  19.   0.  4.99  91.2   6.3 -33.9   3.5 200.0 264.6    .0    .0  48.3  38.1  31.7
1918     341   355    94   142  1086.  1907.  7768.  4326. 14000.   .31  4.19  704.  1.99   91.  172.   85.    161.   0.  17.   0.  5.69  88.6   6.3 -51.9   3.1 200.0 244.1    .0    .0  57.3  37.9  31.6
1919     341   357    91   131  1068.  1894.  7441.  6217. 15551.   .40  4.24  666.  2.33   89.  404.   86.    220. 146.  40.   0.  5.08  97.4   6.4 -34.9   7.3 200.0 248.5  25.3    .0  62.6  38.5  32.0
1920     341   351    94   138  1159.  2055.  7991. 10130. 20176.   .50  4.72  749.  2.69   69.  452.   81.    239. 155.  45.   0.  6.30 101.1   6.4 -23.8   8.1 200.0 272.2  17.2    .0  74.1  38.6  32.2
1921     341   356   102   142  1183.  2112.  8494.  7402. 18008.   .41  4.79  706.  2.55   83.  244.   94.    209.   0.  24.   0.  5.95  96.2   6.4 -18.6   4.4 200.0 285.4    .0    .0  63.1  38.4  32.0
1922     341   356    96   137  1151.  2033.  8329.  8569. 18931.   .45  4.58  721.  2.63   87.  320.   80.    222.  72.  32.   0.  6.26  99.1   6.4 -38.7   5.8 200.0 262.9   7.1    .0  72.0  38.5  32.1
1923     341   359    94   134  1215.  2154.  7837.  8673. 18664.   .46  4.85  710.  2.63   81.  473.   93.    247. 167.  47.   0.  5.49 100.8   6.4 -19.9   8.5 200.0 268.3  24.6    .0  69.6  38.6  32.2
1924     341   355    94   138  1012.  1780.  7920.  6568. 16268.   .40  4.01  674.  2.41   89.  234.  106.    194.   0.  23.   0.  5.43  97.7   6.4 -60.5   4.2 200.0 246.0    .0    .0  66.1  38.5  32.1
1925     341   355    93   138  1131.  2025.  7926.  4459. 14410.   .31  4.50  694.  2.08   97.  169.   86.    164.   0.  17.   0.  5.78  89.5   6.3 -42.6   3.0 200.0 253.8    .0    .0  56.8  37.9  31.6
1926     341   355   102   135  1203.  2109.  8811.  8052. 18972.   .42  4.64  687.  2.76   43.  416.   89.    245.  83.  42.   0.  5.67 100.4   6.4 -24.3   7.5 200.0 279.0   7.8    .0  68.0  38.6  32.2
1927     341   354    93   136   992.  1762.  7738.  7683. 17183.   .45  3.96  671.  2.56   85.  220.   90.    190.   3.  22.   0.  6.13  91.9   6.4 -53.0   4.0 200.0 247.1    .2    .0  69.5  38.1  31.8
1928     341   357    97   141  1182.  2097.  7134.  5580. 14812.   .38  4.47  727.  2.04   93.  184.   98.    161.   0.  18.   0.  5.73  84.2   6.3 -33.0   3.3 200.0 258.2    .0    .0  57.4  37.6  31.3
1929     341   351    99   138  1226.  2184.  8768.  8793. 19745.   .45  4.90  718.  2.75   64.  341.   91.    253.  26.  34.   0.  5.74 100.2   6.4 -18.0   6.1 200.0 288.6   2.8    .0  68.4  38.6  32.2
1930     341   352    94   133  1195.  2108.  8479.  8611. 19198.   .45  4.72  727.  2.64   86.  304.   91.    239.  30.  30.   0.  5.83  99.0   6.4 -24.7   5.5 200.0 280.5   2.6    .0  68.5  38.5  32.1
1931     341   351    91   130  1024.  1824.  6981.  6059. 14863.   .41  4.00  575.  2.58   87.  248.   96.    178.  36.  25.   0.  5.41  88.8   6.3 -59.5   4.5 200.0 233.4   4.3    .0  63.7  37.9  31.6

 MEANS over  30 years  :
        341.  355.   96.  138.  1175.  2083.  8171.  7649. 17902.   .42  4.67  720.  2.48   79.  306.   89.    216.  50.  31.   0.  5.87  97.1   6.4 -27.8   5.5 200.0 272.6   5.9    .0  65.5  38.4  32.0
 STANDARD DEVIATIONS  :
          0.    2.    3.    4.    87.   157.   510.  2144.  2463.   .07   .37   52.   .25   12.   81.    6.     33.  51.   8.   0.   .43   6.0    .1  15.5   1.5    .0  18.7   7.0    .0   6.7    .3    .3
 VARIATION COEFFICIENTS (%)  : 
          .0    .7   3.1   3.0    7.4    7.5    6.2   28.0   13.8  16.5   8.0   7.2  10.3  15.5  26.6   6.7    15.5102.6 26.6   .0   7.3   6.2    .9  55.8  26.6    .0   6.9 119.8    .0  10.2    .8    .8



*** RESULTS OF CROP GROWTH MODEL NWHEAT *** SUMMARY OF OUTPUT FOR WINTER WHEAT AND YIELD STATISTICS ***

Name of run: SG6P1, Station= G5564, Soil=   1, Crop=   1, Organic M.=   1, Nsoil=   1, IRR=   1, Runof=  .10
 Sevil., GFDL scen. dec. 55-64, pot. prod., CO2 353 ppm                          


YEAR     SOW EMERG  ANTH  HALT   WRT   WLV    WST   WGR    TAGB     HI  LAIM PARAB  RUE   DWAV RAIN  ESOIL   TRANS DRAIN RUNOF IRR  WUE MINOM MINFM DNTOT NRAIN NGIFT NUPT  NLEACH NIMMO  NUE  DNFM  NBIOM
1902     341   353    88   134  1021.  1816.  7111.  9021. 17949.   .50  4.21  743.  2.42  -17.  321.  110.    244.  98.  32. 180.  5.07 113.6   6.5 -67.5   5.8 200.0 245.4  11.0    .0  73.1  39.1  32.6
1903     341   349    89   126   984.  1722.  6712.  7351. 15785.   .47  3.96  628.  2.51  -25.  303.   94.    229.  54.  30. 130.  4.88 110.5   6.5 -80.1   5.4 200.0 233.6   5.1    .0  67.6  39.0  32.5
1904     341   351    89   130  1120.  1958.  7200.  8390. 17548.   .48  4.51  710.  2.47  -26.  431.   93.    257. 102.  43.  90.  5.01 113.0   6.5 -53.4   7.8 200.0 260.0  11.3    .0  67.5  39.1  32.6
1905     341   348    90   135  1007.  1797.  7610.  8779. 18186.   .48  4.23  719.  2.53  -26.  323.  103.    216.  74.  32. 128.  5.69 110.2   6.5 -60.9   5.8 200.0 251.9   7.7    .0  72.2  39.0  32.5
1906     341   350    94   131  1185.  2077.  7671.  8398. 18146.   .46  4.80  693.  2.62  -33.  382.   79.    220. 109.  38.  98.  6.06 107.1   6.5 -34.2   6.9 200.0 271.8  11.3    .0  66.8  38.9  32.4
1907     341   350    88   129  1155.  2037.  7569.  8434. 18041.   .47  4.73  698.  2.59  -23.  322.   91.    249.  23.  32.  96.  5.31 110.6   6.5 -49.3   5.8 200.0 268.9   1.7    .0  67.1  39.0  32.5
1908     341   351    85   127   914.  1611.  6242.  7959. 15813.   .50  3.69  616.  2.57  -11.  379.  109.    195. 126.  38. 100.  5.20 110.9   6.5 -86.0   6.8 200.0 221.3  15.1    .0  71.5  39.0  32.5
1909     341   349    90   128  1019.  1805.  6855.  7912. 16572.   .48  4.24  637.  2.60  -35.  290.   91.    230.  64.  29. 159.  5.17 108.8   6.5 -69.1   5.2 200.0 242.7   6.3    .0  68.3  39.0  32.5
1910     341   354    89   127  1063.  1867.  6844.  7874. 16585.   .47  4.30  649.  2.56  -17.  272.   96.    236.  43.  27. 148.  5.00 107.7   6.5 -77.4   4.9 200.0 235.0   4.0    .0  70.6  38.9  32.4
1911     341   351    90   122  1062.  1901.  7284.  6944. 16129.   .43  4.37  615.  2.62  -22.  297.   82.    223.  87.  30. 147.  5.28 105.9   6.5 -57.4   5.3 200.0 247.8   9.5    .0  65.1  38.8  32.4
1912     341   351    93   133  1056.  1882.  7055.  8324. 17262.   .48  4.34  725.  2.38  -29.  375.   96.    243. 130.  37. 160.  5.11 109.0   6.5 -52.8   6.7 200.0 250.7  16.3    .0  68.8  39.0  32.5
1913     341   348    88   134  1037.  1819.  6832.  9048. 17699.   .51  4.22  703.  2.52  -14.  331.   99.    241.   0.  33.  56.  5.21 114.0   6.5 -89.2   6.0 200.0 235.1    .0    .0  75.3  39.1  32.6
1914     341   349    86   124  1044.  1843.  7149.  7733. 16725.   .46  4.24  660.  2.53  -30.  236.   88.    229.   5.  24. 140.  5.27 108.8   6.5 -68.2   4.2 200.0 248.0    .4    .0  67.4  39.0  32.5
1915     341   348    84   127  1104.  1958.  7233.  8685. 17876.   .49  4.59  710.  2.52  -10.  349.   92.    248.  11.  35.  47.  5.25 115.4   6.5 -67.2   6.3 200.0 257.6    .7    .0  69.4  39.2  32.6
1916     341   352    90   134  1104.  1918.  7287.  9187. 18392.   .50  4.42  747.  2.46  -26.  233.  103.    248.  37.  23. 205.  5.23 109.6   6.5 -56.3   4.2 200.0 258.3   3.2    .0  71.2  39.0  32.5
1917     341   350    88   125   976.  1716.  6692.  7198. 15606.   .46  3.92  591.  2.64  -19.  191.   96.    226.   0.  19. 169.  4.84 107.5   6.5 -82.5   3.4 200.0 232.5    .0    .0  67.1  38.9  32.4
1918     341   350    85   133  1025.  1796.  6396.  9192. 17384.   .53  4.10  698.  2.49  -17.  184.  109.    239.   0.  18. 200.  4.99 110.6   6.5 -81.1   3.3 200.0 237.3    .0    .0  73.3  39.0  32.5
1919     341   352    84   121   943.  1655.  6296.  6996. 14947.   .47  3.81  596.  2.51  -19.  419.  100.    251. 176.  42. 169.  4.25 108.7   6.5 -67.2   7.5 200.0 224.8  28.5    .0  66.5  39.0  32.5
1920     341   348    86   127   872.  1549.  6129.  7604. 15281.   .50  3.63  622.  2.46  -18.  410.  102.    200. 179.  41. 129.  5.06 109.4   6.5 -84.2   7.4 200.0 215.6  21.9    .0  70.9  39.0  32.5
1921     341   352    93   134  1068.  1902.  7536.  8378. 17815.   .47  4.50  667.  2.67  -23.  250.   90.    233.   0.  25. 120.  5.53 107.9   6.5 -60.9   4.5 200.0 255.4    .0    .0  69.7  38.9  32.4
1922     341   351    88   129  1017.  1784.  6658.  8394. 16836.   .50  4.08  647.  2.60  -29.  334.  100.    219.  78.  33. 125.  5.28 111.1   6.5 -78.0   6.0 200.0 234.9   8.4    .0  71.7  39.0  32.5
1923     341   354    87   126   966.  1708.  6354.  7777. 15839.   .49  4.00  621.  2.55  -25.  452.  107.    237. 174.  45. 136.  4.60 111.0   6.5 -69.3   8.1 200.0 229.0  25.0    .0  69.2  39.0  32.5
1924     341   350    86   127   978.  1711.  6589.  7733. 16033.   .48  3.86  630.  2.54  -16.  242.  109.    230.   0.  24. 138.  4.73 110.1   6.5 -86.9   4.4 200.0 231.8    .0    .0  69.2  39.0  32.5
1925     341   350    86   127  1042.  1841.  7004.  8087. 16933.   .48  4.24  667.  2.54  -17.  172.   90.    234.   1.  17. 187.  5.23 109.2   6.5 -71.7   3.1 200.0 244.5    .1    .0  69.3  39.0  32.5
1926     341   350    94   128  1157.  2018.  7586.  7337. 16940.   .43  4.62  667.  2.54  -49.  408.   83.    231.  82.  41.  78.  5.39 105.2   6.5 -55.9   7.3 200.0 252.4   7.4    .0  67.1  38.8  32.3
1927     341   350    84   128   944.  1678.  6519.  8349. 16546.   .50  3.93  649.  2.55  -13.  238.  100.    215.  26.  24. 140.  5.24 108.8   6.5 -86.1   4.3 200.0 228.9   2.7    .0  72.3  39.0  32.5
1928     341   352    88   132  1149.  2025.  7034.  9036. 18094.   .50  4.66  724.  2.50  -32.  167.   98.    257.   0.  17. 238.  5.09 109.3   6.5 -63.5   3.0 200.0 252.7    .0    .0  71.6  39.0  32.5
1929     341   349    91   129  1073.  1908.  7494.  7518. 16920.   .44  4.43  656.  2.58  -40.  340.   94.    238.  44.  34. 110.  5.10 108.8   6.5 -66.7   6.1 200.0 247.4   4.7    .0  68.4  38.9  32.5
1930     341   349    86   123   938.  1645.  6927.  6804. 15376.   .44  3.80  621.  2.48  -20.  328.  106.    218.  51.  33. 100.  4.75 107.6   6.5 -84.9   5.9 200.0 227.9   5.1    .0  67.5  38.9  32.4
1931     341   348    83   120   954.  1692.  6049.  6896. 14637.   .47  3.94  552.  2.65  -18.  238.   85.    200.  50.  24. 139.  5.13 106.1   6.5 -91.2   4.3 200.0 217.7   5.6    .0  67.2  38.9  32.4

 MEANS over  30 years  :
        341.  350.   88.  128.  1033.  1821.  6931.  8045. 16796.   .48  4.21  662.  2.54  -23.  307.   97.    231.  61.  31. 135.  5.13 109.5   6.5 -70.0   5.5 200.0 242.0   7.1    .0  69.4  39.0  32.5
 STANDARD DEVIATIONS  :
          0.    2.    3.    4.    76.   133.   464.   707.  1048.   .02   .31   48.   .07    9.   79.    8.     16.  55.   8.  42.   .32   2.3    .0  13.7   1.4    .0  14.3   7.6    .0   2.4    .1    .1
 VARIATION COEFFICIENTS (%)  : 
          .0    .5   3.4   3.1    7.4    7.3    6.7    8.8    6.2   4.8   7.3   7.3   2.6  36.9  25.6   8.7     6.8 90.9 25.6 31.3   6.3   2.1    .2  19.6  25.6    .0   5.9 107.1    .0   3.5    .2    .2



*** RESULTS OF CROP GROWTH MODEL NWHEAT *** SUMMARY OF OUTPUT FOR WINTER WHEAT AND YIELD STATISTICS ***

Name of run: SG6W1, Station= G5564, Soil=   1, Crop=   1, Organic M.=   1, Nsoil=   1, IRR=   0, Runof=  .10
 Sevil., GFDL scen. dec. 55-64, waterlim. prod., CO2 353 ppm                     


YEAR     SOW EMERG  ANTH  HALT   WRT   WLV    WST   WGR    TAGB     HI  LAIM PARAB  RUE   DWAV RAIN  ESOIL   TRANS DRAIN RUNOF IRR  WUE MINOM MINFM DNTOT NRAIN NGIFT NUPT  NLEACH NIMMO  NUE  DNFM  NBIOM
1902     341   353    88   134  1022.  1816.  7097.  7061. 15974.   .44  4.21  726.  2.20   92.  321.   85.    198.  98.  32.   0.  5.64  99.8   6.4 -60.6   5.8 200.0 238.6  11.0    .0  66.9  38.6  32.1
1903     341   349    89   126   984.  1722.  6708.  7220. 15649.   .46  3.96  628.  2.49   79.  303.   72.    226.  54.  30.   0.  5.25 105.3   6.5 -66.9   5.4 200.0 240.9   5.1    .0  65.0  38.8  32.3
1904     341   351    89   130  1120.  1958.  7199.  8384. 17541.   .48  4.51  710.  2.47   59.  431.   89.    256. 102.  43.   0.  5.08 108.8   6.5 -46.1   7.8 200.0 262.9  11.3    .0  66.7  39.0  32.5
1905     341   348    90   135   980.  1757.  7556.  8603. 17916.   .48  4.16  713.  2.51   67.  323.   88.    211.  59.  32.   0.  5.99 103.4   6.5 -53.6   5.8 200.0 254.1   5.8    .0  70.5  38.7  32.3
1906     341   350    94   131  1184.  2076.  7670.  8397. 18143.   .46  4.80  693.  2.62   54.  382.   76.    220. 102.  38.   0.  6.12 102.9   6.5 -29.4   6.9 200.0 273.4  10.2    .0  66.4  38.7  32.3
1907     341   350    88   129  1137.  2010.  7545.  8396. 17951.   .47  4.68  695.  2.58   51.  322.   83.    247.   9.  32.   0.  5.43 107.9   6.5 -46.6   5.8 200.0 270.0    .6    .0  66.5  38.9  32.4
1908     341   351    85   127   914.  1611.  6242.  7959. 15812.   .50  3.69  616.  2.57   59.  379.   78.    195. 126.  38.   0.  5.79 106.0   6.5 -79.7   6.8 200.0 222.6  15.1    .0  71.0  38.8  32.4
1909     341   349    90   128  1004.  1781.  6824.  5952. 14557.   .41  4.19  628.  2.32   65.  290.   82.    197.  47.  29.   0.  5.22  97.4   6.4 -68.7   5.2 200.0 233.8   4.4    .0  62.3  38.5  32.0
1910     341   354    89   127  1019.  1802.  6763.  5961. 14526.   .41  4.18  636.  2.28   79.  272.   93.    199.  31.  27.   0.  4.97  96.3   6.4 -77.9   4.9 200.0 224.7   2.7    .0  64.7  38.4  32.0
1911     341   351    90   122  1062.  1901.  7284.  5622. 14808.   .38  4.37  613.  2.42   89.  297.   75.    201.  80.  30.   0.  5.36  97.1   6.4 -54.6   5.3 200.0 242.9   8.5    .0  61.0  38.4  32.0
1912     341   351    93   133  1056.  1882.  7046.  6798. 15727.   .43  4.34  720.  2.18   85.  375.   79.    212. 130.  37.   0.  5.39  96.6   6.4 -43.8   6.7 200.0 247.4  16.3    .0  63.6  38.4  32.0
1913     341   348    88   134  1033.  1814.  6826.  9036. 17675.   .51  4.21  703.  2.52   41.  331.   98.    241.   0.  33.   0.  5.22 111.1   6.5 -85.5   6.0 200.0 235.9    .0    .0  74.9  39.0  32.5
1914     341   349    86   124  1035.  1829.  7132.  6584. 15545.   .42  4.21  655.  2.37   78.  236.   79.    212.   0.  24.   0.  5.35  97.8   6.4 -63.8   4.2 200.0 242.3    .0    .0  64.1  38.5  32.1
1915     341   348    84   127  1100.  1951.  7226.  8673. 17850.   .49  4.58  709.  2.52   30.  349.   92.    247.   4.  35.   0.  5.26 113.4   6.5 -64.4   6.3 200.0 258.8    .3    .0  69.0  39.1  32.6
1916     341   352    90   134  1098.  1910.  7266.  6615. 15791.   .42  4.40  726.  2.17   93.  233.   79.    191.  32.  23.   0.  5.85  96.9   6.4 -55.0   4.2 200.0 247.5   2.7    .0  63.8  38.4  32.0
1917     341   350    88   125   921.  1628.  6567.  3880. 12076.   .32  3.76  557.  2.17   84.  191.   95.    161.   0.  19.   0.  4.71  94.8   6.4 -81.5   3.4 200.0 221.2    .0    .0  54.6  38.3  31.9
1918     341   350    85   133  1025.  1796.  6315.  4257. 12367.   .34  4.10  674.  1.84   89.  184.   84.    170.   0.  18.   0.  4.86  93.4   6.4 -67.9   3.3 200.0 233.4    .0    .0  53.0  38.2  31.9
1919     341   352    84   121   921.  1621.  6248.  5827. 13695.   .43  3.74  588.  2.33   87.  419.   86.    220. 158.  42.   0.  4.47 100.2   6.4 -71.1   7.5 200.0 215.2  25.9    .0  63.6  38.6  32.2
1920     341   348    86   127   861.  1532.  6103.  7562. 15197.   .50  3.60  619.  2.46   68.  410.   77.    198. 162.  41.   0.  5.51 103.1   6.4 -79.6   7.4 200.0 216.6  19.2    .0  70.2  38.7  32.2
1921     341   352    93   134  1068.  1902.  7532.  7645. 17079.   .45  4.50  667.  2.56   79.  250.   87.    217.   0.  25.   0.  5.62 102.2   6.4 -48.5   4.5 200.0 261.9    .0    .0  65.2  38.7  32.2
1922     341   351    88   129  1009.  1772.  6644.  8339. 16755.   .50  4.06  645.  2.60   73.  334.   84.    216.  73.  33.   0.  5.58 104.6   6.5 -72.4   6.0 200.0 234.6   7.8    .0  71.4  38.8  32.3
1923     341   354    87   126   966.  1708.  6353.  7490. 15551.   .48  4.00  621.  2.51   77.  452.   88.    229. 168.  45.   0.  4.91 104.1   6.5 -63.8   8.1 200.0 228.9  23.8    .0  67.9  38.8  32.3
1924     341   350    86   127   855.  1510.  6307.  6603. 14420.   .46  3.48  599.  2.41   84.  242.  106.    195.   0.  24.   0.  4.78 101.1   6.4 -97.6   4.4 200.0 212.7    .0    .0  67.8  38.6  32.2
1925     341   350    86   127  1042.  1841.  6987.  4826. 13655.   .35  4.24  633.  2.16   95.  172.   76.    174.   0.  17.   0.  5.47  92.7   6.4 -66.9   3.1 200.0 233.1    .0    .0  58.6  38.1  31.8
1926     341   350    94   128  1101.  1933.  7505.  7237. 16675.   .43  4.46  656.  2.54    2.  408.   73.    226.  70.  41.   0.  5.58 102.9   6.5 -59.9   7.3 200.0 247.2   6.6    .0  67.4  38.7  32.3
1927     341   350    84   128   897.  1604.  6426.  7841. 15871.   .49  3.79  638.  2.49   77.  238.   86.    203.   2.  24.   0.  5.50  96.4   6.4 -81.7   4.3 200.0 223.6    .2    .0  71.0  38.4  32.0
1928     341   352    88   132  1062.  1893.  5764.  5733. 13391.   .43  4.33  682.  1.96   91.  167.   76.    164.   0.  17.   0.  5.56  88.3   6.3 -65.7   3.0 200.0 229.6    .0    .0  58.3  37.9  31.6
1929     341   349    91   129  1073.  1908.  7493.  7515. 16915.   .44  4.43  656.  2.58   51.  340.   85.    238.  34.  34.   0.  5.24 104.0   6.5 -58.1   6.1 200.0 252.2   3.6    .0  67.1  38.8  32.3
1930     341   349    86   123   934.  1639.  6916.  6790. 15345.   .44  3.79  620.  2.47   60.  328.   96.    218.  41.  33.   0.  4.89 103.1   6.5 -79.3   5.9 200.0 230.0   4.0    .0  66.7  38.7  32.3
1931     341   348    83   120   947.  1681.  6039.  6115. 13835.   .44  3.92  549.  2.52   86.  238.   80.    188.  32.  24.   0.  5.16  92.1   6.4 -83.7   4.3 200.0 213.3   3.6    .0  64.9  38.1  31.8

 MEANS over  30 years  :
        341.  350.   88.  128.  1014.  1793.  6853.  6964. 15610.   .44  4.16  653.  2.39   71.  307.   84.    209.  54.  31.   0.  5.33 100.8   6.4 -65.8   5.5 200.0 238.3   6.3    .0  65.5  38.6  32.2
 STANDARD DEVIATIONS  :
          0.    2.    3.    4.    81.   141.   519.  1297.  1633.   .05   .32   48.   .19   21.   79.    8.     24.  54.   8.   0.   .38   5.7    .0  14.6   1.4    .0  16.4   7.3    .0   4.8    .3    .2
 VARIATION COEFFICIENTS (%)  : 
          .0    .5   3.4   3.1    8.0    7.9    7.6   18.6   10.5  10.5   7.8   7.3   8.0  29.1  25.6   9.5    11.4 99.9 25.6   .0   7.1   5.7    .7  22.2  25.6    .0   6.9 115.3    .0   7.3    .7    .7



*** RESULTS OF CROP GROWTH MODEL NWHEAT *** SUMMARY OF OUTPUT FOR WINTER WHEAT AND YIELD STATISTICS ***

Name of run: SG6P3, Station= G5564, Soil=   1, Crop=   3, Organic M.=   1, Nsoil=   1, IRR=   1, Runof=  .10
 Sevil., GFDL scen. dec. 55-64, pot. prod., CO2 617 ppm                          


YEAR     SOW EMERG  ANTH  HALT   WRT   WLV    WST   WGR    TAGB     HI  LAIM PARAB  RUE   DWAV RAIN  ESOIL   TRANS DRAIN RUNOF IRR  WUE MINOM MINFM DNTOT NRAIN NGIFT NUPT  NLEACH NIMMO  NUE  DNFM  NBIOM
1902     341   353    88   134  1174.  2095.  8688. 11629. 22413.   .52  4.47  752.  2.98  -12.  321.  105.    230. 102.  32. 160.  6.69 113.6   6.5 -30.2   5.8 200.0 281.8  11.4    .0  79.5  39.1  32.6
1903     341   349    89   126  1135.  1996.  8054.  9615. 19665.   .49  4.25  639.  3.08  -20.  303.   89.    218.  55.  30. 110.  6.41 110.5   6.5 -45.8   5.4 200.0 267.8   5.3    .0  73.4  39.0  32.5
1904     341   351    89   130  1303.  2294.  8768. 10990. 22053.   .50  4.88  721.  3.06  -32.  431.   88.    245. 103.  43.  80.  6.63 112.6   6.5 -13.3   7.8 200.0 298.8  11.6    .0  73.8  39.1  32.6
1905     341   348    90   135  1173.  2101.  9113. 11392. 22607.   .50  4.57  733.  3.08  -20.  323.   97.    206.  76.  32. 108.  7.46 110.1   6.5 -22.5   5.8 200.0 289.4   7.9    .0  78.1  39.0  32.5
1906     341   350    94   131  1350.  2381.  9208. 10779. 22369.   .48  5.09  699.  3.20  -33.  382.   75.    209. 114.  38.  88.  7.86 107.0   6.5   1.8   6.9 200.0 307.2  11.1    .0  72.8  38.9  32.4
1907     341   350    88   129  1346.  2383.  9066. 10987. 22436.   .49  5.09  708.  3.17  -24.  322.   85.    238.  29.  32.  86.  6.95 110.6   6.5  -9.9   5.8 200.0 307.4   1.9    .0  73.0  39.0  32.5
1908     341   351    85   127  1080.  1918.  7755. 10515. 20189.   .52  4.06  632.  3.19  -15.  379.   99.    187. 130.  38.  90.  7.06 110.7   6.5 -44.4   6.8 200.0 261.8  15.4    .0  77.1  39.0  32.5
1909     341   349    90   128  1170.  2079.  8323. 10213. 20615.   .50  4.51  644.  3.20  -39.  290.   86.    218.  66.  29. 149.  6.77 108.8   6.5 -36.3   5.2 200.0 274.8   6.5    .0  75.0  39.0  32.5
1910     341   354    89   127  1244.  2198.  8370. 10254. 20823.   .49  4.67  660.  3.15  -22.  272.   90.    226.  44.  27. 138.  6.59 107.8   6.5 -38.3   4.9 200.0 273.4   4.1    .0  76.2  38.9  32.4
1911     341   351    90   122  1257.  2262.  8853.  9241. 20356.   .45  4.81  628.  3.24  -23.  297.   75.    216.  89.  30. 137.  6.99 106.2   6.5 -16.9   5.3 200.0 287.5   9.8    .0  70.8  38.9  32.4
1912     341   351    93   133  1192.  2130.  8503. 10452. 21085.   .50  4.53  729.  2.89  -23.  375.   93.    227. 134.  37. 140.  6.59 108.7   6.5 -19.6   6.7 200.0 282.8  16.8    .0  74.6  38.9  32.5
1913     341   348    88   134  1207.  2123.  8736. 11095. 21953.   .51  4.54  716.  3.07  -17.  331.   92.    230.   4.  33.  46.  6.81 114.0   6.5 -51.6   6.0 200.0 271.8    .2    .0  80.8  39.1  32.6
1914     341   349    86   124  1208.  2138.  8629. 10127. 20894.   .48  4.53  669.  3.12  -23.  236.   83.    218.   7.  24. 120.  6.93 108.8   6.5 -31.9   4.2 200.0 283.7    .5    .0  73.6  39.0  32.5
1915     341   348    84   127  1290.  2295.  8683. 11240. 22218.   .51  4.94  721.  3.08  -13.  349.   87.    237.  14.  35.  36.  6.86 115.7   6.5 -29.2   6.3 200.0 295.0    .9    .0  75.3  39.2  32.6
1916     341   352    90   134  1269.  2221.  8866. 11825. 22912.   .52  4.71  756.  3.03  -21.  233.   98.    235.  40.  23. 185.  6.87 109.7   6.5 -21.5   4.2 200.0 292.3   3.5    .0  78.4  39.0  32.5
1917     341   350    88   125  1130.  1997.  8113.  9559. 19669.   .49  4.21  600.  3.28  -15.  191.   91.    215.   0.  19. 149.  6.43 107.8   6.5 -47.7   3.4 200.0 267.0    .0    .0  73.7  38.9  32.4
1918     341   350    85   133  1211.  2137.  8335. 11783. 22254.   .53  4.53  716.  3.11  -15.  184.  101.    230.   0.  18. 180.  6.73 110.7   6.5 -37.8   3.3 200.0 280.1    .0    .0  79.5  39.0  32.5
1919     341   352    84   121  1108.  1959.  7787.  9305. 19051.   .49  4.17  609.  3.13  -23.  419.   94.    240. 179.  42. 159.  5.71 108.6   6.5 -28.2   7.5 200.0 263.2  28.4    .0  72.4  38.9  32.5
1920     341   348    86   127  1010.  1795.  7959.  9578. 19333.   .50  3.89  635.  3.04  -18.  410.   97.    189. 184.  41. 119.  6.75 109.4   6.5 -54.7   7.4 200.0 245.1  21.5    .0  78.9  39.0  32.5
1921     341   352    93   134  1232.  2201.  8923. 10645. 21769.   .49  4.80  676.  3.22  -29.  250.   85.    221.   0.  25. 110.  7.11 108.1   6.5 -26.8   4.5 200.0 289.1    .0    .0  75.3  38.9  32.4
1922     341   351    88   129  1179.  2076.  8679. 10238. 20994.   .49  4.40  659.  3.19  -19.  334.   95.    208.  83.  33. 105.  6.93 111.2   6.5 -42.0   6.0 200.0 270.0   8.8    .0  77.8  39.0  32.5
1923     341   354    87   126  1149.  2037.  8034. 10150. 20220.   .50  4.40  639.  3.17  -27.  452.   99.    229. 178.  45. 126.  6.16 111.1   6.5 -29.8   8.1 200.0 268.9  24.2    .0  75.2  39.0  32.5
1924     341   350    86   127  1147.  2019.  8165. 10222. 20406.   .50  4.21  643.  3.17  -24.  242.  103.    219.   0.  24. 128.  6.34 110.0   6.5 -47.2   4.4 200.0 270.8    .0    .0  75.3  39.0  32.5
1925     341   350    86   127  1222.  2171.  8528. 10583. 21281.   .50  4.62  681.  3.13  -20.  172.   84.    225.   3.  17. 177.  6.90 109.3   6.5 -33.2   3.1 200.0 282.4    .2    .0  75.4  39.0  32.5
1926     341   350    94   128  1326.  2321.  9034.  9734. 21088.   .46  4.90  673.  3.13  -46.  408.   79.    220.  90.  41.  68.  7.06 105.3   6.5 -21.9   7.3 200.0 287.2   6.1    .0  73.4  38.8  32.3
1927     341   350    84   128  1102.  1967.  8090. 10862. 20919.   .52  4.24  661.  3.16   -7.  238.   94.    205.  28.  24. 120.  6.99 108.6   6.5 -46.5   4.3 200.0 267.5   3.0    .0  78.2  38.9  32.5
1928     341   352    88   132  1347.  2386.  8743. 11452. 22582.   .51  5.06  736.  3.07  -29.  167.   91.    247.   0.  17. 218.  6.68 109.6   6.5 -24.1   3.0 200.0 291.5    .0    .0  77.5  39.0  32.5
1929     341   349    91   129  1226.  2189.  8888.  9649. 20725.   .47  4.68  662.  3.13  -35.  340.   90.    225.  46.  34.  90.  6.58 108.4   6.5 -32.4   6.1 200.0 280.5   4.8    .0  73.9  38.9  32.4
1930     341   349    86   123  1116.  1963.  8515.  9144. 19622.   .47  4.19  639.  3.07  -15.  328.   98.    210.  52.  33.  80.  6.37 107.5   6.5 -46.6   5.9 200.0 265.4   5.1    .0  73.9  38.9  32.4
1931     341   348    83   120  1114.  1985.  7484.  8951. 18421.   .49  4.26  561.  3.28  -20.  238.   80.    191.  53.  24. 129.  6.81 105.9   6.5 -53.0   4.3 200.0 255.0   5.7    .0  72.2  38.8  32.4

 MEANS over  30 years  :
        341.  350.   88.  128.  1201.  2127.  8496. 10407. 21031.   .49  4.54  673.  3.13  -23.  307.   91.    221.  63.  31. 121.  6.77 109.5   6.5 -32.7   5.5 200.0 278.6   7.2    .0  75.5  39.0  32.5
 STANDARD DEVIATIONS  :
          0.    2.    3.    4.    84.   147.   435.   804.  1175.   .02   .31   47.   .08    8.   79.    8.     15.  56.   8.  41.   .38   2.3    .0  13.6   1.4    .0  14.4   7.5    .0   2.5    .1    .1
 VARIATION COEFFICIENTS (%)  : 
          .0    .5   3.4   3.1    7.0    6.9    5.1    7.7    5.6   3.5   6.9   7.0   2.7  36.6  25.6   8.4     6.8 88.6 25.6 33.5   5.7   2.1    .2  41.6  25.6    .0   5.2 104.9    .0   3.3    .2    .2



*** RESULTS OF CROP GROWTH MODEL NWHEAT *** SUMMARY OF OUTPUT FOR WINTER WHEAT AND YIELD STATISTICS ***

Name of run: SG6W3, Station= G5564, Soil=   1, Crop=   3, Organic M.=   1, Nsoil=   1, IRR=   0, Runof=  .10
 Sevil., GFDL scen. dec. 55-64, waterlim. prod., CO2 617 ppm                     


YEAR     SOW EMERG  ANTH  HALT   WRT   WLV    WST   WGR    TAGB     HI  LAIM PARAB  RUE   DWAV RAIN  ESOIL   TRANS DRAIN RUNOF IRR  WUE MINOM MINFM DNTOT NRAIN NGIFT NUPT  NLEACH NIMMO  NUE  DNFM  NBIOM
1902     341   353    88   134  1174.  2095.  8605.  9524. 20224.   .47  4.47  742.  2.73   91.  321.   84.    194. 102.  32.   0.  7.26 100.6   6.4 -21.6   5.8 200.0 277.3  11.4    .0  72.9  38.6  32.2
1903     341   349    89   126  1135.  1996.  8052.  9611. 19659.   .49  4.25  639.  3.08   71.  303.   70.    218.  55.  30.   0.  6.84 105.9   6.5 -36.4   5.4 200.0 271.5   5.3    .0  72.4  38.8  32.4
1904     341   351    89   130  1303.  2294.  8768. 10989. 22051.   .50  4.88  721.  3.06   45.  431.   85.    245. 103.  43.   0.  6.68 109.6   6.5  -9.0   7.8 200.0 300.0  11.6    .0  73.5  39.0  32.5
1905     341   348    90   135  1144.  2058.  9058. 11301. 22417.   .50  4.49  728.  3.08   58.  323.   84.    204.  61.  32.   0.  7.79 104.6   6.5 -18.9   5.8 200.0 289.4   6.0    .0  77.5  38.8  32.3
1906     341   350    94   131  1350.  2381.  9208. 10778. 22366.   .48  5.09  698.  3.20   46.  382.   74.    209. 107.  38.   0.  7.91 103.5   6.5   5.2   6.9 200.0 308.1  10.1    .0  72.6  38.7  32.3
1907     341   350    88   129  1326.  2352.  9040. 10946. 22338.   .49  5.04  705.  3.17   41.  322.   80.    236.  15.  32.   0.  7.07 108.5   6.5 -10.0   5.8 200.0 306.4    .8    .0  72.9  38.9  32.4
1908     341   351    85   127  1080.  1918.  7755. 10515. 20188.   .52  4.06  632.  3.19   52.  379.   76.    187. 130.  38.   0.  7.67 106.5   6.5 -39.5   6.8 200.0 262.4  15.4    .0  76.9  38.8  32.4
1909     341   349    90   128  1154.  2054.  8225.  8604. 18883.   .46  4.46  638.  2.96   63.  290.   79.    196.  49.  29.   0.  6.86  98.4   6.4 -33.4   5.2 200.0 269.3   4.5    .0  70.1  38.5  32.1
1910     341   354    89   127  1203.  2136.  8264.  8543. 18943.   .45  4.57  652.  2.91   75.  272.   87.    201.  32.  27.   0.  6.59  98.2   6.4 -36.8   4.9 200.0 266.7   2.8    .0  71.0  38.5  32.1
1911     341   351    90   122  1257.  2262.  8850.  7964. 19076.   .42  4.81  627.  3.04   88.  297.   72.    200.  82.  30.   0.  7.00  98.3   6.4 -12.2   5.3 200.0 285.2   8.8    .0  66.9  38.5  32.1
1912     341   351    93   133  1192.  2130.  8460.  9056. 19647.   .46  4.53  727.  2.70   83.  375.   79.    207. 134.  37.   0.  6.87  97.6   6.4  -9.0   6.7 200.0 282.1  16.8    .0  69.6  38.4  32.0
1913     341   348    88   134  1202.  2116.  8731. 11083. 21930.   .51  4.53  715.  3.07   24.  331.   92.    230.   0.  33.   0.  6.81 111.8   6.5 -49.6   6.0 200.0 271.9    .0    .0  80.7  39.1  32.5
1914     341   349    86   124  1198.  2123.  8610.  9565. 20297.   .47  4.50  667.  3.04   76.  236.   77.    211.   0.  24.   0.  7.04  98.7   6.4 -24.2   4.2 200.0 282.1    .0    .0  72.0  38.5  32.1
1915     341   348    84   127  1287.  2291.  8680. 11235. 22205.   .51  4.93  721.  3.08   17.  349.   87.    237.   8.  35.   0.  6.87 114.1   6.5 -27.9   6.3 200.0 295.2    .5    .0  75.2  39.1  32.6
1916     341   352    90   134  1263.  2212.  8694.  9034. 19940.   .45  4.70  741.  2.69   92.  233.   78.    188.  35.  23.   0.  7.50  97.7   6.4 -17.4   4.2 200.0 285.0   3.0    .0  70.0  38.5  32.1
1917     341   350    88   125  1071.  1902.  7930.  5977. 15809.   .38  4.05  572.  2.76   84.  191.   92.    164.   0.  19.   0.  6.18  95.9   6.4 -43.5   3.4 200.0 259.6    .0    .0  60.9  38.4  32.0
1918     341   350    85   133  1211.  2137.  7900.  6760. 16797.   .40  4.53  695.  2.42   88.  184.   80.    174.   0.  18.   0.  6.61  94.6   6.4 -24.1   3.3 200.0 277.7    .0    .0  60.5  38.3  31.9
1919     341   352    84   121  1089.  1930.  7742.  8179. 17851.   .46  4.11  604.  2.96   85.  419.   82.    219. 161.  42.   0.  5.93 101.9   6.4 -28.2   7.5 200.0 259.2  25.7    .0  68.9  38.7  32.2
1920     341   348    86   127   998.  1777.  7923.  9542. 19243.   .50  3.86  633.  3.04   62.  410.   76.    188. 167.  41.   0.  7.29 103.6   6.5 -51.4   7.4 200.0 245.4  18.7    .0  78.4  38.7  32.3
1921     341   352    93   134  1232.  2201.  8921. 10365. 21487.   .48  4.80  676.  3.18   74.  250.   84.    216.   0.  25.   0.  7.18 103.9   6.5 -16.9   4.5 200.0 294.7    .0    .0  72.9  38.8  32.3
1922     341   351    88   129  1170.  2063.  8655. 10216. 20933.   .49  4.37  657.  3.19   68.  334.   83.    207.  79.  33.   0.  7.22 105.1   6.5 -36.7   6.0 200.0 269.7   8.2    .0  77.6  38.8  32.3
1923     341   354    87   126  1149.  2037.  7995. 10000. 20032.   .50  4.40  639.  3.14   74.  452.   84.    226. 171.  45.   0.  6.47 104.6   6.5 -22.9   8.1 200.0 270.3  23.1    .0  74.1  38.8  32.3
1924     341   350    86   127  1014.  1799.  7870.  9385. 19055.   .49  3.83  616.  3.09   81.  242.  101.    197.   0.  24.   0.  6.39 102.7   6.5 -53.7   4.4 200.0 257.5    .0    .0  74.0  38.7  32.3
1925     341   350    86   127  1222.  2171.  8466.  6907. 17544.   .39  4.62  657.  2.67   93.  172.   72.    175.   0.  17.   0.  7.09  93.9   6.4 -26.4   3.1 200.0 274.1    .0    .0  64.0  38.2  31.9
1926     341   350    94   128  1269.  2232.  8958.  9632. 20822.   .46  4.75  664.  3.14   -4.  408.   70.    215.  78.  41.   0.  7.30 103.1   6.5 -26.5   7.3 200.0 281.4   5.3    .0  74.0  38.7  32.3
1927     341   350    84   128  1052.  1888.  7975. 10546. 20409.   .52  4.11  652.  3.13   71.  238.   83.    198.   4.  24.   0.  7.27  97.7   6.4 -42.8   4.3 200.0 263.0    .4    .0  77.6  38.5  32.0
1928     341   352    88   132  1266.  2262.  7650.  7463. 17375.   .43  4.79  705.  2.47   91.  167.   72.    169.   0.  17.   0.  7.21  89.3   6.3 -21.3   3.0 200.0 274.3    .0    .0  63.3  38.0  31.6
1929     341   349    91   129  1226.  2189.  8887.  9647. 20723.   .47  4.68  662.  3.13   38.  340.   83.    225.  36.  34.   0.  6.73 104.8   6.5 -27.5   6.1 200.0 282.9   3.7    .0  73.3  38.8  32.3
1930     341   349    86   123  1111.  1956.  8505.  9128. 19588.   .47  4.17  638.  3.07   48.  328.   91.    210.  42.  33.   0.  6.51 104.5   6.5 -44.3   5.9 200.0 265.7   4.0    .0  73.7  38.8  32.3
1931     341   348    83   120  1106.  1973.  7466.  8535. 17974.   .47  4.24  560.  3.21   84.  238.   77.    186.  35.  24.   0.  6.84  93.0   6.4 -44.0   4.3 200.0 253.0   3.9    .0  71.0  38.2  31.8

 MEANS over  30 years  :
        341.  350.   88.  128.  1182.  2098.  8395.  9368. 19860.   .47  4.49  666.  2.99   65.  307.   81.    204.  56.  31.   0.  6.97 101.8   6.4 -28.4   5.5 200.0 276.0   6.3    .0  71.9  38.6  32.2
 STANDARD DEVIATIONS  :
          0.    2.    3.    4.    89.   155.   479.  1366.  1716.   .04   .33   47.   .22   24.   79.    7.     20.  55.   8.   0.   .44   5.6    .0  14.0   1.4    .0  15.1   7.2    .0   4.9    .3    .2
 VARIATION COEFFICIENTS (%)  : 
          .0    .5   3.4   3.1    7.5    7.4    5.7   14.6    8.6   7.5   7.3   7.1   7.2  36.8  25.6   8.7     9.8 97.8 25.6   .0   6.4   5.5    .7  49.4  25.6    .0   5.5 113.4    .0   6.8    .7    .7
