


*** RESULTS OF CROP GROWTH MODEL NWHEAT *** SUMMARY OF OUTPUT FOR WINTER WHEAT AND YIELD STATISTICS ***

Name of run: SBsP1, Station= BS   , Soil=   1, Crop=   1, Organic M.=   1, Nsoil=   1, IRR=   1, Runof=  .10
 Sevil., base line (Micha), potential prod., CO2 353 ppm                         


YEAR     SOW EMERG  ANTH  HALT   WRT   WLV    WST   WGR    TAGB     HI  LAIM PARAB  RUE   DWAV RAIN  ESOIL   TRANS DRAIN RUNOF IRR  WUE MINOM MINFM DNTOT NRAIN NGIFT NUPT  NLEACH NIMMO  NUE  DNFM  NBIOM
1902     341   356   101   147  1224.  2178.  8450. 10104. 20732.   .49  5.08  809.  2.56  -15.  363.  103.    270. 119.  36. 180.  5.56 110.9   6.5 -14.0   6.5 200.0 291.2  16.0    .0  71.2  39.0  32.5
1903     341   353   102   142  1123.  2010.  7390.  8716. 18116.   .48  4.65  696.  2.60  -18.  318.   95.    265.  25.  32. 117.  5.02 104.0   6.5 -54.1   5.7 200.0 257.4   2.0    .0  70.4  38.8  32.3
1904     341   361   100   144  1157.  2049.  8136.  9053. 19239.   .47  4.77  748.  2.57  -20.  401.  105.    265.  96.  40. 126.  5.19 107.5   6.5 -34.5   7.2 200.0 273.5  10.6    .0  70.3  38.9  32.4
1905     341   352   106   146  1097.  1952.  8474.  8886. 19312.   .46  4.56  786.  2.46  -35.  368.  103.    243. 140.  37. 190.  5.58 104.5   6.5 -31.1   6.6 200.0 265.6  18.3    .0  72.7  38.8  32.3
1906     341   353   106   152  1203.  2139.  7825. 10382. 20346.   .51  5.04  791.  2.57  -42.  608.   90.    248. 213.  61.  46.  6.01 105.9   6.5  -9.8  10.9 200.0 275.8  35.0    .0  73.8  38.8  32.4
1907     341   352    98   145  1145.  2040.  7759.  9776. 19575.   .50  4.72  772.  2.54  -17.  302.  105.    261.  45.  30. 157.  5.35 111.3   6.5 -40.8   5.4 200.0 275.8   4.2    .0  71.0  39.0  32.5
1908     341   351   103   146  1307.  2315.  8498.  9821. 20634.   .48  5.36  838.  2.46  -20.  363.   88.    270.  76.  36. 127.  5.77 108.7   6.5 -28.3   6.5 200.0 282.4   7.6    .0  73.1  38.9  32.5
1909     341   353   102   141  1245.  2219.  7959.  8896. 19073.   .47  5.18  735.  2.60  -22.  527.   88.    277. 267.  53. 180.  5.21 107.4   6.5  -2.4   9.5 200.0 273.8  44.0    .0  69.7  38.9  32.4
1910     341   352    98   140  1176.  2079.  8033.  9482. 19594.   .48  4.79  777.  2.52  -27.  309.   99.    271.  36.  31. 157.  5.29 106.6   6.5 -37.1   5.6 200.0 274.4   4.2    .0  71.4  38.9  32.4
1911     341   354   104   144  1254.  2229.  8269.  9025. 19524.   .46  5.16  762.  2.56  -25.  285.   92.    271.  20.  28. 150.  5.39 104.1   6.5 -29.6   5.1 200.0 281.3   1.5    .0  69.4  38.8  32.3
1912     341   355   103   147  1075.  1881.  7704.  8589. 18174.   .47  4.36  694.  2.62  -40.  423.  109.    241. 140.  42. 149.  5.20 106.1   6.5 -36.7   7.6 200.0 259.0  22.2    .0  70.2  38.8  32.4
1913     341   352   103   142  1189.  2091.  7918.  8464. 18473.   .46  4.80  713.  2.59  -25.  250.   94.    258.  15.  25. 166.  5.25 106.0   6.5 -31.7   4.5 200.0 281.0   1.5    .0  65.7  38.8  32.4
1914     341   354   100   144  1103.  1949.  7207.  9588. 18744.   .51  4.49  713.  2.63  -27.  335.  103.    257.  31.  34. 116.  5.21 105.6   6.5 -60.6   6.0 200.0 252.8   2.3    .0  74.2  38.8  32.4
1915     341   351    99   142  1143.  1999.  7757.  9083. 18839.   .48  4.62  766.  2.46  -19.  329.  103.    261.   0.  33.  87.  5.18 107.8   6.5 -49.6   5.9 200.0 267.8    .0    .0  70.3  38.9  32.4
1916     341   354   104   141  1111.  1988.  7866.  8559. 18413.   .46  4.61  711.  2.59  -22.  354.   98.    247.  72.  35. 120.  5.34 106.7   6.5 -47.2   6.4 200.0 261.7   7.9    .0  70.4  38.9  32.4
1917     341   354   100   139  1134.  2014.  7260.  8460. 17734.   .48  4.67  677.  2.62  -25.  317.   94.    262.  55.  32. 150.  4.99 106.2   6.5 -56.0   5.7 200.0 255.4   4.1    .0  69.4  38.9  32.4
1918     341   357   101   147  1225.  2135.  8221.  9677. 20032.   .48  4.88  788.  2.54  -32.  339.   99.    267.  74.  34. 167.  5.48 108.4   6.5 -31.6   6.1 200.0 279.1   7.4    .0  71.8  38.9  32.4
1919     341   355    93   132  1135.  1980.  7356.  8051. 17387.   .46  4.52  687.  2.53  -19.  329.  102.    287.  57.  33. 170.  4.46 107.9   6.5 -57.2   5.9 200.0 254.7   5.4    .0  68.3  38.9  32.4
1920     341   353   104   140  1317.  2348.  8241.  8475. 19064.   .44  5.38  763.  2.50  -34.  321.   81.    273.  30.  32. 130.  5.37 104.4   6.5 -22.0   5.8 200.0 287.5   3.0    .0  66.3  38.8  32.3
1921     341   351   105   141  1245.  2227.  8366.  8057. 18649.   .43  5.19  720.  2.59  -38.  204.   86.    266.   4.  20. 210.  5.30 100.3   6.4 -32.5   3.7 200.0 274.3    .3    .0  68.0  38.6  32.2
1922     341   353   103   138  1304.  2333.  8558.  8634. 19525.   .44  5.46  773.  2.53  -36.  469.   82.    276. 198.  47. 170.  5.46 105.8   6.5  -7.1   8.4 200.0 285.3  24.2    .0  68.4  38.8  32.4
1923     341   353    99   134  1186.  2082.  8101.  7899. 18081.   .44  4.82  705.  2.56  -28.  449.   91.    269. 146.  45. 130.  5.01 105.4   6.5 -31.8   8.1 200.0 266.6  18.2    .0  67.8  38.8  32.4
1924     341   351    98   144  1141.  2013.  7947.  9026. 18985.   .48  4.64  729.  2.60  -13.  515.   95.    255. 161.  52.  60.  5.43 107.6   6.5 -32.7   9.3 200.0 267.5  20.7    .0  71.0  38.9  32.4
1925     341   354   101   147  1025.  1818.  7634.  9572. 19024.   .50  4.29  742.  2.56  -21.  340.  115.    247.  84.  34. 160.  5.26 108.5   6.5 -49.5   6.1 200.0 259.9   9.7    .0  73.2  38.9  32.4
1926     341   354   104   140  1336.  2372.  9079.  8595. 20047.   .43  5.50  791.  2.54  -31.  404.   84.    279. 139.  40. 170.  5.52 105.1   6.5  -2.5   7.3 200.0 296.5  16.1    .0  67.6  38.8  32.3
1927     341   354   100   150  1139.  2014.  8018.  9742. 19775.   .49  4.65  767.  2.58  -21.  360.  108.    252.  71.  36. 127.  5.49 108.9   6.5 -24.9   6.5 200.0 285.7   9.1    .0  69.2  38.9  32.5
1928     341   353   100   137  1176.  2067.  8473.  7962. 18503.   .43  4.73  742.  2.50  -26.  300.   98.    263.  70.  30. 187.  5.12 105.2   6.5 -39.1   5.4 200.0 267.5   7.5    .0  69.2  38.8  32.3
1929     341   353   103   138  1258.  2209.  7883.  8185. 18277.   .45  5.01  732.  2.50  -26.  187.   85.    271.   0.  19. 214.  5.13 105.1   6.5 -33.6   3.4 200.0 277.7    .0    .0  65.8  38.8  32.3
1930     341   357    97   142  1214.  2183.  7928.  9966. 20077.   .50  5.05  781.  2.57  -27.  233.   99.    280.   0.  23. 197.  5.30 107.9   6.5 -43.3   4.2 200.0 272.3    .0    .0  73.7  38.9  32.4
1931     341   356   101   145  1072.  1933.  7876.  9036. 18845.   .48  4.55  727.  2.59  -27.  436.  103.    253. 116.  44. 107.  5.29 104.7   6.5 -37.7   7.8 200.0 265.9  13.2    .0  70.9  38.8  32.3

 MEANS over  30 years  :
        341.  354.  101.  143.  1182.  2095.  8006.  8992. 19093.   .47  4.85  748.  2.55  -26.  358.   97.    264.  83.  36. 147.  5.31 106.5   6.5 -33.6   6.4 200.0 272.3  10.5    .0  70.1  38.9  32.4
 STANDARD DEVIATIONS  :
          0.    2.    3.    4.    77.   140.   413.   674.   830.   .02   .32   39.   .05    7.   92.    8.     12.  67.   9.  39.   .27   2.2    .0  15.3   1.7    .0  11.1  10.5    .0   2.3    .1    .1
 VARIATION COEFFICIENTS (%)  : 
          .0    .6   2.8   3.0    6.5    6.7    5.2    7.5    4.3   4.9   6.6   5.2   1.9  28.8  25.6   8.7     4.4 80.9 25.6 26.7   5.0   2.0    .2  45.3  25.6    .0   4.1  99.7    .0   3.2    .2    .2



*** RESULTS OF CROP GROWTH MODEL NWHEAT *** SUMMARY OF OUTPUT FOR WINTER WHEAT AND YIELD STATISTICS ***

Name of run: SBsW1, Station= BS   , Soil=   1, Crop=   1, Organic M.=   1, Nsoil=   1, IRR=   0, Runof=  .10
 Sevil., base line (Micha), waterlim. prod., CO2 353 ppm                         


YEAR     SOW EMERG  ANTH  HALT   WRT   WLV    WST   WGR    TAGB     HI  LAIM PARAB  RUE   DWAV RAIN  ESOIL   TRANS DRAIN RUNOF IRR  WUE MINOM MINFM DNTOT NRAIN NGIFT NUPT  NLEACH NIMMO  NUE  DNFM  NBIOM
1902     341   356   101   147  1224.  2178.  8446.  6589. 17212.   .38  5.08  785.  2.19   94.  363.   90.    211. 119.  36.   0.  5.72  98.6   6.4  -7.6   6.5 200.0 285.4  16.0    .0  60.3  38.5  32.1
1903     341   353   102   142  1123.  2010.  7389.  8713. 18112.   .48  4.65  696.  2.60   75.  318.   78.    265.  18.  32.   0.  5.27  98.6   6.4 -45.9   5.7 200.0 260.6   1.3    .0  69.5  38.5  32.1
1904     341   361   100   144  1157.  2049.  8132.  7859. 18040.   .44  4.77  746.  2.42   74.  401.  102.    243.  91.  40.   0.  5.23  97.4   6.4 -22.9   7.2 200.0 275.8   9.7    .0  65.4  38.5  32.0
1905     341   352   106   146  1097.  1952.  8458.  5703. 16112.   .35  4.56  776.  2.08   85.  368.   88.    188. 140.  37.   0.  5.83  91.2   6.3 -21.8   6.6 200.0 261.6  18.3    .0  61.6  38.1  31.7
1906     341   353   106   152  1203.  2139.  7825. 10382. 20345.   .51  5.04  791.  2.57  -14.  608.   89.    248. 196.  61.   0.  6.04 104.8   6.5 -11.5  10.9 200.0 276.1  32.0    .0  73.7  38.8  32.3
1907     341   352    98   145  1145.  2040.  7756.  7756. 17552.   .44  4.72  762.  2.30   87.  302.   93.    227.  39.  30.   0.  5.48 103.6   6.5 -38.8   5.4 200.0 270.8   3.5    .0  64.8  38.7  32.3
1908     341   351   103   146  1307.  2313.  8496.  9323. 20133.   .46  5.35  838.  2.40   83.  363.   81.    259.  69.  36.   0.  5.92 101.5   6.4 -22.9   6.5 200.0 281.4   6.8    .0  71.5  38.7  32.2
1909     341   353   102   141  1245.  2219.  7941.  5510. 15670.   .35  5.18  725.  2.16   90.  527.   84.    213. 267.  53.   0.  5.26  94.7   6.4   6.6   9.5 200.0 270.0  44.0    .0  58.0  38.3  31.9
1910     341   352    98   140  1161.  2057.  8009.  9020. 19085.   .47  4.74  773.  2.47   83.  309.   91.    259.  11.  31.   0.  5.46  97.1   6.4 -34.0   5.6 200.0 271.3   1.0    .0  70.4  38.4  32.0
1911     341   354   104   144  1250.  2223.  8261.  7945. 18428.   .43  5.14  760.  2.43   85.  285.   86.    245.  10.  28.   0.  5.55  96.0   6.4 -27.5   5.1 200.0 276.3    .7    .0  66.7  38.4  32.0
1912     341   355   103   147  1053.  1846.  7648.  6657. 16150.   .41  4.28  678.  2.38   68.  423.  111.    206. 131.  42.   0.  5.09  94.0   6.4 -31.8   7.6 200.0 253.2  20.8    .0  63.8  38.3  31.9
1913     341   352   103   142  1185.  2085.  7894.  6182. 16161.   .38  4.78  703.  2.30   88.  250.   95.    218.   0.  25.   0.  5.16  94.1   6.4 -28.4   4.5 200.0 273.9    .0    .0  59.0  38.3  31.9
1914     341   354   100   144  1103.  1949.  7179.  9588. 18716.   .51  4.49  713.  2.62   74.  335.   95.    256.  25.  34.   0.  5.33  99.2   6.4 -52.9   6.0 200.0 254.4   1.8    .0  73.6  38.5  32.1
1915     341   351    99   142  1135.  1988.  7743.  9036. 18766.   .48  4.60  764.  2.46   65.  329.  101.    260.   0.  33.   0.  5.21 102.8   6.5 -40.5   5.9 200.0 271.7    .0    .0  69.1  38.7  32.3
1916     341   354   104   141  1111.  1988.  7865.  8172. 18026.   .45  4.61  711.  2.54   86.  354.   95.    238.  72.  35.   0.  5.43 100.2   6.4 -41.5   6.4 200.0 261.0   7.9    .0  69.1  38.6  32.2
1917     341   354   100   139  1134.  2014.  7261.  6867. 16142.   .43  4.67  673.  2.40   88.  317.   87.    232.  55.  32.   0.  5.06  95.8   6.4 -51.9   5.7 200.0 249.1   4.1    .0  64.8  38.4  32.0
1918     341   357   101   147  1222.  2130.  8192.  7593. 17914.   .42  4.87  782.  2.29   83.  339.   93.    228.  68.  34.   0.  5.59  98.2   6.4 -21.5   6.1 200.0 279.8   6.6    .0  64.0  38.5  32.1
1919     341   355    93   132  1135.  1980.  7355.  6145. 15480.   .40  4.52  680.  2.28   88.  329.   84.    243.  57.  33.   0.  4.73 100.4   6.4 -55.4   5.9 200.0 249.1   5.4    .0  62.1  38.6  32.2
1920     341   353   104   140  1317.  2348.  8241.  7792. 18381.   .42  5.38  763.  2.41   77.  321.   80.    256.  30.  32.   0.  5.46  98.7   6.4 -15.4   5.8 200.0 288.4   3.0    .0  63.7  38.5  32.1
1921     341   351   105   141  1245.  2227.  8328.  5559. 16114.   .34  5.19  714.  2.26   91.  204.   79.    191.   4.  20.   0.  5.95  85.6   6.3 -23.3   3.7 200.0 268.7    .3    .0  60.0  37.7  31.4
1922     341   353   103   138  1304.  2333.  8557.  6918. 17808.   .39  5.46  770.  2.31   88.  469.   79.    233. 198.  47.   0.  5.72  97.2   6.4  -3.2   8.4 200.0 280.6  24.2    .0  63.5  38.4  32.0
1923     341   353    99   134  1186.  2082.  8099.  7400. 17581.   .42  4.82  705.  2.50   84.  449.   85.    258. 146.  45.   0.  5.13  99.7   6.4 -26.1   8.1 200.0 266.5  18.2    .0  66.0  38.6  32.1
1924     341   351    98   144  1141.  2013.  7945.  9022. 18979.   .48  4.64  729.  2.60   44.  515.   92.    255. 161.  52.   0.  5.47 105.9   6.5 -27.7   9.3 200.0 270.5  20.7    .0  70.2  38.8  32.4
1925     341   354   101   147  1025.  1818.  7622.  7322. 16762.   .44  4.29  730.  2.30   91.  340.  108.    205.  84.  34.   0.  5.35  97.2   6.4 -45.1   6.1 200.0 253.1   9.7    .0  66.2  38.4  32.0
1926     341   354   104   140  1336.  2372.  9079.  6670. 18122.   .37  5.50  788.  2.30   86.  404.   77.    234. 139.  40.   0.  5.84  95.1   6.4   3.4   7.3 200.0 292.4  16.1    .0  62.0  38.3  31.9
1927     341   354   100   150  1096.  1945.  7927.  9572. 19445.   .49  4.51  756.  2.57   72.  360.   98.    243.  55.  36.   0.  5.70 102.2   6.4 -22.3   6.5 200.0 283.8   7.0    .0  68.5  38.7  32.2
1928     341   353   100   137  1139.  2009.  8407.  6400. 16817.   .38  4.62  730.  2.30   87.  300.   85.    216.  56.  30.   0.  5.58  95.5   6.4 -38.7   5.4 200.0 260.2   5.7    .0  64.6  38.3  31.9
1929     341   353   103   138  1258.  2209.  7845.  2957. 13011.   .23  5.01  712.  1.83   91.  187.   82.    178.   0.  19.   0.  5.01  92.7   6.4 -28.7   3.4 200.0 270.1    .0    .0  48.2  38.2  31.8
1930     341   357    97   142  1208.  2174.  7827.  5624. 15625.   .36  5.03  771.  2.03   89.  233.   88.    210.   0.  23.   0.  5.23  93.8   6.4 -36.0   4.2 200.0 265.5    .0    .0  58.8  38.2  31.9
1931     341   356   101   145  1072.  1933.  7876.  9035. 18844.   .48  4.55  727.  2.59   46.  436.   90.    253.  95.  44.   0.  5.49  99.7   6.4 -33.3   7.8 200.0 267.5  10.8    .0  70.4  38.5  32.1

 MEANS over  30 years  :
        341.  354.  101.  143.  1177.  2087.  7987.  7444. 17518.   .42  4.84  742.  2.36   78.  358.   90.    232.  78.  36.   0.  5.44  97.7   6.4 -28.2   6.4 200.0 269.6   9.9    .0  65.0  38.4  32.0
 STANDARD DEVIATIONS  :
          0.    2.    3.    4.    80.   144.   414.  1579.  1561.   .06   .33   39.   .18   21.   92.    8.     24.  68.   9.   0.   .30   4.2    .0  15.4   1.7    .0  11.2  10.5    .0   5.3    .2    .2
 VARIATION COEFFICIENTS (%)  : 
          .0    .6   2.8   3.0    6.8    6.9    5.2   21.2    8.9  14.2   6.8   5.2   7.7  26.7  25.6   9.4    10.1 87.7 25.6   .0   5.6   4.3    .6  54.5  25.6    .0   4.2 106.2    .0   8.1    .6    .6



*** RESULTS OF CROP GROWTH MODEL NWHEAT *** SUMMARY OF OUTPUT FOR WINTER WHEAT AND YIELD STATISTICS ***

Name of run: SCCP1, Station= CC   , Soil=   1, Crop=   1, Organic M.=   1, Nsoil=   1, IRR=   1, Runof=  .10
 Sevil., UKTR scen.(Micha) dec.66-75,no Var.change, pot. prod., CO2 353 ppm      


YEAR     SOW EMERG  ANTH  HALT   WRT   WLV    WST   WGR    TAGB     HI  LAIM PARAB  RUE   DWAV RAIN  ESOIL   TRANS DRAIN RUNOF IRR  WUE MINOM MINFM DNTOT NRAIN NGIFT NUPT  NLEACH NIMMO  NUE  DNFM  NBIOM
1902     341   354    85   129   971.  1731.  6788.  8410. 16929.   .50  4.12  650.  2.60  -18.  404.  105.    226. 145.  40. 130.  5.11 115.0   6.5 -68.2   7.3 200.0 233.8  24.8    .0  72.4  39.2  32.6
1903     341   351    89   127  1014.  1787.  6530.  7681. 15998.   .48  4.13  608.  2.63  -28.  353.   89.    233.  28.  35.  60.  4.96 106.8   6.5 -78.0   6.4 200.0 237.0   2.4    .0  67.5  38.9  32.4
1904     341   356    86   127   882.  1530.  6509.  7278. 15317.   .48  3.52  587.  2.61  -32.  387.  111.    211.  92.  39.  98.  4.76 109.8   6.5 -90.1   7.0 200.0 221.5   9.9    .0  69.1  39.0  32.5
1905     341   350    90   133   953.  1665.  7263.  8368. 17295.   .48  3.88  676.  2.56  -25.  378.  106.    198. 151.  38. 140.  5.69 110.8   6.5 -65.3   6.8 200.0 236.6  20.4    .0  73.1  39.0  32.5
1906     341   351    91   133  1010.  1768.  7032.  7993. 16794.   .48  4.10  636.  2.64  -42.  554.   91.    197. 188.  55.  20.  5.83 109.4   6.5 -58.3  10.0 200.0 236.2  29.2    .0  71.1  39.0  32.5
1907     341   350    83   126   948.  1650.  6373.  7745. 15768.   .49  3.83  598.  2.63  -27.  297.  104.    219.  18.  30. 100.  4.88 113.1   6.5 -95.7   5.4 200.0 226.0   1.5    .0  69.8  39.1  32.6
1908     341   350    87   132  1108.  1969.  7317.  8858. 18144.   .49  4.58  691.  2.62  -14.  357.   91.    219.  47.  36.  50.  5.86 113.1   6.5 -62.5   6.4 200.0 256.9   4.2    .0  70.6  39.1  32.6
1909     341   350    87   126   986.  1728.  6539.  7623. 15890.   .48  4.02  593.  2.68  -22.  504.   93.    218. 241.  50. 120.  5.12 111.3   6.5 -53.6   9.1 200.0 231.7  39.4    .0  68.6  39.0  32.5
1910     341   351    82   125   955.  1683.  6517.  8146. 16346.   .50  3.93  641.  2.55  -16.  326.  104.    229.  30.  33.  86.  4.90 109.5   6.5 -88.3   5.9 200.0 227.7   3.9    .0  71.8  39.0  32.5
1911     341   352    90   128  1049.  1837.  6913.  7645. 16395.   .47  4.11  625.  2.62   -8.  297.   92.    218.  29.  30.  80.  5.28 106.8   6.5 -73.9   5.3 200.0 239.7   2.6    .0  68.4  38.9  32.4
1912     341   352    87   130   874.  1532.  5943.  7394. 14869.   .50  3.48  561.  2.65  -18.  434.  110.    201. 182.  43. 119.  4.80 110.9   6.5 -81.7   7.8 200.0 206.3  35.6    .0  72.1  39.0  32.5
1913     341   350    87   125  1083.  1900.  6962.  7395. 16257.   .45  4.42  609.  2.67  -17.  286.   84.    229.  45.  29. 116.  5.20 108.4   6.5 -67.7   5.2 200.0 243.1   6.6    .0  66.9  38.9  32.4
1914     341   352    87   128   977.  1711.  6488.  7157. 15357.   .47  3.96  599.  2.56  -19.  361.   93.    220.  49.  36.  57.  4.90 107.5   6.5 -76.7   6.5 200.0 236.1   5.7    .0  65.0  38.9  32.4
1915     341   350    82   126   975.  1727.  6561.  8194. 16482.   .50  4.00  632.  2.61  -19.  302.   99.    228.   3.  30.  77.  5.04 111.4   6.5 -93.7   5.4 200.0 227.5    .2    .0  72.5  39.0  32.5
1916     341   351    87   128   934.  1590.  6891.  6951. 15431.   .45  3.68  595.  2.59  -23.  399.  106.    204.  96.  40.  70.  4.98 112.1   6.5 -85.0   7.2 200.0 225.5  13.5    .0  68.4  39.1  32.6
1917     341   352    87   123   940.  1638.  6073.  6845. 14556.   .47  3.73  542.  2.68  -19.  332.   98.    214.  59.  33.  90.  4.67 108.6   6.5 -99.9   6.0 200.0 213.6   5.4    .0  68.2  38.9  32.5
1918     341   354    86   131   960.  1666.  6370.  8076. 16113.   .50  3.76  631.  2.55  -37.  316.  106.    218.  60.  32. 137.  4.97 112.8   6.5 -97.9   5.7 200.0 219.6   5.7    .0  73.4  39.1  32.6
1919     341   353    79   118   922.  1603.  5793.  6747. 14142.   .48  3.69  551.  2.57  -19.  337.  100.    245.  38.  34. 100.  4.09 110.0   6.5-106.1   6.1 200.0 211.2   3.4    .0  67.0  39.0  32.5
1920     341   351    91   126  1184.  2094.  7995.  7296. 17385.   .42  4.76  664.  2.62  -32.  343.   81.    224.  72.  34. 100.  5.70 107.2   6.5 -32.5   6.2 200.0 273.2  10.7    .0  63.6  38.9  32.4
1921     341   349    90   131  1070.  1876.  7082.  8342. 17300.   .48  4.35  648.  2.67  -24.  201.   88.    219.   0.  20. 150.  5.64 107.2   6.5 -68.1   3.6 200.0 246.8    .0    .0  70.1  38.9  32.4
1922     341   351    89   127  1086.  1940.  7622.  7948. 17510.   .45  4.57  670.  2.61  -27.  472.   89.    223. 186.  47. 100.  5.61 111.8   6.5 -47.4   8.5 200.0 255.3  21.6    .0  68.6  39.1  32.5
1923     341   352    85   121   955.  1702.  6586.  7078. 15366.   .46  4.01  588.  2.61  -30.  449.   97.    226. 121.  45.  70.  4.75 110.1   6.5 -91.5   8.1 200.0 216.7  14.4    .0  70.9  39.0  32.5
1924     341   350    83   125   957.  1667.  6362.  7574. 15603.   .49  3.88  581.  2.69  -35.  484.  100.    221. 130.  48.  50.  4.87 112.7   6.5 -86.0   8.7 200.0 224.4  15.6    .0  69.5  39.1  32.6
1925     341   352    85   129   810.  1421.  5893.  7444. 14757.   .50  3.29  576.  2.56  -16.  347.  121.    204.  92.  35. 120.  4.54 113.2   6.5-103.4   6.2 200.0 208.3  13.0    .0  70.8  39.1  32.6
1926     341   352    90   128  1074.  1903.  7650.  8057. 17611.   .46  4.40  684.  2.57  -19.  406.   91.    222. 122.  41.  90.  5.62 110.1   6.5 -54.1   7.3 200.0 254.3  13.0    .0  69.3  39.0  32.5
1927     341   352    85   131   960.  1658.  6320.  7979. 15957.   .50  3.78  597.  2.67  -31.  407.   97.    208.  99.  41.  69.  5.22 111.4   6.5 -85.1   7.3 200.0 222.4  16.0    .0  71.7  39.0  32.5
1928     341   351    82   127   998.  1746.  6418.  8678. 16842.   .52  4.06  648.  2.60  -22.  291.  100.    225.  54.  29. 138.  5.18 111.5   6.5 -82.3   5.2 200.0 233.6   5.3    .0  72.1  39.0  32.5
1929     341   351    89   124  1164.  2058.  7458.  7522. 17037.   .44  4.74  645.  2.64  -29.  185.   79.    234.   0.  19. 176.  5.44 109.4   6.5 -56.9   3.3 200.0 259.0    .0    .0  65.8  39.0  32.5
1930     341   354    84   128   968.  1676.  6565.  7762. 16002.   .49  3.83  642.  2.49  -12.  245.  108.    227.   0.  25. 127.  4.77 111.7   6.5 -90.0   4.4 200.0 230.7    .0    .0  69.4  39.0  32.5
1931     341   351    86   130   819.  1404.  6283.  7195. 14883.   .48  3.28  569.  2.61  -33.  427.  101.    196. 113.  43.  59.  5.01 107.1   6.5 -99.8   7.7 200.0 205.1  15.0    .0  72.5  38.9  32.4

 MEANS over  30 years  :
        341.  352.   86.  127.   986.  1729.  6703.  7713. 16145.   .48  4.00  618.  2.61  -24.  363.   98.    219.  83.  36.  97.  5.11 110.4   6.5 -78.0   6.5 200.0 232.0  11.3    .0  69.7  39.0  32.5
 STANDARD DEVIATIONS  :
          0.    2.    3.    3.    86.   163.   532.   529.   991.   .02   .38   39.   .05    8.   83.    9.     12.  63.   8.  35.   .41   2.2    .0  18.1   1.5    .0  16.4  10.4    .0   2.4    .1    .1
 VARIATION COEFFICIENTS (%)  : 
          .0    .4   3.5   2.6    8.8    9.4    7.9    6.9    6.1   4.3   9.5   6.4   1.8  33.1  23.0   9.5     5.4 76.2 23.0 35.9   8.0   2.0    .2  23.2  23.0    .0   7.1  91.9    .0   3.5    .2    .2



*** RESULTS OF CROP GROWTH MODEL NWHEAT *** SUMMARY OF OUTPUT FOR WINTER WHEAT AND YIELD STATISTICS ***

Name of run: SCCW1, Station= CC   , Soil=   1, Crop=   1, Organic M.=   1, Nsoil=   1, IRR=   0, Runof=  .10
 Sevil., UKTR scen.(Micha) dec.66-75,no Var.change,wat-lim. prod.,CO2 353ppm     


YEAR     SOW EMERG  ANTH  HALT   WRT   WLV    WST   WGR    TAGB     HI  LAIM PARAB  RUE   DWAV RAIN  ESOIL   TRANS DRAIN RUNOF IRR  WUE MINOM MINFM DNTOT NRAIN NGIFT NUPT  NLEACH NIMMO  NUE  DNFM  NBIOM
1902     341   354    85   129   971.  1731.  6788.  7996. 16515.   .48  4.12  650.  2.54   81.  404.   85.    216. 145.  40.   0.  5.50 107.2   6.5 -60.7   7.3 200.0 233.5  24.8    .0  70.7  38.9  32.4
1903     341   351    89   127  1012.  1784.  6527.  7676. 15988.   .48  4.12  608.  2.63   16.  353.   83.    233.  18.  35.   0.  5.05 105.3   6.5 -76.9   6.4 200.0 237.6   1.5    .0  67.3  38.8  32.3
1904     341   356    86   127   870.  1510.  6473.  7213. 15196.   .47  3.48  584.  2.60   48.  387.  104.    209.  84.  39.   0.  4.86 101.5   6.4 -81.5   7.0 200.0 223.0   8.8    .0  68.1  38.7  32.2
1905     341   350    90   133   953.  1665.  7263.  7575. 16503.   .46  3.88  675.  2.45   71.  378.   75.    184. 151.  38.   0.  6.36  99.8   6.4 -56.9   6.8 200.0 233.9  20.4    .0  70.5  38.6  32.1
1906     341   351    91   133   985.  1727.  6977.  7916. 16620.   .48  4.02  630.  2.64  -42.  554.   93.    194. 169.  55.   0.  5.79 107.9   6.5 -62.6  10.0 200.0 233.4  26.4    .0  71.2  38.9  32.4
1907     341   350    83   126   948.  1650.  6371.  7734. 15755.   .49  3.83  598.  2.63   66.  297.   97.    219.  18.  30.   0.  4.98 110.4   6.5 -86.9   5.4 200.0 231.8   1.5    .0  68.0  39.0  32.5
1908     341   350    87   132  1108.  1969.  7317.  8857. 18142.   .49  4.58  691.  2.62   33.  357.   88.    219.  47.  36.   0.  5.92 109.2   6.5 -57.7   6.4 200.0 257.7   4.2    .0  70.4  39.0  32.5
1909     341   350    87   126   986.  1728.  6540.  6893. 15160.   .45  4.02  593.  2.56   75.  504.   83.    204. 241.  50.   0.  5.28 102.6   6.5 -47.5   9.1 200.0 229.0  39.4    .0  66.2  38.7  32.3
1910     341   351    82   125   938.  1656.  6478.  8083. 16217.   .50  3.87  636.  2.55   36.  326.   96.    227.   6.  33.   0.  5.01 103.0   6.5 -86.0   5.9 200.0 226.8    .6    .0  71.5  38.7  32.3
1911     341   352    90   128  1048.  1835.  6911.  7642. 16387.   .47  4.11  625.  2.62   49.  297.   89.    218.   9.  30.   0.  5.34 101.4   6.4 -69.5   5.3 200.0 240.4    .8    .0  68.2  38.6  32.2
1912     341   352    87   130   851.  1495.  5883.  7242. 14621.   .50  3.40  554.  2.64   77.  434.  108.    196. 163.  43.   0.  4.80  99.8   6.4 -76.1   7.8 200.0 203.5  33.0    .0  71.8  38.6  32.1
1913     341   350    87   125  1077.  1892.  6952.  7210. 16054.   .45  4.40  608.  2.64   78.  286.   83.    224.  29.  29.   0.  5.23 100.0   6.4 -59.1   5.2 200.0 246.1   3.7    .0  65.2  38.6  32.2
1914     341   352    87   128   977.  1711.  6488.  7157. 15357.   .47  3.96  599.  2.56   15.  361.   88.    220.  33.  36.   0.  4.99 105.5   6.5 -75.8   6.5 200.0 236.6   4.1    .0  64.9  38.8  32.3
1915     341   350    82   126   949.  1685.  6507.  8116. 16308.   .50  3.92  626.  2.60   43.  302.   90.    225.   0.  30.   0.  5.18 106.1   6.5 -89.6   5.4 200.0 226.5    .0    .0  72.0  38.8  32.4
1916     341   351    87   128   934.  1590.  6890.  6950. 15430.   .45  3.68  595.  2.59   35.  399.   94.    204.  96.  40.   0.  5.18 109.4   6.5 -81.1   7.2 200.0 226.6  13.5    .0  68.1  39.0  32.5
1917     341   352    87   123   940.  1638.  6072.  6844. 14554.   .47  3.73  542.  2.68   60.  332.   87.    214.  59.  33.   0.  4.84 103.1   6.5 -92.3   6.0 200.0 215.5   5.4    .0  67.5  38.7  32.3
1918     341   354    86   131   957.  1661.  6362.  7447. 15471.   .48  3.75  630.  2.46   68.  316.   91.    207.  53.  32.   0.  5.18 104.0   6.5 -87.4   5.7 200.0 221.9   4.9    .0  69.7  38.8  32.3
1919     341   353    79   118   922.  1603.  5791.  6628. 14022.   .47  3.69  551.  2.54   72.  337.   96.    240.  38.  34.   0.  4.17 107.8   6.5-100.2   6.1 200.0 214.9   3.4    .0  65.3  38.9  32.4
1920     341   351    91   126  1184.  2094.  7995.  7295. 17384.   .42  4.76  664.  2.62   57.  343.   80.    224.  62.  34.   0.  5.71 103.1   6.5 -27.9   6.2 200.0 275.7   8.7    .0  63.1  38.7  32.3
1921     341   349    90   131  1070.  1876.  7064.  5976. 14916.   .40  4.35  643.  2.32   84.  201.   82.    183.   0.  20.   0.  5.63  95.1   6.4 -54.4   3.6 200.0 248.4    .0    .0  60.0  38.3  31.9
1922     341   351    89   127  1086.  1940.  7621.  7947. 17509.   .45  4.57  670.  2.61   61.  472.   76.    223. 186.  47.   0.  5.85 107.1   6.5 -41.2   8.5 200.0 256.7  21.6    .0  68.2  38.9  32.4
1923     341   352    85   121   955.  1702.  6586.  7077. 15364.   .46  4.01  588.  2.61   33.  449.   90.    226. 121.  45.   0.  4.87 108.2   6.5 -87.5   8.1 200.0 218.7  14.4    .0  70.2  38.9  32.4
1924     341   350    83   125   957.  1667.  6361.  7572. 15600.   .49  3.88  581.  2.69   14.  484.   99.    221. 130.  48.   0.  4.87 110.0   6.5 -80.7   8.7 200.0 226.9  15.6    .0  68.7  39.0  32.5
1925     341   352    85   129   810.  1421.  5893.  7266. 14579.   .50  3.29  576.  2.53   82.  347.  107.    196.  92.  35.   0.  4.81 105.2   6.5 -94.5   6.2 200.0 209.2  13.0    .0  69.7  38.8  32.3
1926     341   352    90   128  1074.  1903.  7650.  8057. 17610.   .46  4.40  684.  2.57   61.  406.   82.    222. 122.  41.   0.  5.80 104.0   6.5 -46.7   7.3 200.0 255.4  13.0    .0  68.9  38.8  32.3
1927     341   352    85   131   905.  1570.  6205.  7785. 15560.   .50  3.61  583.  2.67   15.  407.   96.    202.  83.  41.   0.  5.21 105.8   6.5 -87.6   7.3 200.0 216.5  14.0    .0  71.9  38.8  32.4
1928     341   351    82   127   944.  1659.  6300.  8012. 15971.   .50  3.88  634.  2.52   77.  291.   93.    207.  40.  29.   0.  5.32 104.6   6.5 -78.9   5.2 200.0 231.8   3.7    .0  68.9  38.8  32.3
1929     341   351    89   124  1160.  2051.  7438.  4709. 14199.   .33  4.72  638.  2.22   86.  185.   72.    182.   0.  19.   0.  5.61  99.7   6.4 -51.7   3.3 200.0 254.6    .0    .0  55.8  38.6  32.1
1930     341   354    84   128   968.  1675.  6549.  5380. 13605.   .40  3.83  631.  2.16   80.  245.  104.    197.   0.  25.   0.  4.52 100.2   6.4 -74.7   4.4 200.0 233.9    .0    .0  58.2  38.6  32.1
1931     341   351    86   130   806.  1383.  6239.  7131. 14753.   .48  3.23  565.  2.61  -14.  427.  101.    194.  75.  43.   0.  4.99 104.8   6.5-106.2   7.7 200.0 203.5   8.0    .0  72.5  38.8  32.3

 MEANS over  30 years  :
        341.  352.   86.  127.   978.  1716.  6683.  7313. 15712.   .46  3.97  615.  2.56   51.  363.   90.    211.  76.  36.   0.  5.23 104.4   6.5 -72.7   6.5 200.0 232.3  10.3    .0  67.8  38.8  32.3
 STANDARD DEVIATIONS  :
          0.    2.    3.    3.    90.   168.   541.   819.  1079.   .04   .39   39.   .12   31.   83.    9.     15.  64.   8.   0.   .45   3.6    .0  18.6   1.5    .0  16.6  10.3    .0   4.0    .2    .1
 VARIATION COEFFICIENTS (%)  : 
          .0    .4   3.5   2.6    9.2    9.8    8.1   11.2    6.9   7.8   9.8   6.4   4.8  60.9  23.0  10.2     7.1 84.3 23.0   .0   8.7   3.5    .4  25.6  23.0    .0   7.1 100.3    .0   5.9    .4    .4



*** RESULTS OF CROP GROWTH MODEL NWHEAT *** SUMMARY OF OUTPUT FOR WINTER WHEAT AND YIELD STATISTICS ***

Name of run: SCCP3, Station= CC   , Soil=   1, Crop=   3, Organic M.=   1, Nsoil=   1, IRR=   1, Runof=  .10
 Sevil., UKTR scen.(Micha) dec.66-75,no Var.change, pot. prod., CO2 617 ppm      


YEAR     SOW EMERG  ANTH  HALT   WRT   WLV    WST   WGR    TAGB     HI  LAIM PARAB  RUE   DWAV RAIN  ESOIL   TRANS DRAIN RUNOF IRR  WUE MINOM MINFM DNTOT NRAIN NGIFT NUPT  NLEACH NIMMO  NUE  DNFM  NBIOM
1902     341   354    85   129  1184.  2123.  8496. 11089. 21707.   .51  4.66  673.  3.23  -20.  404.   95.    221. 148.  40. 120.  6.88 115.3   6.5 -25.3   7.3 200.0 277.6  23.5    .0  78.2  39.2  32.6
1903     341   351    89   127  1190.  2111.  8129.  9984. 20224.   .49  4.53  619.  3.27  -19.  353.   83.    224.  32.  35.  40.  6.60 106.9   6.5 -36.6   6.4 200.0 277.6   2.6    .0  72.8  38.9  32.4
1904     341   356    86   127  1074.  1879.  8165.  9806. 19849.   .49  4.00  610.  3.26  -35.  387.  101.    206.  94.  39.  88.  6.48 109.9   6.5 -43.5   7.0 200.0 267.2  10.3    .0  74.3  39.0  32.5
1905     341   350    90   133  1111.  1951.  8793. 11022. 21766.   .51  4.21  692.  3.15  -28.  378.   99.    189. 154.  38. 130.  7.55 111.0   6.5 -28.8   6.8 200.0 272.9  20.1    .0  79.8  39.0  32.5
1906     341   351    91   133  1181.  2080.  8428. 10488. 20996.   .50  4.48  650.  3.23  -43.  554.   86.    189. 200.  55.  20.  7.64 109.6   6.5 -21.5  10.0 200.0 274.3  27.4    .0  76.5  39.0  32.5
1907     341   350    83   126  1124.  1968.  7798. 10278. 20044.   .51  4.21  613.  3.27  -22.  297.   97.    211.  19.  30.  80.  6.52 113.6   6.5 -59.6   5.4 200.0 261.8   1.5    .0  76.6  39.1  32.6
1908     341   350    87   132  1304.  2326.  8766. 11415. 22508.   .51  5.00  705.  3.19  -15.  357.   85.    210.  51.  36.  40.  7.63 113.5   6.5 -22.6   6.4 200.0 296.2   4.5    .0  76.0  39.1  32.6
1909     341   350    87   126  1164.  2052.  8082. 10061. 20195.   .50  4.42  607.  3.33  -15.  504.   86.    210. 243.  50. 100.  6.84 111.6   6.5 -11.6   9.1 200.0 273.0  39.7    .0  74.0  39.0  32.5
1910     341   351    82   125  1138.  2018.  8139. 10594. 20751.   .51  4.33  656.  3.16  -17.  326.   96.    221.  35.  33.  76.  6.55 109.5   6.5 -45.1   5.9 200.0 269.8   4.3    .0  76.9  39.0  32.5
1911     341   352    90   128  1226.  2163.  8458. 10098. 20719.   .49  4.51  636.  3.26   -7.  297.   86.    209.  35.  30.  69.  7.02 107.0   6.5 -32.4   5.3 200.0 280.9   2.3    .0  73.8  38.9  32.4
1912     341   352    87   130  1040.  1835.  7536.  9792. 19164.   .51  3.86  577.  3.32  -20.  434.  101.    193. 185.  43. 109.  6.51 110.6   6.5 -40.2   7.8 200.0 247.9  34.7    .0  77.3  39.0  32.5
1913     341   350    87   125  1260.  2219.  8466.  9611. 20296.   .47  4.76  616.  3.30  -19.  286.   79.    218.  47.  29. 106.  6.82 108.6   6.5 -29.8   5.2 200.0 280.4   6.7    .0  72.4  38.9  32.5
1914     341   352    87   128  1154.  2042.  7949.  9546. 19537.   .49  4.37  615.  3.18  -24.  361.   88.    212.  58.  36.  57.  6.52 107.8   6.5 -35.2   6.5 200.0 277.7   5.4    .0  70.4  38.9  32.4
1915     341   350    82   126  1162.  2066.  8119. 10590. 20775.   .51  4.41  647.  3.21  -28.  302.   92.    220.   0.  30.  67.  6.67 111.2   6.5 -52.7   5.4 200.0 267.7    .0    .0  77.6  39.0  32.5
1916     341   351    87   128  1091.  1870.  8299.  9154. 19324.   .47  4.00  608.  3.18  -15.  399.   99.    194. 100.  40.  50.  6.58 112.1   6.5 -49.5   7.2 200.0 260.3  13.5    .0  74.2  39.1  32.6
1917     341   352    87   123  1110.  1946.  7620.  9142. 18709.   .49  4.11  557.  3.36  -18.  332.   91.    206.  65.  33.  80.  6.31 108.8   6.5 -62.5   6.0 200.0 250.7   5.1    .0  74.6  39.0  32.5
1918     341   354    86   131  1150.  2015.  7891. 10772. 20678.   .52  4.21  651.  3.17  -40.  316.   98.    211.  62.  32. 127.  6.69 113.1   6.5 -55.5   5.7 200.0 261.5   5.9    .0  79.1  39.1  32.6
1919     341   353    79   118  1118.  1958.  7317.  9147. 18422.   .50  4.17  570.  3.23  -23.  337.   92.    239.  38.  34.  90.  5.55 110.6   6.5 -62.8   6.1 200.0 254.3   3.4    .0  72.4  39.0  32.5
1920     341   351    91   126  1370.  2437.  9550.  9638. 21626.   .45  5.12  671.  3.22  -32.  343.   76.    214.  76.  34.  90.  7.44 106.9   6.5   6.9   6.2 200.0 311.7  10.6    .0  69.4  38.9  32.4
1921     341   349    90   131  1245.  2201.  8633. 10713. 21548.   .50  4.73  658.  3.28  -19.  201.   82.    209.   0.  20. 130.  7.38 107.4   6.5 -29.9   3.6 200.0 284.6    .0    .0  75.7  38.9  32.4
1922     341   351    89   127  1276.  2290.  9242. 10500. 22032.   .48  4.98  682.  3.23  -26.  472.   83.    214. 192.  47.  90.  7.42 112.0   6.5  -8.2   8.5 200.0 295.9  19.7    .0  74.5  39.1  32.6
1923     341   352    85   121  1140.  2046.  8164.  9379. 19588.   .48  4.44  603.  3.25  -29.  449.   90.    218. 127.  45.  60.  6.36 110.1   6.5 -53.1   8.1 200.0 254.1  14.6    .0  77.1  39.0  32.5
1924     341   350    83   125  1151.  2023.  7938. 10018. 19979.   .50  4.35  598.  3.34  -39.  484.   91.    215. 131.  48.  40.  6.54 112.8   6.5 -41.6   8.7 200.0 268.0  15.9    .0  74.6  39.1  32.6
1925     341   352    85   129   955.  1684.  7408.  9768. 18860.   .52  3.61  592.  3.18  -20.  347.  113.    195.  94.  35. 110.  6.11 113.5   6.5 -65.9   6.2 200.0 245.3  13.4    .0  76.9  39.1  32.6
1926     341   352    90   128  1290.  2297.  9478. 10679. 22453.   .48  4.93  702.  3.20  -18.  406.   83.    216. 128.  41.  80.  7.52 110.1   6.5  -5.8   7.3 200.0 301.9  12.7    .0  74.4  39.0  32.5
1927     341   352    85   131  1129.  1964.  7819. 10535. 20319.   .52  4.16  612.  3.32  -31.  407.   92.    200. 103.  41.  59.  6.97 111.7   6.5 -45.3   7.3 200.0 262.0  15.9    .0  77.6  39.0  32.5
1928     341   351    82   127  1192.  2099.  8303. 10923. 21325.   .51  4.49  665.  3.21  -16.  291.   93.    217.  54.  29. 118.  6.88 111.9   6.5 -39.9   5.2 200.0 275.6   5.4    .0  77.4  39.1  32.5
1929     341   351    89   124  1350.  2394.  8924.  9854. 21172.   .47  5.09  653.  3.24  -24.  185.   74.    224.   0.  19. 156.  7.09 109.6   6.5 -19.1   3.3 200.0 296.2    .0    .0  71.5  39.0  32.5
1930     341   354    84   128  1173.  2045.  8207. 10447. 20698.   .50  4.33  664.  3.12  -18.  245.   98.    222.   0.  25. 117.  6.48 112.1   6.5 -40.9   4.4 200.0 279.5    .0    .0  74.1  39.1  32.6
1931     341   351    86   130   979.  1693.  7814.  9676. 19183.   .50  3.67  589.  3.26  -34.  427.   95.    189. 115.  43.  49.  6.75 107.0   6.5 -61.3   7.7 200.0 244.3  13.8    .0  78.5  38.9  32.4

 MEANS over  30 years  :
        341.  352.   86.  127.  1168.  2060.  8264. 10157. 20482.   .50  4.40  633.  3.24  -24.  363.   91.    211.  86.  36.  85.  6.81 110.5   6.5 -37.3   6.5 200.0 272.4  11.1    .0  75.3  39.0  32.5
 STANDARD DEVIATIONS  :
          0.    2.    3.    3.    94.   178.   548.   605.  1084.   .02   .38   39.   .06    8.   83.    8.     12.  64.   8.  33.   .48   2.3    .0  18.2   1.5    .0  16.7  10.1    .0   2.5    .1    .1
 VARIATION COEFFICIENTS (%)  : 
          .0    .4   3.5   2.6    8.1    8.6    6.6    6.0    5.3   3.5   8.7   6.1   1.8  35.5  23.0   9.1     5.6 74.6 23.0 38.3   7.1   2.0    .2  48.8  23.0    .0   6.1  91.0    .0   3.4    .2    .2



*** RESULTS OF CROP GROWTH MODEL NWHEAT *** SUMMARY OF OUTPUT FOR WINTER WHEAT AND YIELD STATISTICS ***

Name of run: SCCW3, Station= CC   , Soil=   1, Crop=   3, Organic M.=   1, Nsoil=   1, IRR=   0, Runof=  .10
 Sevil., UKTR scen.(Micha) dec.66-75,no Var.change,wat-lim. prod.,CO2 617ppm     


YEAR     SOW EMERG  ANTH  HALT   WRT   WLV    WST   WGR    TAGB     HI  LAIM PARAB  RUE   DWAV RAIN  ESOIL   TRANS DRAIN RUNOF IRR  WUE MINOM MINFM DNTOT NRAIN NGIFT NUPT  NLEACH NIMMO  NUE  DNFM  NBIOM
1902     341   354    85   129  1184.  2123.  8494. 10801. 21418.   .50  4.66  673.  3.18   79.  404.   79.    216. 148.  40.   0.  7.27 108.8   6.5 -17.3   7.3 200.0 278.9  23.5    .0  76.8  38.9  32.5
1903     341   351    89   127  1188.  2108.  8126.  9979. 20213.   .49  4.53  619.  3.27    7.  353.   79.    224.  22.  35.   0.  6.67 105.8   6.5 -36.3   6.4 200.0 277.7   1.7    .0  72.8  38.8  32.4
1904     341   356    86   127  1059.  1854.  8127.  9746. 19727.   .49  3.95  606.  3.25   40.  387.   97.    204.  86.  39.   0.  6.55 102.6   6.5 -37.4   7.0 200.0 267.1   9.1    .0  73.9  38.7  32.3
1905     341   350    90   133  1111.  1951.  8789. 10470. 21209.   .49  4.21  691.  3.07   69.  378.   73.    182. 154.  38.   0.  8.30 100.6   6.4 -19.5   6.8 200.0 271.8  20.1    .0  78.0  38.6  32.2
1906     341   351    91   133  1160.  2046.  8386. 10423. 20855.   .50  4.41  645.  3.23  -43.  554.   87.    187. 181.  55.   0.  7.61 108.1   6.5 -25.6  10.0 200.0 271.6  24.6    .0  76.8  38.9  32.4
1907     341   350    83   126  1124.  1968.  7797. 10276. 20041.   .51  4.21  613.  3.27   53.  297.   92.    211.  19.  30.   0.  6.63 111.3   6.5 -54.5   5.4 200.0 264.6   1.5    .0  75.7  39.0  32.5
1908     341   350    87   132  1304.  2326.  8766. 11415. 22507.   .51  5.00  705.  3.19   24.  357.   83.    210.  51.  36.   0.  7.66 109.8   6.5 -18.5   6.4 200.0 296.6   4.5    .0  75.9  39.0  32.5
1909     341   350    87   126  1164.  2052.  8078.  9546. 19676.   .49  4.42  607.  3.24   71.  504.   79.    202. 243.  50.   0.  6.99 104.0   6.5  -4.4   9.1 200.0 272.6  39.7    .0  72.2  38.8  32.3
1910     341   351    82   125  1125.  1997.  8113. 10549. 20660.   .51  4.29  654.  3.16   29.  326.   91.    219.  11.  33.   0.  6.65 103.6   6.5 -43.6   5.9 200.0 268.8   1.0    .0  76.9  38.7  32.3
1911     341   352    90   128  1224.  2161.  8455. 10095. 20711.   .49  4.50  636.  3.26   42.  297.   84.    209.  16.  30.   0.  7.06 101.9   6.4 -28.4   5.3 200.0 281.2   1.0    .0  73.7  38.7  32.2
1912     341   352    87   130  1015.  1796.  7477.  9700. 18972.   .51  3.79  571.  3.32   68.  434.  101.    191. 167.  43.   0.  6.50 101.3   6.4 -35.8   7.8 200.0 245.5  32.1    .0  77.3  38.6  32.2
1913     341   350    87   125  1254.  2210.  8457.  9551. 20219.   .47  4.75  615.  3.29   70.  286.   79.    217.  31.  29.   0.  6.84 101.1   6.4 -21.8   5.2 200.0 283.5   4.0    .0  71.3  38.6  32.2
1914     341   352    87   128  1154.  2042.  7949.  9545. 19537.   .49  4.37  615.  3.18   13.  361.   84.    212.  42.  36.   0.  6.60 105.9   6.5 -34.5   6.5 200.0 277.9   3.8    .0  70.3  38.8  32.4
1915     341   350    82   126  1134.  2020.  8067. 10510. 20597.   .51  4.33  642.  3.21   31.  302.   85.    217.   0.  30.   0.  6.81 107.0   6.5 -50.6   5.4 200.0 265.7    .0    .0  77.5  38.9  32.4
1916     341   351    87   128  1091.  1870.  8299.  9154. 19323.   .47  4.00  608.  3.18   26.  399.   91.    194. 100.  40.   0.  6.78 110.0   6.5 -46.8   7.2 200.0 260.9  13.5    .0  74.1  39.0  32.5
1917     341   352    87   123  1110.  1946.  7619.  9142. 18708.   .49  4.11  557.  3.36   56.  332.   84.    206.  65.  33.   0.  6.46 103.5   6.5 -56.1   6.0 200.0 251.9   5.1    .0  74.3  38.7  32.3
1918     341   354    86   131  1147.  2009.  7876. 10390. 20276.   .51  4.20  651.  3.11   64.  316.   87.    206.  55.  32.   0.  6.92 105.2   6.5 -44.8   5.7 200.0 264.9   5.1    .0  76.6  38.8  32.3
1919     341   353    79   118  1118.  1958.  7315.  9088. 18361.   .49  4.17  570.  3.22   63.  337.   90.    238.  38.  34.   0.  5.60 108.9   6.5 -54.5   6.1 200.0 260.8   3.4    .0  70.4  39.0  32.5
1920     341   351    91   126  1370.  2437.  9550.  9638. 21625.   .45  5.12  671.  3.22   47.  343.   76.    214.  66.  34.   0.  7.45 104.1   6.5   9.3   6.2 200.0 313.1   8.7    .0  69.1  38.8  32.3
1921     341   349    90   131  1245.  2201.  8591.  8625. 19417.   .44  4.73  656.  2.96   82.  201.   78.    184.   0.  20.   0.  7.39  96.6   6.4 -17.1   3.6 200.0 286.5    .0    .0  67.8  38.4  32.0
1922     341   351    89   127  1276.  2290.  9242. 10499. 22031.   .48  4.98  682.  3.23   55.  472.   73.    214. 192.  47.   0.  7.67 107.7   6.5  -3.1   8.5 200.0 296.6  19.7    .0  74.3  38.9  32.4
1923     341   352    85   121  1140.  2046.  8163.  9378. 19587.   .48  4.44  603.  3.25   26.  449.   85.    218. 127.  45.   0.  6.46 108.7   6.5 -50.5   8.1 200.0 255.3  14.6    .0  76.7  38.9  32.5
1924     341   350    83   125  1151.  2023.  7938. 10018. 19978.   .50  4.35  598.  3.34    1.  484.   91.    215. 131.  48.   0.  6.54 110.9   6.5 -38.6   8.7 200.0 269.0  15.9    .0  74.3  39.0  32.5
1925     341   352    85   129   955.  1684.  7405.  9632. 18721.   .51  3.61  592.  3.16   78.  347.  104.    192.  94.  35.   0.  6.33 106.5   6.5 -56.3   6.2 200.0 247.9  13.4    .0  75.5  38.9  32.4
1926     341   352    90   128  1290.  2297.  9478. 10679. 22453.   .48  4.93  702.  3.20   56.  406.   77.    216. 128.  41.   0.  7.67 104.6   6.5    .4   7.3 200.0 302.5  12.7    .0  74.2  38.8  32.3
1927     341   352    85   131  1071.  1872.  7707. 10345. 19924.   .52  3.99  600.  3.32    6.  407.   92.    194.  87.  41.   0.  6.96 106.7   6.5 -48.9   7.3 200.0 255.6  14.0    .0  78.0  38.9  32.4
1928     341   351    82   127  1146.  2027.  7971. 10679. 20677.   .52  4.36  657.  3.15   74.  291.   88.    208.  40.  29.   0.  6.99 106.1   6.5 -36.1   5.2 200.0 275.4   3.7    .0  75.1  38.8  32.4
1929     341   351    89   124  1346.  2387.  8884.  6930. 18201.   .38  5.07  648.  2.81   85.  185.   69.    183.   0.  19.   0.  7.22 101.3   6.4 -13.0   3.3 200.0 294.1    .0    .0  61.9  38.6  32.2
1930     341   354    84   128  1172.  2044.  8177.  8330. 18551.   .45  4.33  663.  2.80   75.  245.   94.    202.   0.  25.   0.  6.26 102.7   6.5 -27.2   4.4 200.0 283.6    .0    .0  65.4  38.7  32.3
1931     341   351    86   130   966.  1672.  7771.  9611. 19053.   .50  3.63  585.  3.26  -26.  427.   95.    188.  75.  43.   0.  6.73 105.5   6.5 -67.2   7.7 200.0 242.7   8.0    .0  78.5  38.8  32.3

 MEANS over  30 years  :
        341.  352.   86.  127.  1160.  2047.  8236.  9825. 20108.   .49  4.38  631.  3.19   44.  363.   86.    206.  79.  36.   0.  6.92 105.4   6.5 -32.6   6.5 200.0 272.8  10.1    .0  73.8  38.8  32.3
 STANDARD DEVIATIONS  :
          0.    2.    3.    3.    98.   184.   556.   860.  1147.   .03   .39   39.   .13   32.   83.    8.     13.  65.   8.   0.   .54   3.4    .0  18.9   1.5    .0  16.9  10.0    .0   3.8    .1    .1
 VARIATION COEFFICIENTS (%)  : 
          .0    .4   3.5   2.6    8.4    9.0    6.7    8.8    5.7   5.8   9.0   6.2   4.1  72.9  23.0   9.7     6.5 81.8 23.0   .0   7.7   3.2    .4  57.9  23.0    .0   6.2  98.6    .0   5.2    .4    .4



*** RESULTS OF CROP GROWTH MODEL NWHEAT *** SUMMARY OF OUTPUT FOR WINTER WHEAT AND YIELD STATISTICS ***

Name of run: SCVP1, Station= CCV  , Soil=   1, Crop=   1, Organic M.=   1, Nsoil=   1, IRR=   1, Runof=  .10
 Sevil., UKTR scen.(Micha) dec.66-75, Var. change, pot. prod., CO2 353 ppm       


YEAR     SOW EMERG  ANTH  HALT   WRT   WLV    WST   WGR    TAGB     HI  LAIM PARAB  RUE   DWAV RAIN  ESOIL   TRANS DRAIN RUNOF IRR  WUE MINOM MINFM DNTOT NRAIN NGIFT NUPT  NLEACH NIMMO  NUE  DNFM  NBIOM
1902     341   352    86   133  1100.  1925.  7034.  9391. 18350.   .51  4.34  727.  2.52  -25.   70.   97.    230.   0.   7. 288.  5.62 110.3   6.5 -64.3   1.3 200.0 251.5    .0    .0  73.0  39.0  32.5
1903     341   348    86   124  1089.  1904.  7016.  7879. 16799.   .47  4.33  661.  2.54  -19.  101.   89.    240.   0.  10. 257.  5.11 108.4   6.5 -61.3   1.8 200.0 252.7    .0    .0  66.5  38.9  32.4
1904     341   352    87   128  1095.  1897.  6629.  8165. 16691.   .49  4.25  667.  2.50  -21.  183.   91.    241.   1.  18. 189.  5.03 106.1   6.5 -71.0   3.3 200.0 242.2    .1    .0  68.9  38.9  32.4
1905     341   350    87   129  1159.  2055.  7493.  8784. 18331.   .48  4.75  692.  2.65  -18.  167.   83.    229.   0.  17. 180.  5.87 109.9   6.5 -58.7   3.0 200.0 257.9    .0    .0  71.1  39.0  32.5
1906     341   351    88   124  1066.  1842.  6614.  7019. 15475.   .45  4.12  595.  2.60  -17.  111.   89.    234.   0.  11. 239.  4.80 106.5   6.5 -80.7   2.0 200.0 231.5    .0    .0  66.8  38.9  32.4
1907     341   352    84   130   992.  1723.  6549.  8493. 16765.   .51  3.90  637.  2.63   -7.  109.   97.    223.   0.  11. 229.  5.25 113.0   6.5 -89.7   2.0 200.0 229.8    .0    .0  72.9  39.1  32.6
1908     341   353    85   127  1063.  1857.  6231.  7855. 15943.   .49  4.21  597.  2.67  -51.  254.   87.    236.  25.  25. 170.  4.94 110.8   6.5 -86.5   4.6 200.0 227.9   5.1    .0  70.0  39.0  32.5
1909     341   350    84   128  1145.  1998.  7021.  8643. 17662.   .49  4.58  688.  2.57  -13.  100.   85.    241.   0.  10. 248.  5.43 110.8   6.5 -59.9   1.8 200.0 256.6    .0    .0  68.8  39.0  32.5
1910     341   355    89   131  1213.  2158.  7405.  8889. 18452.   .48  4.99  717.  2.57  -10.  223.   76.    245.  16.  22. 147.  5.74 108.6   6.5 -40.4   4.0 200.0 274.4   1.2    .0  67.2  38.9  32.5
1911     341   350    85   128  1126.  1985.  7143.  8729. 17857.   .49  4.57  726.  2.46  -23.   59.   92.    245.   0.   6. 308.  5.29 109.6   6.5 -63.0   1.1 200.0 251.5    .0    .0  71.0  39.0  32.5
1912     341   351    87   130  1194.  2094.  7562.  8467. 18124.   .47  4.85  711.  2.55  -21.  134.   78.    242.   8.  13. 228.  5.67 108.1   6.5 -55.1   2.4 200.0 257.9   1.3    .0  70.3  38.9  32.4
1913     341   352    83   125  1089.  1905.  6830.  8127. 16862.   .48  4.38  648.  2.60   -6.  158.   89.    237.   0.  16. 189.  5.17 109.9   6.5 -74.1   2.9 200.0 242.5    .0    .0  69.5  39.0  32.5
1914     341   353    88   130  1114.  1983.  7205.  8296. 17485.   .47  4.55  688.  2.54  -21.  172.   92.    238.   0.  17. 196.  5.29 107.4   6.5 -56.0   3.1 200.0 258.4    .0    .0  67.7  38.9  32.4
1915     341   356    84   122   977.  1704.  6774.  7165. 15643.   .46  3.89  622.  2.51  -19.  153.   92.    236.   0.  15. 208.  4.78 108.7   6.5 -87.2   2.8 200.0 228.5    .0    .0  68.5  38.9  32.5
1916     341   353    90   129  1111.  1949.  7067.  8236. 17252.   .48  4.45  654.  2.64  -16.   73.   84.    234.   0.   7. 269.  5.41 106.6   6.5 -57.5   1.3 200.0 254.0    .0    .0  67.9  38.9  32.4
1917     341   356    92   137  1183.  2087.  7654.  9211. 18952.   .49  4.78  722.  2.63  -21.  187.   87.    217.   0.  19. 158.  6.22 109.4   6.5 -50.1   3.4 200.0 266.4    .0    .0  71.1  39.0  32.5
1918     341   354    96   128  1232.  2171.  7899.  7334. 17404.   .42  4.92  707.  2.46  -30.   84.   78.    254.   0.   8. 287.  5.24 102.1   6.4 -39.0   1.5 200.0 267.4    .0    .0  65.1  38.7  32.2
1919     341   351    88   118  1158.  2030.  7046.  6388. 15464.   .41  4.58  596.  2.59  -29.  284.   71.    253.  59.  28. 155.  4.77 104.8   6.5 -57.9   5.1 200.0 247.8   6.6    .0  62.4  38.8  32.3
1920     341   352    82   124   980.  1680.  6027.  7258. 14965.   .49  3.68  588.  2.54  -14.  178.  103.    231.  30.  18. 218.  4.49 107.2   6.5 -87.2   3.2 200.0 224.4   3.3    .0  66.7  38.9  32.4
1921     341   352    88   136  1007.  1741.  7064.  8900. 17705.   .50  3.94  710.  2.49  -14.  158.  104.    213.   0.  16. 188.  5.58 109.3   6.5 -67.4   2.8 200.0 249.4    .0    .0  71.0  39.0  32.5
1922     341   348    83   122  1049.  1839.  6852.  7810. 16501.   .47  4.20  639.  2.58  -19.   72.   90.    233.   0.   7. 278.  5.10 108.1   6.5 -72.5   1.3 200.0 240.8    .0    .0  68.5  38.9  32.4
1923     341   359    86   129   979.  1709.  6538.  8024. 16271.   .49  3.95  632.  2.57  -27.  220.   91.    233.  15.  22. 168.  5.01 106.6   6.5 -81.5   4.0 200.0 231.4   2.3    .0  70.3  38.9  32.4
1924     341   354    87   125  1087.  1886.  7147.  7509. 16542.   .45  4.30  619.  2.67  -40.  148.   85.    231.   0.  15. 223.  5.23 108.8   6.5 -74.5   2.7 200.0 240.6    .0    .0  68.7  39.0  32.5
1925     341   350    84   119   999.  1748.  6527.  6541. 14816.   .44  3.99  574.  2.58  -21.  225.   86.    240.  24.  22. 168.  4.54 101.9   6.4 -77.5   4.0 200.0 229.5   2.9    .0  64.5  38.7  32.2
1926     341   351    91   131  1257.  2193.  8108.  8711. 19012.   .46  4.96  764.  2.49  -25.    3.   78.    238.   0.   0. 339.  6.01 106.5   6.5 -36.7    .1 200.0 273.0    .0    .0  69.6  38.9  32.4
1927     341   350    86   124  1239.  2183.  7481.  8258. 17922.   .46  4.98  705.  2.54  -25.   23.   76.    258.   0.   2. 339.  5.36 106.9   6.5 -38.7    .4 200.0 271.8    .0    .0  65.9  38.9  32.4
1928     341   352    87   121  1094.  1917.  7330.  6605. 15852.   .42  4.36  623.  2.54  -37.  133.   85.    248.   0.  13. 249.  4.77 105.4   6.5 -74.4   2.4 200.0 236.9    .0    .0  66.9  38.8  32.4
1929     341   354    83   120  1011.  1751.  6300.  7150. 15200.   .47  4.00  587.  2.59  -16.   43.   95.    247.   0.   4. 319.  4.45 108.3   6.5 -83.0    .8 200.0 230.0    .0    .0  66.1  38.9  32.4
1930     341   352    92   131  1186.  2091.  7670.  8197. 17958.   .46  4.83  702.  2.56  -28.  180.   77.    234.  11.  18. 189.  5.76 105.3   6.5 -48.4   3.2 200.0 262.2   1.5    .0  68.5  38.8  32.3
1931     341   351    83   132   981.  1748.  6799.  8800. 17346.   .51  4.08  705.  2.46  -23.  139.  110.    232.   0.  14. 240.  5.06 115.2   6.5 -76.7   2.5 200.0 245.7    .0    .0  70.6  39.2  32.6

 MEANS over  30 years  :
        341.  352.   87.  127.  1099.  1925.  7034.  8028. 16987.   .47  4.39  663.  2.56  -22.  138.   88.    237.   6.  14. 229.  5.23 108.0   6.5 -65.7   2.5 200.0 247.8    .8    .0  68.5  38.9  32.4
 STANDARD DEVIATIONS  :
          0.    2.    3.    5.    84.   155.   488.   792.  1171.   .03   .37   51.   .06    9.   67.    9.     10.  13.   7.  55.   .44   2.7    .0  15.5   1.2    .0  14.7   1.6    .0   2.4    .1    .1
 VARIATION COEFFICIENTS (%)  : 
          .0    .7   3.6   3.7    7.6    8.1    6.9    9.9    6.9   5.3   8.4   7.7   2.3  42.6  48.4   9.9     4.1205.1 48.4 23.9   8.4   2.5    .3  23.5  48.4    .0   5.9 201.7    .0   3.5    .3    .3



*** RESULTS OF CROP GROWTH MODEL NWHEAT *** SUMMARY OF OUTPUT FOR WINTER WHEAT AND YIELD STATISTICS ***

Name of run: SCVW1, Station= CCV  , Soil=   1, Crop=   1, Organic M.=   1, Nsoil=   1, IRR=   0, Runof=  .10
 Sevil., UKTR scen.(Micha) dec.66-75, Var. change, wat-lim. prod.,CO2 353ppm     


YEAR     SOW EMERG  ANTH  HALT   WRT   WLV    WST   WGR    TAGB     HI  LAIM PARAB  RUE   DWAV RAIN  ESOIL   TRANS DRAIN RUNOF IRR  WUE MINOM MINFM DNTOT NRAIN NGIFT NUPT  NLEACH NIMMO  NUE  DNFM  NBIOM
1902     341   352    86   133   949.  1683.  5147.   409.  7239.   .06  3.80  582.  1.24   89.   70.   57.     95.   0.   7.   0.  4.75  81.2   6.2 -89.2   1.3 200.0 197.9    .0    .0  36.6  37.3  31.1
1903     341   348    86   124   992.  1757.  5397.  1163.  8317.   .14  3.96  561.  1.48   87.  101.   75.    103.   0.  10.   0.  4.68  81.3   6.2 -62.2   1.8 200.0 224.7    .0    .0  37.0  37.3  31.1
1904     341   352    87   128   962.  1682.  6382.  5636. 13700.   .41  3.85  623.  2.20   91.  183.   68.    188.   0.  18.   0.  5.36  92.5   6.4 -83.2   3.3 200.0 217.0    .0    .0  63.1  38.1  31.8
1905     341   350    87   129  1155.  2050.  7316.  3360. 12726.   .26  4.72  680.  1.87   85.  167.   77.    158.   0.  17.   0.  5.42  93.5   6.4 -39.7   3.0 200.0 260.3    .0    .0  48.9  38.2  31.8
1906     341   351    88   124   938.  1634.  5643.   803.  8080.   .10  3.67  527.  1.53   88.  111.   76.    113.   0.  11.   0.  4.28  81.6   6.2 -89.5   2.0 200.0 198.3    .0    .0  40.7  37.3  31.1
1907     341   352    84   130   891.  1569.  3878.   543.  5991.   .09  3.42  481.  1.24   82.  109.   88.     92.   0.  11.   0.  3.32  81.8   6.2-102.6   2.0 200.0 185.8    .0    .0  32.2  37.4  31.1
1908     341   353    85   127  1060.  1851.  5677.  5491. 13020.   .42  4.17  588.  2.22   42.  254.   76.    195.   0.  25.   0.  4.80  99.0   6.4 -78.1   4.6 200.0 229.1    .0    .0  56.8  38.5  32.1
1909     341   350    84   128  1033.  1822.  5759.  1254.  8835.   .14  4.16  591.  1.49   92.  100.   61.    121.   0.  10.   0.  4.86  88.1   6.3 -68.2   1.8 200.0 226.1    .0    .0  39.1  37.8  31.5
1910     341   355    89   131  1197.  2134.  7376.  6319. 15828.   .40  4.94  708.  2.23   77.  223.   66.    212.   0.  22.   0.  5.69  92.2   6.4 -27.2   4.0 200.0 272.4    .0    .0  58.1  38.1  31.8
1911     341   350    85   128   991.  1769.  5397.   391.  7557.   .05  4.02  587.  1.29   94.   59.   53.     94.   0.   6.   0.  5.15  83.0   6.2 -84.1   1.1 200.0 204.3    .0    .0  37.0  37.4  31.2
1912     341   351    87   130  1034.  1843.  5592.  2728. 10164.   .27  4.28  618.  1.64   68.  134.   57.    131.   0.  13.   0.  5.40  84.0   6.3 -53.4   2.4 200.0 236.5    .0    .0  43.0  37.5  31.3
1913     341   352    83   125   983.  1733.  6625.  4623. 12981.   .36  4.06  606.  2.14   87.  158.   68.    161.   0.  16.   0.  5.66  92.8   6.4 -76.8   2.9 200.0 223.2    .0    .0  58.1  38.2  31.8
1914     341   353    88   130  1067.  1908.  6252.  4601. 12762.   .36  4.36  667.  1.91   88.  172.   73.    170.   0.  17.   0.  5.25  89.8   6.3 -53.3   3.1 200.0 243.7    .0    .0  52.4  38.0  31.6
1915     341   356    84   122   964.  1684.  6667.  1680. 10031.   .17  3.85  599.  1.67   91.  153.   85.    144.   0.  15.   0.  4.38  91.5   6.4 -83.4   2.8 200.0 215.1    .0    .0  46.6  38.1  31.8
1916     341   353    90   129  1045.  1845.  6290.   596.  8731.   .07  4.19  566.  1.54   89.   73.   49.    106.   0.   7.   0.  5.65  82.5   6.2 -63.9   1.3 200.0 224.0    .0    .0  39.0  37.4  31.2
1917     341   356    92   137  1163.  2057.  7508.  6330. 15895.   .40  4.66  702.  2.27   87.  187.   81.    175.   0.  19.   0.  6.22  88.2   6.3 -36.0   3.4 200.0 259.2    .0    .0  61.3  37.9  31.6
1918     341   354    96   128  1081.  1926.  7005.   699.  9630.   .07  4.41  639.  1.51   89.   84.   54.    110.   0.   8.   0.  5.86  78.7   6.2 -58.5   1.5 200.0 225.1    .0    .0  42.8  37.1  30.9
1919     341   351    88   118  1147.  2014.  7034.  4684. 13731.   .34  4.56  593.  2.32   83.  284.   67.    219.  54.  28.   0.  4.81  95.7   6.4 -51.0   5.1 200.0 246.2   6.1    .0  55.8  38.4  32.0
1920     341   352    82   124   838.  1447.  5723.  5792. 12962.   .45  3.26  549.  2.36   87.  178.   50.    197.   0.  18.   0.  5.25  88.9   6.3 -96.8   3.2 200.0 200.4    .0    .0  64.7  37.8  31.5
1921     341   352    88   136   982.  1704.  6988.  4649. 13341.   .35  3.87  652.  2.05   87.  158.   72.    157.   0.  16.   0.  5.82  93.6   6.4 -60.8   2.8 200.0 240.5    .0    .0  55.5  38.2  31.8
1922     341   348    83   122   853.  1513.  6160.  1334.  9006.   .15  3.51  552.  1.63   91.   72.   40.    115.   0.   7.   0.  5.79  82.2   6.2 -89.8   1.3 200.0 198.4    .0    .0  45.4  37.4  31.1
1923     341   359    86   129   898.  1579.  6294.  5115. 12987.   .39  3.70  612.  2.12   77.  220.   74.    201.   0.  22.   0.  4.72  95.2   6.4 -74.2   4.0 200.0 229.6    .0    .0  56.6  38.3  31.9
1924     341   354    87   125  1071.  1860.  6848.   939.  9648.   .10  4.21  582.  1.66   71.  148.   73.    131.   0.  15.   0.  4.72  88.7   6.3 -64.0   2.7 200.0 231.1    .0    .0  41.7  37.9  31.6
1925     341   350    84   119   794.  1407.  5971.  5857. 13235.   .44  3.28  520.  2.55   69.  225.   60.    211.   0.  22.   0.  4.88  91.7   6.3 -92.8   4.0 200.0 207.5    .0    .0  63.8  38.0  31.7
1926     341   351    91   131  1058.  1884.  4994.   433.  7311.   .06  4.14  607.  1.20   92.    3.   19.     76.   0.   0.   0.  7.71  73.6   6.1 -87.4    .1 200.0 190.9    .0    .0  38.3  36.4  30.3
1927     341   350    86   124  1041.  1881.  4839.   401.  7121.   .06  4.25  561.  1.27   87.   23.   31.     77.   0.   2.   0.  6.59  73.7   6.1 -85.6    .4 200.0 192.9    .0    .0  36.9  36.4  30.3
1928     341   352    87   121   967.  1705.  6659.  2414. 10778.   .22  3.92  588.  1.83   84.  133.   57.    146.   0.  13.   0.  5.30  85.7   6.3 -78.0   2.4 200.0 214.1    .0    .0  50.4  37.7  31.4
1929     341   354    83   120   875.  1553.  3353.   239.  5144.   .05  3.42  430.  1.20   94.   43.   56.     77.   0.   4.   0.  3.86  73.2   6.1-126.7    .8 200.0 151.8    .0    .0  33.9  36.4  30.3
1930     341   352    92   131  1038.  1845.  7025.  5147. 14017.   .37  4.29  664.  2.11   68.  180.   52.    178.   0.  18.   0.  6.10  87.6   6.3 -45.9   3.2 200.0 248.8    .0    .0  56.3  37.8  31.5
1931     341   351    83   132   924.  1653.  6587.  1496.  9736.   .15  3.89  622.  1.57   91.  139.   80.    136.   0.  14.   0.  4.51  94.9   6.4 -95.0   2.5 200.0 207.6    .0    .0  46.9  38.3  31.9

 MEANS over  30 years  :
        341.  352.   87.  127.  1000.  1766.  6080.  2838. 10684.   .23  4.03  595.  1.78   84.  138.   63.    143.   2.  14.   0.  5.23  86.9   6.3 -73.2   2.5 200.0 220.1    .2    .0  48.0  37.7  31.4
 STANDARD DEVIATIONS  :
          0.    2.    3.    5.    98.   178.   973.  2196.  2893.   .14   .41   60.   .40   11.   67.   15.     44.  10.   7.   0.   .83   6.8    .1  21.6   1.2    .0  25.1   1.1    .0   9.8    .6    .5
 VARIATION COEFFICIENTS (%)  : 
          .0    .7   3.6   3.7    9.8   10.1   16.0   77.4   27.1  62.5  10.2  10.0  22.3  12.7  48.4  24.5    30.4538.5 48.4   .0  15.9   7.8   1.5  29.5  48.4    .0  11.4 538.5    .0  20.3   1.5   1.5



*** RESULTS OF CROP GROWTH MODEL NWHEAT *** SUMMARY OF OUTPUT FOR WINTER WHEAT AND YIELD STATISTICS ***

Name of run: SCVP3, Station= CCV  , Soil=   1, Crop=   3, Organic M.=   1, Nsoil=   1, IRR=   1, Runof=  .10
 Sevil., UKTR scen.(Micha) dec.66-75, Var. change, pot. prod., CO2 617 ppm       


YEAR     SOW EMERG  ANTH  HALT   WRT   WLV    WST   WGR    TAGB     HI  LAIM PARAB  RUE   DWAV RAIN  ESOIL   TRANS DRAIN RUNOF IRR  WUE MINOM MINFM DNTOT NRAIN NGIFT NUPT  NLEACH NIMMO  NUE  DNFM  NBIOM
1902     341   352    86   133  1283.  2260.  8995. 11876. 23130.   .51  4.72  738.  3.13  -21.   70.   90.    220.   0.   7. 268.  7.47 110.3   6.5 -22.7   1.3 200.0 292.4    .0    .0  79.1  39.0  32.5
1903     341   348    86   124  1281.  2258.  8675. 10317. 21250.   .49  4.75  671.  3.17  -16.  101.   83.    230.   0.  10. 238.  6.79 108.5   6.5 -18.1   1.8 200.0 295.2    .0    .0  72.0  38.9  32.5
1904     341   352    87   128  1320.  2308.  8368. 10898. 21574.   .51  4.81  686.  3.15  -17.  183.   81.    236.   0.  18. 169.  6.81 106.4   6.5 -22.0   3.3 200.0 290.7    .0    .0  74.2  38.9  32.4
1905     341   350    87   129  1360.  2427.  9152. 11176. 22755.   .49  5.18  702.  3.24  -23.  167.   77.    220.   0.  17. 170.  7.66 109.8   6.5 -17.0   3.0 200.0 298.7    .0    .0  76.2  39.0  32.5
1906     341   351    88   124  1239.  2159.  8167.  9280. 19606.   .47  4.47  605.  3.24  -13.  111.   82.    224.   0.  11. 219.  6.41 106.5   6.5 -43.1   2.0 200.0 268.4    .0    .0  73.0  38.9  32.4
1907     341   352    84   130  1180.  2068.  8219. 11069. 21357.   .52  4.34  653.  3.27   -4.  109.   88.    215.   0.  11. 208.  7.06 112.4   6.5 -46.8   2.0 200.0 271.5    .0    .0  78.7  39.1  32.6
1908     341   353    85   127  1265.  2224.  7777. 10349. 20349.   .51  4.66  610.  3.34  -45.  254.   81.    228.  25.  25. 150.  6.58 111.0   6.5 -44.0   4.6 200.0 271.5   3.3    .0  74.9  39.0  32.5
1909     341   350    84   128  1342.  2357.  8621. 11231. 22209.   .51  5.00  698.  3.18  -18.  100.   79.    231.   0.  10. 238.  7.17 111.0   6.5 -16.9   1.8 200.0 299.2    .0    .0  74.2  39.0  32.5
1910     341   355    89   131  1407.  2515.  8970. 11390. 22875.   .50  5.38  725.  3.15  -11.  223.   71.    235.  10.  22. 126.  7.48 107.9   6.5   1.8   4.0 200.0 315.9    .6    .0  72.4  38.9  32.4
1911     341   350    85   128  1329.  2358.  8903. 11387. 22649.   .50  5.02  740.  3.06  -30.   59.   85.    236.   0.   6. 298.  7.05 109.9   6.5 -20.5   1.1 200.0 293.5    .0    .0  77.2  39.0  32.5
1912     341   351    87   130  1383.  2440.  9097. 10687. 22224.   .48  5.21  718.  3.10  -24.  134.   74.    231.  10.  13. 218.  7.28 108.1   6.5 -15.8   2.4 200.0 297.0    .9    .0  74.8  38.9  32.4
1913     341   352    83   125  1279.  2248.  8413. 10727. 21388.   .50  4.77  658.  3.25  -11.  158.   83.    227.   0.  16. 179.  6.90 110.0   6.5 -34.4   2.9 200.0 281.6    .0    .0  76.0  39.0  32.5
1914     341   353    88   130  1319.  2364.  8881. 10715. 21960.   .49  5.02  702.  3.13  -27.  172.   84.    230.   0.  17. 186.  6.99 107.4   6.5 -12.6   3.1 200.0 301.1    .0    .0  72.9  38.9  32.4
1915     341   356    84   122  1181.  2076.  8460.  9619. 20155.   .48  4.37  641.  3.15  -15.  153.   82.    229.   0.  15. 188.  6.47 108.9   6.5 -43.2   2.8 200.0 271.9    .0    .0  74.1  39.0  32.5
1916     341   353    90   129  1305.  2308.  8728. 10699. 21735.   .49  4.88  664.  3.27  -11.   73.   78.    226.   0.   7. 249.  7.16 106.5   6.5 -14.7   1.3 200.0 296.2    .0    .0  73.4  38.9  32.4
1917     341   356    92   137  1393.  2472.  9341. 11874. 23687.   .50  5.24  734.  3.23  -16.  187.   81.    209.   0.  19. 138.  8.17 109.4   6.5  -6.5   3.4 200.0 309.1    .0    .0  76.6  39.0  32.5
1918     341   354    96   128  1430.  2548.  9771.  9721. 22040.   .44  5.37  714.  3.09  -25.   84.   73.    244.   0.   8. 267.  6.94 101.8   6.4   7.2   1.5 200.0 312.3    .0    .0  70.6  38.7  32.2
1919     341   351    88   118  1346.  2379.  8570.  8404. 19353.   .43  4.98  602.  3.21  -21.  284.   67.    243.  61.  28. 135.  6.25 104.6   6.5 -18.9   5.1 200.0 285.5   6.7    .0  67.8  38.8  32.3
1920     341   352    82   124  1163.  2005.  7534.  9622. 19160.   .50  4.07  604.  3.17  -16.  178.   95.    222.  35.  18. 208.  6.04 106.9   6.5 -43.3   3.2 200.0 267.2   3.5    .0  71.7  38.9  32.4
1921     341   352    88   136  1171.  2041.  8713. 11604. 22357.   .52  4.28  724.  3.09  -19.  158.   98.    203.   0.  16. 178.  7.42 109.3   6.5 -23.9   2.8 200.0 292.4    .0    .0  76.5  39.0  32.5
1922     341   348    83   122  1241.  2183.  8443. 10349. 20974.   .49  4.62  652.  3.22  -15.   72.   83.    225.   0.   7. 258.  6.81 108.2   6.5 -30.5   1.3 200.0 282.1    .0    .0  74.3  38.9  32.4
1923     341   359    86   129  1168.  2053.  8244. 10431. 20728.   .50  4.37  648.  3.20  -19.  220.   86.    224.  16.  22. 148.  6.67 106.6   6.5 -39.5   4.0 200.0 273.3   1.7    .0  75.8  38.9  32.4
1924     341   354    87   125  1280.  2234.  8803.  9812. 20849.   .47  4.72  628.  3.32  -35.  148.   79.    222.   0.  15. 203.  6.93 108.8   6.5 -32.8   2.7 200.0 281.6    .0    .0  74.0  39.0  32.5
1925     341   350    84   119  1195.  2107.  8135.  8736. 18977.   .46  4.45  588.  3.23  -24.  225.   82.    233.  32.  22. 168.  6.03 102.2   6.4 -33.0   4.0 200.0 272.6   3.8    .0  69.6  38.7  32.2
1926     341   351    91   131  1454.  2558.  9861. 11232. 23651.   .47  5.36  771.  3.07  -21.    3.   73.    228.   0.   0. 319.  7.86 106.2   6.5   6.9    .1 200.0 315.5    .0    .0  75.0  38.9  32.4
1927     341   350    86   124  1447.  2565.  9135. 10636. 22336.   .48  5.41  713.  3.13  -30.   23.   71.    248.   0.   2. 329.  7.00 106.9   6.5   5.0    .4 200.0 314.7    .0    .0  71.0  38.9  32.4
1928     341   352    87   121  1295.  2284.  9076.  8812. 20172.   .44  4.80  633.  3.19  -32.  133.   78.    239.   0.  13. 229.  6.36 105.0   6.5 -30.7   2.4 200.0 279.3    .0    .0  72.2  38.8  32.3
1929     341   354    83   120  1208.  2109.  7858.  9417. 19384.   .49  4.45  601.  3.23  -22.   43.   87.    239.   0.   4. 309.  5.95 108.4   6.5 -41.6    .8 200.0 270.7    .0    .0  71.6  38.9  32.4
1930     341   352    92   131  1364.  2426.  9343. 10657. 22425.   .48  5.20  707.  3.17  -32.  180.   73.    224.  12.  18. 179.  7.56 105.3   6.5  -8.7   3.2 200.0 301.8    .8    .0  74.3  38.8  32.3
1931     341   351    83   132  1179.  2115.  8540. 11479. 22133.   .52  4.57  727.  3.05  -20.  139.  101.    225.   0.  14. 220.  6.80 115.3   6.5 -29.3   2.5 200.0 292.6    .0    .0  75.6  39.2  32.6

 MEANS over  30 years  :
        341.  352.   87.  127.  1294.  2282.  8693. 10474. 21448.   .49  4.82  675.  3.18  -21.  138.   81.    228.   7.  14. 213.  6.94 108.0   6.5 -23.0   2.5 200.0 289.9    .7    .0  74.0  38.9  32.4
 STANDARD DEVIATIONS  :
          0.    2.    3.    5.    87.   164.   535.   921.  1315.   .02   .37   50.   .07    8.   67.    8.     10.  14.   7.  55.   .53   2.7    .0  15.7   1.2    .0  14.9   1.6    .0   2.5    .1    .1
 VARIATION COEFFICIENTS (%)  : 
          .0    .7   3.6   3.7    6.7    7.2    6.2    8.8    6.1   4.6   7.6   7.5   2.3  39.1  48.4   9.5     4.2208.2 48.4 25.7   7.7   2.5    .3  68.1  48.4    .0   5.1 218.3    .0   3.4    .3    .3



*** RESULTS OF CROP GROWTH MODEL NWHEAT *** SUMMARY OF OUTPUT FOR WINTER WHEAT AND YIELD STATISTICS ***

Name of run: SCVW3, Station= CCV  , Soil=   1, Crop=   3, Organic M.=   1, Nsoil=   1, IRR=   0, Runof=  .10
 Sevil., UKTR scen.(Micha) dec.66-75, Var. change, wat-lim. prod.,CO2 617ppm     


YEAR     SOW EMERG  ANTH  HALT   WRT   WLV    WST   WGR    TAGB     HI  LAIM PARAB  RUE   DWAV RAIN  ESOIL   TRANS DRAIN RUNOF IRR  WUE MINOM MINFM DNTOT NRAIN NGIFT NUPT  NLEACH NIMMO  NUE  DNFM  NBIOM
1902     341   352    86   133  1128.  2009.  6803.   665.  9477.   .07  4.21  610.  1.55   89.   70.   56.     96.   0.   7.   0.  6.23  81.9   6.2 -49.8   1.3 200.0 237.3    .0    .0  39.9  37.4  31.1
1903     341   348    86   124  1185.  2118.  6867.  1649. 10634.   .16  4.46  585.  1.82   86.  101.   73.    104.   0.  10.   0.  6.01  81.9   6.2 -27.5   1.8 200.0 259.4    .0    .0  41.0  37.3  31.1
1904     341   352    87   128  1181.  2080.  8088.  8136. 18305.   .44  4.43  654.  2.80   90.  183.   62.    192.   0.  18.   0.  7.19  93.9   6.4 -31.6   3.3 200.0 269.1    .0    .0  68.0  38.2  31.8
1905     341   350    87   129  1358.  2423.  9000.  5125. 16548.   .31  5.17  697.  2.38   84.  167.   73.    161.   0.  17.   0.  7.08  94.4   6.4    .1   3.0 200.0 300.2    .0    .0  55.1  38.3  31.9
1906     341   351    88   124  1103.  1937.  7190.  1531. 10658.   .14  4.04  550.  1.94   88.  111.   73.    115.   0.  11.   0.  5.66  82.7   6.2 -44.6   2.0 200.0 243.5    .0    .0  43.8  37.4  31.2
1907     341   352    84   130  1084.  1926.  5295.   882.  8104.   .11  3.92  519.  1.56   81.  109.   86.     94.   0.  11.   0.  4.51  82.6   6.2 -55.4   2.0 200.0 233.0    .0    .0  34.8  37.4  31.2
1908     341   353    85   127  1263.  2220.  7335.  7557. 17111.   .44  4.64  605.  2.83   39.  254.   72.    196.   0.  25.   0.  6.38 100.4   6.4 -35.2   4.6 200.0 272.8    .0    .0  62.7  38.6  32.2
1909     341   350    84   128  1241.  2200.  7496.  1712. 11409.   .15  4.64  618.  1.85   91.  100.   60.    122.   0.  10.   0.  6.29  89.0   6.3 -18.5   1.8 200.0 275.8    .0    .0  41.4  37.9  31.6
1910     341   355    89   131  1390.  2488.  8929.  8991. 20409.   .44  5.33  719.  2.84   73.  223.   63.    211.   0.  22.   0.  7.46  93.9   6.4  13.4   4.0 200.0 314.1    .0    .0  65.0  38.2  31.9
1911     341   350    85   128  1198.  2144.  7029.   502.  9675.   .05  4.50  615.  1.57   93.   59.   52.     94.   0.   6.   0.  6.61  83.6   6.2 -38.0   1.1 200.0 250.3    .0    .0  38.7  37.5  31.2
1912     341   351    87   130  1225.  2188.  7296.  3869. 13354.   .29  4.68  644.  2.07   67.  134.   54.    134.   0.  13.   0.  7.12  84.7   6.3 -12.5   2.4 200.0 277.7    .0    .0  48.1  37.6  31.3
1913     341   352    83   125  1167.  2067.  8151.  6648. 16867.   .39  4.47  622.  2.71   86.  158.   66.    163.   0.  16.   0.  7.37  93.7   6.4 -36.1   2.9 200.0 264.2    .0    .0  63.9  38.2  31.9
1914     341   353    88   130  1271.  2286.  8067.  6482. 16835.   .39  4.83  689.  2.45   88.  172.   69.    174.   0.  17.   0.  6.94  90.9   6.3  -7.6   3.1 200.0 289.7    .0    .0  58.1  38.1  31.7
1915     341   356    84   122  1165.  2052.  8315.  3229. 13595.   .24  4.33  624.  2.18   90.  153.   79.    149.   0.  15.   0.  5.96  92.8   6.4 -42.2   2.8 200.0 256.9    .0    .0  52.9  38.2  31.8
1916     341   353    90   129  1243.  2208.  7993.  1019. 11220.   .09  4.66  588.  1.91   89.   73.   48.    107.   0.   7.   0.  7.26  83.5   6.2 -22.4   1.3 200.0 265.7    .0    .0  42.2  37.5  31.2
1917     341   356    92   137  1375.  2445.  9304.  9151. 20901.   .44  5.19  721.  2.90   85.  187.   74.    179.   0.  19.   0.  8.25  89.7   6.3  10.0   3.4 200.0 306.0    .0    .0  68.3  38.0  31.7
1918     341   354    96   128  1273.  2285.  8997.  1191. 12474.   .10  4.88  656.  1.90   89.   84.   53.    112.   0.   8.   0.  7.58  79.6   6.2 -12.9   1.5 200.0 270.8    .0    .0  46.1  37.2  31.0
1919     341   351    88   118  1334.  2360.  8554.  6808. 17722.   .38  4.95  600.  2.96   82.  284.   64.    218.  56.  28.   0.  6.28  96.8   6.4 -12.2   5.1 200.0 284.9   6.2    .0  62.2  38.4  32.0
1920     341   352    82   124  1013.  1759.  7244.  8384. 17387.   .48  3.67  574.  3.03   85.  178.   47.    198.   0.  18.   0.  7.10  89.7   6.3 -52.1   3.2 200.0 245.2    .0    .0  70.9  37.9  31.6
1921     341   352    88   136  1145.  2001.  8579.  6870. 17450.   .39  4.21  670.  2.60   86.  158.   72.    157.   0.  16.   0.  7.63  94.1   6.4 -17.9   2.8 200.0 283.4    .0    .0  61.6  38.2  31.9
1922     341   348    83   122  1048.  1862.  7856.  2107. 11825.   .18  4.01  582.  2.03   90.   72.   37.    118.   0.   7.   0.  7.63  83.2   6.2 -46.6   1.3 200.0 241.9    .0    .0  48.9  37.5  31.2
1923     341   359    86   129  1086.  1921.  7908.  7768. 17597.   .44  4.15  632.  2.78   76.  220.   73.    202.   0.  22.   0.  6.42  95.7   6.4 -33.4   4.0 200.0 270.4    .0    .0  65.1  38.3  31.9
1924     341   354    87   125  1264.  2209.  8642.  1611. 12461.   .13  4.67  601.  2.07   70.  148.   70.    133.   0.  15.   0.  6.14  89.5   6.3 -19.7   2.7 200.0 275.2    .0    .0  45.3  38.0  31.6
1925     341   350    84   119   975.  1742.  7593.  8099. 17433.   .46  3.76  543.  3.21   65.  225.   59.    208.   1.  22.   0.  6.54  92.2   6.3 -50.9   4.0 200.0 249.1    .1    .0  70.0  38.1  31.7
1926     341   351    91   131  1250.  2252.  6462.   549.  9263.   .06  4.63  635.  1.46   92.    3.   18.     76.   0.   0.   0.  9.79  74.0   6.1 -83.3    .1 200.0 196.0    .0    .0  47.3  36.4  30.3
1927     341   350    86   124  1233.  2261.  6129.   500.  8890.   .06  4.67  582.  1.53   87.   23.   31.     77.   0.   2.   0.  8.25  74.1   6.1 -77.8    .4 200.0 201.2    .0    .0  44.2  36.4  30.4
1928     341   352    87   121  1161.  2059.  8530.  3506. 14095.   .25  4.39  605.  2.33   82.  133.   52.    150.   0.  13.   0.  6.98  86.6   6.3 -32.9   2.4 200.0 259.3    .0    .0  54.4  37.7  31.5
1929     341   354    83   120  1070.  1913.  4472.   319.  6703.   .05  3.91  458.  1.46   94.   43.   56.     77.   0.   4.   0.  5.04  73.7   6.1 -94.9    .8 200.0 183.7    .0    .0  36.5  36.5  30.4
1930     341   352    92   131  1217.  2180.  8742.  7357. 18278.   .40  4.70  678.  2.70   64.  180.   46.    180.   0.  18.   0.  8.10  88.8   6.3  -8.5   3.2 200.0 286.7    .0    .0  63.7  37.9  31.6
1931     341   351    83   132  1120.  2018.  8329.  2800. 13148.   .21  4.39  652.  2.02   90.  139.   77.    139.   0.  14.   0.  6.10  95.8   6.4 -48.7   2.5 200.0 254.1    .0    .0  51.7  38.4  32.0

 MEANS over  30 years  :
        341.  352.   87.  127.  1192.  2121.  7707.  4167. 13994.   .26  4.48  618.  2.25   82.  138.   60.    144.   2.  14.   0.  6.86  87.8   6.3 -33.0   2.5 200.0 260.6    .2    .0  53.1  37.8  31.5
 STANDARD DEVIATIONS  :
          0.    2.    3.    5.   102.   189.  1096.  3101.  3844.   .15   .41   57.   .53   12.   67.   15.     44.  10.   7.   0.  1.02   7.0    .1  25.1   1.2    .0  29.7   1.1    .0  11.0    .6    .5
 VARIATION COEFFICIENTS (%)  : 
          .0    .7   3.6   3.7    8.6    8.9   14.2   74.4   27.5  58.9   9.1   9.2  23.5  14.0  48.4  24.4    30.1530.5 48.4   .0  14.9   7.9   1.5  76.1  48.4    .0  11.4 532.8    .0  20.7   1.5   1.5



*** RESULTS OF CROP GROWTH MODEL NWHEAT *** SUMMARY OF OUTPUT FOR WINTER WHEAT AND YIELD STATISTICS ***

Name of run: SBSP1, Station= BS   , Soil=   1, Crop=   1, Organic M.=   1, Nsoil=   1, IRR=   1, Runof=  .10
 Sevil., base line (Elaine), potential prod., CO2 353 ppm                        


YEAR     SOW EMERG  ANTH  HALT   WRT   WLV    WST   WGR    TAGB     HI  LAIM PARAB  RUE   DWAV RAIN  ESOIL   TRANS DRAIN RUNOF IRR  WUE MINOM MINFM DNTOT NRAIN NGIFT NUPT  NLEACH NIMMO  NUE  DNFM  NBIOM
1902     341   357   102   151  1099.  1940.  8153. 10715. 20808.   .51  4.51  828.  2.51  -20.  315.  114.    253.  96.  31. 200.  5.67 109.1   6.5 -29.2   5.7 200.0 278.5  11.4    .0  74.7  39.0  32.5
1903     341   352   101   143  1110.  1981.  7247.  9513. 18741.   .51  4.61  746.  2.51  -24.  307.  100.    268.  44.  31. 160.  5.09 107.9   6.5 -59.1   5.5 200.0 254.2   4.0    .0  73.7  38.9  32.4
1904     341   356   102   143  1237.  2180.  8257.  8608. 19045.   .45  5.02  766.  2.48  -16.  433.   96.    275. 112.  43. 110.  5.13 107.7   6.5 -32.0   7.8 200.0 274.6  12.4    .0  69.4  38.9  32.4
1905     341   351   105   150  1294.  2320.  8850. 10303. 21473.   .48  5.48  840.  2.56  -32.  325.   91.    259.  68.  32. 158.  6.13 106.6   6.5  -5.9   5.8 200.0 302.8   7.1    .0  70.9  38.9  32.4
1906     341   355   106   151  1211.  2168.  7816. 10174. 20159.   .50  5.07  765.  2.63  -33.  444.   90.    256. 111.  44.  90.  5.82 106.5   6.5 -28.4   8.0 200.0 276.7  13.0    .0  72.8  38.9  32.4
1907     341   353   102   147  1329.  2368.  8409. 10331. 21108.   .49  5.50  800.  2.64  -28.  359.   85.    266.  32.  36.  88.  6.01 109.0   6.5 -14.5   6.5 200.0 301.6   2.7    .0  70.0  39.0  32.5
1908     341   356    97   143  1079.  1900.  7548.  9696. 19144.   .51  4.37  726.  2.64  -25.  377.  112.    255. 127.  38. 180.  5.22 109.5   6.5 -45.1   6.8 200.0 259.7  15.6    .0  73.7  39.0  32.5
1909     341   352   103   142  1160.  2067.  7789.  8349. 18205.   .46  4.86  711.  2.56  -30.  317.   93.    265.  57.  32. 160.  5.08 104.1   6.5 -41.1   5.7 200.0 266.7   5.8    .0  68.3  38.8  32.3
1910     341   358   103   141  1208.  2115.  7978.  8367. 18460.   .45  4.82  706.  2.62  -15.  296.   91.    261.  34.  30. 135.  5.25 102.2   6.4 -33.0   5.3 200.0 274.6   3.1    .0  67.2  38.7  32.2
1911     341   354   101   137  1185.  2106.  7594.  8338. 18038.   .46  4.83  708.  2.55  -20.  323.   93.    272.  85.  32. 180.  4.94 102.8   6.5 -36.2   5.8 200.0 266.2   9.5    .0  67.8  38.7  32.3
1912     341   355   104   149  1024.  1831.  7076.  9110. 18017.   .51  4.27  750.  2.40  -25.  370.  110.    255. 134.  37. 190.  4.94 106.0   6.5 -56.2   6.7 200.0 244.0  16.8    .0  73.9  38.8  32.4
1913     341   352   104   149  1171.  2041.  7992.  9794. 19827.   .49  4.64  791.  2.51  -21.  355.  102.    249.  24.  35.  76.  5.65 109.2   6.5 -42.9   6.4 200.0 275.0   1.6    .0  72.1  39.0  32.5
1914     341   352    98   142  1267.  2242.  8053.  9973. 20268.   .49  5.21  803.  2.52  -32.  269.   90.    289.   2.  27. 170.  5.36 107.8   6.5 -30.4   4.8 200.0 285.4    .2    .0  71.0  38.9  32.4
1915     341   350    96   143  1204.  2127.  7753.  9999. 19879.   .50  4.89  809.  2.46  -30.  363.  100.    282.  38.  36. 124.  5.20 113.4   6.5 -45.8   6.5 200.0 274.8   3.1    .0  72.3  39.1  32.6
1916     341   356   106   146  1170.  2065.  8553.  9143. 19761.   .46  4.74  781.  2.53  -43.  269.   99.    254.  55.  27. 210.  5.58 103.2   6.5 -33.8   4.8 200.0 272.7   5.2    .0  72.5  38.7  32.3
1917     341   353   101   143  1155.  2039.  7693.  8917. 18649.   .48  4.74  700.  2.66  -39.  246.   96.    256.   0.  25. 169.  5.31 105.5   6.5 -43.7   4.4 200.0 269.9    .0    .0  69.1  38.8  32.4
1918     341   355   102   147  1100.  1927.  8089.  9235. 19251.   .48  4.38  764.  2.52  -22.  181.  110.    258.   0.  18. 227.  5.23 106.1   6.5 -43.0   3.3 200.0 270.4    .0    .0  71.2  38.8  32.4
1919     341   356    96   136  1044.  1846.  7297.  8251. 17394.   .47  4.29  698.  2.49  -42.  431.  106.    270. 178.  43. 209.  4.62 105.4   6.5 -39.1   7.8 200.0 244.4  33.7    .0  71.2  38.8  32.4
1920     341   351   102   145  1048.  1857.  7678.  9041. 18575.   .49  4.38  741.  2.51  -51.  500.   96.    246. 165.  50. 107.  5.43 107.3   6.5 -42.7   9.0 200.0 257.0  20.8    .0  72.3  38.9  32.4
1921     341   355   107   148  1098.  1964.  7787.  8792. 18543.   .47  4.61  723.  2.57  -26.  287.  101.    234.   0.  29. 102.  5.55 104.0   6.5 -48.5   5.2 200.0 264.5    .0    .0  70.1  38.8  32.3
1922     341   356   104   142  1127.  1971.  8274.  8110. 18355.   .44  4.56  729.  2.52  -33.  350.   94.    257.  71.  35. 140.  5.24 105.8   6.5 -48.2   6.3 200.0 260.1   7.4    .0  70.6  38.8  32.4
1923     341   358    99   138  1137.  2008.  7519.  8672. 18199.   .48  4.63  700.  2.60  -24.  472.   99.    274. 176.  47. 148.  4.88 106.4   6.5 -37.8   8.5 200.0 252.4  28.4    .0  72.1  38.9  32.4
1924     341   354   100   144  1169.  2043.  8063.  9215. 19322.   .48  4.68  744.  2.60  -41.  274.  103.    261.   0.  27. 158.  5.31 107.4   6.5 -36.7   4.9 200.0 279.4    .0    .0  69.2  38.9  32.4
1925     341   354    98   145  1109.  1978.  7663.  9477. 19118.   .50  4.54  762.  2.51  -23.  197.  103.    263.  12.  20. 223.  5.23 107.3   6.5 -52.3   3.5 200.0 261.6    .9    .0  73.1  38.9  32.4
1926     341   355   108   139  1212.  2129.  8258.  6827. 17214.   .40  4.79  682.  2.52  -41.  464.   89.    251. 131.  46.  95.  5.06 100.0   6.4 -28.6   8.3 200.0 266.9  15.4    .0  64.5  38.6  32.2
1927     341   353    99   141  1025.  1814.  7782.  8158. 17754.   .46  4.20  691.  2.57  -11.  231.  112.    242.  21.  23. 178.  5.02 104.4   6.5 -57.3   4.2 200.0 253.5   2.1    .0  70.0  38.8  32.3
1928     341   357   104   147  1258.  2211.  8034.  9950. 20195.   .49  5.02  808.  2.50  -27.  197.   96.    270.  13.  20. 229.  5.52 105.3   6.5 -23.7   3.5 200.0 287.6   1.0    .0  70.2  38.8  32.3
1929     341   351   106   143  1186.  2106.  8077.  8515. 18698.   .46  4.85  723.  2.59  -32.  390.   93.    250.  44.  39.  67.  5.46 102.7   6.5 -32.2   7.0 200.0 276.1   4.8    .0  67.7  38.7  32.3
1930     341   352   100   139  1226.  2171.  8281.  8679. 19131.   .45  5.01  759.  2.52  -20.  338.   93.    277.  71.  34. 158.  5.17 105.8   6.5 -19.2   6.1 200.0 288.7   7.3    .0  66.3  38.8  32.4
1931     341   351    96   136   970.  1706.  6535.  7100. 15340.   .46  3.87  583.  2.63  -25.  269.  110.    248.  60.  27. 200.  4.29 104.6   6.5 -73.0   4.8 200.0 232.4   8.4    .0  66.0  38.8  32.3

 MEANS over  30 years  :
        341.  354.  102.  144.  1154.  2041.  7870.  9045. 18956.   .48  4.71  745.  2.55  -28.  332.   99.    260.  65.  33. 155.  5.28 106.1   6.5 -38.7   6.0 200.0 269.1   8.1    .0  70.5  38.8  32.4
 STANDARD DEVIATIONS  :
          0.    2.    3.    4.    84.   151.   456.   906.  1234.   .02   .35   52.   .06    9.   83.    8.     12.  54.   8.  46.   .37   2.6    .0  13.6   1.5    .0  15.7   8.4    .0   2.5    .1    .1
 VARIATION COEFFICIENTS (%)  : 
          .0    .6   3.2   2.9    7.3    7.4    5.8   10.0    6.5   5.2   7.5   7.0   2.3  32.0  24.9   7.8     4.7 82.7 24.9 29.8   7.0   2.5    .3  35.3  24.9    .0   5.8 103.9    .0   3.6    .3    .3



*** RESULTS OF CROP GROWTH MODEL NWHEAT *** SUMMARY OF OUTPUT FOR WINTER WHEAT AND YIELD STATISTICS ***

Name of run: SBSW1, Station= BS   , Soil=   1, Crop=   1, Organic M.=   1, Nsoil=   1, IRR=   0, Runof=  .10
 Sevil., base line (Elaine), waterlim. prod., CO2 353 ppm                        


YEAR     SOW EMERG  ANTH  HALT   WRT   WLV    WST   WGR    TAGB     HI  LAIM PARAB  RUE   DWAV RAIN  ESOIL   TRANS DRAIN RUNOF IRR  WUE MINOM MINFM DNTOT NRAIN NGIFT NUPT  NLEACH NIMMO  NUE  DNFM  NBIOM
1902     341   357   102   151  1099.  1940.  8095.  7091. 17126.   .41  4.51  797.  2.15   91.  315.   94.    184.  96.  31.   0.  6.17  92.8   6.4 -19.3   5.7 200.0 272.0  11.4    .0  63.0  38.2  31.8
1903     341   352   101   143  1110.  1981.  7209.  8102. 17292.   .47  4.61  742.  2.33   89.  307.   85.    236.  44.  31.   0.  5.38  97.9   6.4 -56.4   5.5 200.0 246.9   4.0    .0  70.0  38.5  32.1
1904     341   356   102   143  1237.  2180.  8255.  8509. 18945.   .45  5.02  766.  2.47   77.  433.   82.    273. 112.  43.   0.  5.34 103.8   6.5 -24.3   7.8 200.0 278.3  12.4    .0  68.1  38.7  32.3
1905     341   351   105   150  1282.  2303.  8832.  9740. 20874.   .47  5.45  837.  2.49   82.  325.   81.    241.  51.  32.   0.  6.47  99.4   6.4  -2.8   5.8 200.0 300.9   5.1    .0  69.4  38.5  32.1
1906     341   355   106   151  1211.  2168.  7809.  9929. 19907.   .50  5.07  765.  2.60   53.  444.   89.    253. 111.  44.   0.  5.82 101.6   6.4 -20.5   8.0 200.0 279.6  13.0    .0  71.2  38.7  32.2
1907     341   353   102   147  1316.  2348.  8390. 10299. 21037.   .49  5.45  797.  2.64   52.  359.   85.    265.  24.  36.   0.  6.01 106.6   6.5 -12.1   6.5 200.0 302.2   2.0    .0  69.6  38.9  32.4
1908     341   356    97   143  1080.  1900.  7526.  8153. 17580.   .46  4.37  719.  2.44   92.  377.   85.    218. 127.  38.   0.  5.78  97.4   6.4 -39.5   6.8 200.0 253.2  15.6    .0  69.4  38.4  32.0
1909     341   352   103   142  1152.  2054.  7750.  6401. 16205.   .40  4.83  708.  2.29   78.  317.   86.    230.  47.  32.   0.  5.13  94.4   6.4 -30.9   5.7 200.0 268.2   4.8    .0  60.4  38.3  31.9
1910     341   358   103   141  1195.  2095.  7953.  6490. 16538.   .39  4.78  702.  2.35   73.  296.   90.    230.  19.  30.   0.  5.17  94.1   6.4 -24.8   5.3 200.0 276.2   1.6    .0  59.9  38.3  31.9
1911     341   354   101   137  1185.  2106.  7583.  4296. 13986.   .31  4.83  690.  2.03   86.  323.   88.    204.  85.  32.   0.  4.80  90.8   6.3 -30.1   5.8 200.0 260.2   9.5    .0  53.7  38.1  31.7
1912     341   355   104   149  1024.  1831.  7016.  6859. 15706.   .44  4.27  738.  2.13   91.  370.   86.    204. 134.  37.   0.  5.41  92.2   6.4 -48.7   6.7 200.0 237.7  16.8    .0  66.1  38.1  31.8
1913     341   352   104   149  1161.  2025.  7971.  9770. 19766.   .49  4.61  789.  2.51   36.  355.   89.    248.  19.  35.   0.  5.87 107.2   6.5 -40.8   6.4 200.0 275.4   1.2    .0  71.8  38.9  32.4
1914     341   352    98   142  1267.  2242.  8009.  5792. 16043.   .36  5.21  783.  2.05   80.  269.   94.    228.   0.  27.   0.  4.98  94.9   6.4 -21.7   4.8 200.0 281.4    .0    .0  57.0  38.3  31.9
1915     341   350    96   143  1202.  2123.  7747.  9979. 19848.   .50  4.88  809.  2.45   66.  363.   87.    282.  24.  36.   0.  5.38 109.2   6.5 -39.1   6.5 200.0 278.5   1.7    .0  71.3  39.0  32.5
1916     341   356   106   146  1170.  2065.  8507.  4821. 15393.   .31  4.74  762.  2.02   79.  269.   93.    173.  55.  27.   0.  5.79  87.6   6.3 -24.9   4.8 200.0 265.9   5.2    .0  57.9  37.8  31.5
1917     341   353   101   143  1123.  1988.  7594.  3116. 12698.   .25  4.63  670.  1.89   57.  246.  103.    176.   0.  25.   0.  4.55  92.2   6.4 -34.0   4.4 200.0 266.4    .0    .0  47.7  38.2  31.8
1918     341   355   102   147  1098.  1924.  8036.  4593. 14554.   .32  4.37  736.  1.98   91.  181.   80.    174.   0.  18.   0.  5.74  87.4   6.3 -31.9   3.3 200.0 262.7    .0    .0  55.4  37.8  31.5
1919     341   356    96   136  1035.  1831.  7270.  5721. 14822.   .39  4.26  680.  2.18   82.  431.   85.    215. 170.  43.   0.  4.94  94.7   6.4 -36.2   7.8 200.0 238.1  32.3    .0  62.2  38.3  31.9
1920     341   351   102   145  1038.  1841.  7653.  9000. 18493.   .49  4.34  739.  2.50   35.  500.   93.    244. 149.  50.   0.  5.49 101.3   6.4 -37.8   9.0 200.0 258.2  18.2    .0  71.6  38.6  32.2
1921     341   355   107   148  1098.  1964.  7785.  8757. 18505.   .47  4.61  723.  2.56   71.  287.   97.    233.   0.  29.   0.  5.62  99.2   6.4 -37.7   5.2 200.0 270.3    .0    .0  68.5  38.5  32.1
1922     341   356   104   142  1127.  1971.  8274.  7007. 17252.   .41  4.56  727.  2.37   74.  350.   85.    232.  71.  35.   0.  5.44  97.2   6.4 -42.1   6.3 200.0 257.7   7.4    .0  67.0  38.4  32.0
1923     341   358    99   138  1136.  2006.  7508.  7899. 17414.   .45  4.63  700.  2.49   82.  472.   90.    248. 168.  47.   0.  5.15  98.3   6.4 -35.2   8.5 200.0 249.0  26.4    .0  69.9  38.5  32.1
1924     341   354   100   144  1085.  1910.  7905.  7109. 16924.   .42  4.42  720.  2.35   70.  274.   98.    218.   0.  27.   0.  5.35  98.1   6.4 -39.8   4.9 200.0 267.3    .0    .0  63.3  38.5  32.1
1925     341   354    98   145  1103.  1968.  7613.  4074. 13655.   .30  4.51  723.  1.89   96.  197.   98.    173.   2.  20.   0.  5.04  88.1   6.3 -52.3   3.5 200.0 243.3    .2    .0  56.1  37.8  31.5
1926     341   355   108   139  1173.  2065.  8175.  6753. 16993.   .40  4.66  673.  2.52   27.  464.   90.    247. 108.  46.   0.  5.05  96.9   6.4 -32.3   8.3 200.0 263.3  12.4    .0  64.5  38.4  32.0
1927     341   353    99   141   968.  1719.  7612.  6816. 16147.   .42  4.00  672.  2.40   85.  231.   88.    205.   0.  23.   0.  5.51  91.5   6.3 -54.8   4.2 200.0 245.2    .0    .0  65.9  38.1  31.7
1928     341   357   104   147  1226.  2161.  7861.  5101. 15123.   .34  4.88  768.  1.97   89.  197.   90.    176.   0.  20.   0.  5.69  85.3   6.3 -16.1   3.5 200.0 276.2    .0    .0  54.8  37.7  31.4
1929     341   351   106   143  1182.  2099.  8070.  8507. 18677.   .46  4.84  722.  2.59   26.  390.   91.    249.  37.  39.   0.  5.48 101.1   6.4 -30.2   7.0 200.0 277.2   4.0    .0  67.4  38.6  32.2
1930     341   352   100   139  1221.  2163.  8274.  7474. 17910.   .42  5.00  755.  2.37   88.  338.   84.    251.  57.  34.   0.  5.34  97.9   6.4 -17.6   6.1 200.0 284.3   5.5    .0  63.0  38.5  32.1
1931     341   351    96   136   966.  1699.  6508.  3043. 11251.   .27  3.86  559.  2.01   88.  269.  101.    178.  50.  27.   0.  4.02  86.5   6.3 -65.5   4.8 200.0 223.3   7.1    .0  50.4  37.8  31.5

 MEANS over  30 years  :
        341.  354.  102.  144.  1142.  2022.  7826.  7040. 16889.   .41  4.67  732.  2.30   73.  332.   90.    223.  59.  33.   0.  5.40  96.2   6.4 -33.3   6.0 200.0 265.3   7.3    .0  63.5  38.3  32.0
 STANDARD DEVIATIONS  :
          0.    2.    3.    4.    85.   154.   457.  2027.  2314.   .07   .36   53.   .23   20.   83.    6.     31.  54.   8.   0.   .48   6.1    .1  13.7   1.5    .0  17.7   8.1    .0   6.7    .3    .3
 VARIATION COEFFICIENTS (%)  : 
          .0    .6   3.2   2.9    7.5    7.6    5.8   28.8   13.7  17.5   7.8   7.3  10.0  27.2  24.9   6.3    14.1 91.6 24.9   .0   8.9   6.3    .9  41.0  24.9    .0   6.7 111.6    .0  10.5    .9    .9



*** RESULTS OF CROP GROWTH MODEL NWHEAT *** SUMMARY OF OUTPUT FOR WINTER WHEAT AND YIELD STATISTICS ***

Name of run: S6VP1, Station= 6675V, Soil=   1, Crop=   1, Organic M.=   1, Nsoil=   1, IRR=   1, Runof=  .10
 Sevil., UKTR scen.(EL.normal) dec.66-75, Var. change, pot. prod., CO2 353 ppm   


YEAR     SOW EMERG  ANTH  HALT   WRT   WLV    WST   WGR    TAGB     HI  LAIM PARAB  RUE   DWAV RAIN  ESOIL   TRANS DRAIN RUNOF IRR  WUE MINOM MINFM DNTOT NRAIN NGIFT NUPT  NLEACH NIMMO  NUE  DNFM  NBIOM
1902     341   352    86   136  1142.  2003.  7176.  9637. 18816.   .51  4.51  779.  2.42  -23.  487.   88.    241. 215.  49. 128.  5.73 109.2   6.5 -16.6   8.8 200.0 258.0  47.5    .0  72.9  39.0  32.5
1903     341   350    88   124  1094.  1889.  6735.  7436. 16060.   .46  4.26  644.  2.49  -81.  655.   78.    241. 298.  66. 108.  5.02 104.2   6.5 -29.6  11.8 200.0 238.9  51.3    .0  67.2  38.8  32.3
1904     341   357    85   129   977.  1696.  6066.  7933. 15695.   .51  3.70  639.  2.46  -10.  486.  111.    230. 164.  49.  78.  4.61 105.8   6.5 -56.9   8.7 200.0 221.4  40.7    .0  70.9  38.8  32.4
1905     341   349    88   129  1210.  2108.  7494.  8298. 17899.   .46  4.73  742.  2.41  -24.  428.   70.    234. 144.  43.  88.  5.88 104.2   6.5 -31.7   7.7 200.0 265.1  18.4    .0  67.5  38.8  32.3
1906     341   355    94   131  1276.  2221.  8135.  8452. 18809.   .45  4.99  759.  2.48  -17.  208.   75.    246.  59.  21. 209.  5.87 105.0   6.5 -31.5   3.7 200.0 272.1   8.0    .0  69.1  38.8  32.3
1907     341   353    80   132   945.  1641.  6134.  8960. 16735.   .54  3.75  687.  2.43  -25.  585.  107.    230. 243.  58.  78.  4.97 114.1   6.5 -30.8  10.5 200.0 224.2  74.7    .0  74.6  39.1  32.6
1908     341   350    85   120  1150.  2034.  6666.  7512. 16212.   .46  4.67  641.  2.53  -14.  124.   76.    262.   0.  12. 240.  4.81 107.3   6.5 -61.9   2.2 200.0 250.7    .0    .0  64.7  38.9  32.4
1909     341   349    85   126  1230.  2169.  7466.  8539. 18174.   .47  4.98  698.  2.60  -20.  391.   77.    240. 114.  39.  99.  5.74 109.1   6.5 -31.9   7.0 200.0 274.8  12.8    .0  66.1  39.0  32.5
1910     341   355    87   123  1145.  2005.  6800.  7729. 16535.   .47  4.55  650.  2.54  -21.  130.   86.    259.   0.  13. 248.  4.80 104.5   6.5 -65.6   2.3 200.0 244.7    .0    .0  67.6  38.8  32.3
1911     341   350    86   122  1222.  2137.  6979.  7633. 16749.   .46  4.79  649.  2.58  -25.  386.   74.    254. 121.  39. 126.  5.11 106.0   6.5 -43.2   7.0 200.0 255.9  16.9    .0  65.5  38.8  32.4
1912     341   351    88   128  1166.  2022.  7470.  8305. 17798.   .47  4.60  710.  2.51  -29.  389.   82.    239.  36.  39.  36.  5.54 109.4   6.5 -58.4   7.0 200.0 257.8   3.8    .0  69.0  39.0  32.5
1913     341   353    86   135  1266.  2212.  7500. 10069. 19781.   .51  5.04  831.  2.38  -23.  405.   80.    251. 218.  40. 208.  5.98 109.9   6.5  -7.7   7.3 200.0 268.8  44.2    .0  73.6  39.0  32.5
1914     341   354    89   130  1254.  2213.  7973.  8660. 18846.   .46  5.02  773.  2.44  -35.  555.   75.    247. 223.  56.  80.  5.86 106.5   6.5 -18.0  10.0 200.0 272.3  29.5    .0  69.2  38.8  32.4
1915     341   353    81   117  1133.  1970.  6721.  7243. 15935.   .45  4.46  640.  2.49  -17.  206.   81.    264.  61.  21. 238.  4.62 107.7   6.5 -69.4   3.7 200.0 235.8   9.4    .0  67.6  38.9  32.4
1916     341   351    89   132  1107.  1922.  7116.  7955. 16993.   .47  4.33  670.  2.54  -23.  690.   79.    220. 338.  69.  39.  5.68 105.3   6.5   3.4  12.4 200.0 243.1  82.0    .0  69.9  38.8  32.3
1917     341   356    90   134  1195.  2092.  7380.  8656. 18128.   .48  4.80  694.  2.61  -29.  796.   79.    231. 399.  80.  20.  5.86 111.6   6.5   6.9  14.3 200.0 267.7  69.1    .0  67.7  39.0  32.5
1918     341   363    93   125  1089.  1920.  6826.  6697. 15444.   .43  4.18  627.  2.46  -15.  136.   70.    252.  31.  14. 247.  4.79  98.3   6.4 -57.4   2.4 200.0 241.9   4.5    .0  63.8  38.5  32.1
1919     341   352    87   118  1122.  1958.  7037.  6580. 15575.   .42  4.35  637.  2.45  -27.  320.   83.    259. 138.  32. 219.  4.56 103.4   6.5 -43.0   5.8 200.0 239.2  30.2    .0  65.1  38.7  32.3
1920     341   350    81   124  1105.  1930.  6515.  8172. 16618.   .49  4.30  658.  2.52  -37.  572.   85.    244. 257.  57. 109.  5.05 105.8   6.5  -8.1  10.3 200.0 242.0  70.0    .0  68.7  38.8  32.4
1921     341   353    90   134  1079.  1894.  7554.  8643. 18091.   .48  4.29  745.  2.43  -21.  256.   88.    226.  42.  26. 146.  5.76 105.9   6.5 -53.4   4.6 200.0 255.6   5.5    .0  70.8  38.8  32.4
1922     341   349    84   125  1202.  2084.  6864.  8216. 17164.   .48  4.68  672.  2.55  -54.  315.   79.    254.  75.  32. 179.  5.15 111.3   6.5 -43.4   5.7 200.0 258.8  18.4    .0  66.3  39.0  32.5
1923     341   358    88   130  1231.  2152.  7294.  8517. 17963.   .47  4.86  736.  2.44  -14.  385.   82.    251. 217.  38. 219.  5.38 108.2   6.5   2.3   6.9 200.0 263.9  57.0    .0  68.1  38.9  32.4
1924     341   354    86   126  1061.  1845.  6633.  7508. 15986.   .47  4.20  617.  2.59  -76.  744.   88.    237. 328.  74.  59.  4.91 107.0   6.5  -8.8  13.4 200.0 228.7  86.9    .0  69.9  38.9  32.4
1925     341   357    87   129  1065.  1873.  7017.  8463. 17353.   .49  4.29  689.  2.52  -46.  703.   87.    240. 360.  70. 100.  5.32 109.5   6.5 -14.2  12.6 200.0 245.0  67.2    .0  70.8  39.0  32.5
1926     341   353    91   131  1263.  2210.  7807.  8663. 18680.   .46  5.00  757.  2.47  -33.  435.   75.    244. 109.  43.  70.  5.86 107.1   6.5 -33.1   7.8 200.0 273.3  11.8    .0  68.4  38.9  32.4
1927     341   351    81   121  1085.  1882.  6551.  7740. 16172.   .48  4.32  637.  2.54  -78.  734.   87.    256. 387.  73. 147.  4.72 110.5   6.5  -4.4  13.2 200.0 230.0  93.3    .0  70.3  39.0  32.5
1928     341   353    86   121  1154.  2017.  6976.  6939. 15933.   .44  4.57  639.  2.49  -55.  862.   78.    254. 479.  86.  89.  4.80 106.6   6.5   7.2  15.5 200.0 239.2  93.3    .0  66.6  38.9  32.4
1929     341   351    85   128  1196.  2103.  7419.  8851. 18373.   .48  4.78  746.  2.46  -19.  307.   62.    246.  65.  31. 115.  5.98 105.4   6.5 -41.3   5.5 200.0 263.7   9.4    .0  69.7  38.8  32.3
1930     341   351    87   124  1192.  2124.  7268.  8193. 17586.   .47  4.87  722.  2.43  -20.   66.   71.    267.   0.   7. 298.  5.20 107.0   6.5 -52.4   1.2 200.0 259.1    .0    .0  67.9  38.9  32.4
1931     341   351    86   128  1157.  2033.  7624.  8767. 18424.   .48  4.65  747.  2.47  -25.  330.   74.    239.  79.  33. 120.  5.89 106.6   6.5 -44.8   5.9 200.0 263.5   7.8    .0  69.9  38.9  32.4

 MEANS over  30 years  :
        341.  353.   87.  127.  1150.  2012.  7107.  8166. 17284.   .47  4.55  695.  2.49  -31.  436.   81.    245. 173.  44. 138.  5.31 107.1   6.5 -31.3   7.9 200.0 251.8  35.5    .0  68.6  38.9  32.4
 STANDARD DEVIATIONS  :
          0.    3.    3.    5.    80.   144.   491.   771.  1167.   .02   .34   55.   .06   19.  213.   10.     12. 132.  21.  73.   .48   2.9    .0  22.8   3.8    .0  15.2  31.0    .0   2.5    .1    .1
 VARIATION COEFFICIENTS (%)  : 
          .0    .9   3.7   3.9    6.9    7.2    6.9    9.4    6.8   4.9   7.6   7.9   2.4  60.5  48.8  12.0     4.7 76.4 48.8 53.1   9.1   2.7    .3  72.9  48.8    .0   6.1  87.5    .0   3.6    .3    .3



*** RESULTS OF CROP GROWTH MODEL NWHEAT *** SUMMARY OF OUTPUT FOR WINTER WHEAT AND YIELD STATISTICS ***

Name of run: S6VW1, Station= 6675V, Soil=   1, Crop=   1, Organic M.=   1, Nsoil=   1, IRR=   0, Runof=  .10
 Sevil., UKTR scen.(El.normal) dec.66-75, Var. change, wat-lim. prod.,CO2 353ppm 


YEAR     SOW EMERG  ANTH  HALT   WRT   WLV    WST   WGR    TAGB     HI  LAIM PARAB  RUE   DWAV RAIN  ESOIL   TRANS DRAIN RUNOF IRR  WUE MINOM MINFM DNTOT NRAIN NGIFT NUPT  NLEACH NIMMO  NUE  DNFM  NBIOM
1902     341   352    86   136  1017.  1797.  6978.  9374. 18148.   .52  4.13  751.  2.42    7.  487.   63.    229. 154.  49.   0.  6.22 102.8   6.4 -35.3   8.8 200.0 245.9  35.1    .0  73.8  38.6  32.2
1903     341   350    88   124  1070.  1853.  6700.  7383. 15936.   .46  4.19  639.  2.49  -55.  655.   72.    239. 224.  66.   0.  5.12  99.7   6.4 -42.8  11.8 200.0 237.0  35.5    .0  67.2  38.5  32.1
1904     341   357    85   129   873.  1527.  5860.  7621. 15007.   .51  3.41  614.  2.44    0.  486.  100.    218. 120.  49.   0.  4.72 103.2   6.4 -80.4   8.7 200.0 207.7  28.8    .0  72.2  38.7  32.2
1905     341   349    88   129  1121.  1968.  7365.  8108. 17441.   .46  4.48  722.  2.41    3.  428.   55.    226. 106.  43.   0.  6.20 101.8   6.4 -43.8   7.7 200.0 255.8  13.6    .0  68.2  38.6  32.2
1906     341   355    94   131  1232.  2153.  8076.  5475. 15703.   .35  4.87  738.  2.13   89.  208.   54.    196.  27.  21.   0.  6.29  89.3   6.3 -30.7   3.7 200.0 262.7   2.7    .0  59.8  37.9  31.6
1907     341   353    80   132   908.  1584.  6067.  8837. 16488.   .54  3.64  678.  2.43   10.  585.   89.    225. 222.  58.   0.  5.24 109.2   6.5 -35.6  10.5 200.0 220.6  68.7    .0  74.8  38.9  32.5
1908     341   350    85   120  1149.  2034.  6294.   675.  9003.   .07  4.64  596.  1.51   92.  124.   62.    141.   0.  12.   0.  4.43  88.2   6.3 -56.7   2.2 200.0 236.7    .0    .0  38.0  37.9  31.5
1909     341   349    85   126  1149.  2042.  7383.  8408. 17834.   .47  4.77  684.  2.61   46.  391.   69.    233.  96.  39.   0.  5.91 105.5   6.5 -37.9   7.0 200.0 266.9  11.4    .0  66.8  38.8  32.3
1910     341   355    87   123   989.  1750.  6431.  2001. 10182.   .20  4.02  595.  1.71   88.  130.   50.    156.   0.  13.   0.  4.95  81.8   6.2 -67.9   2.3 200.0 220.2    .0    .0  46.2  37.3  31.1
1911     341   350    86   122  1207.  2114.  6962.  7607. 16683.   .46  4.75  646.  2.58   65.  386.   64.    253.  96.  39.   0.  5.27  99.8   6.4 -41.4   7.0 200.0 255.8  12.7    .0  65.2  38.6  32.1
1912     341   351    88   128  1156.  2007.  7458.  8289. 17754.   .47  4.57  708.  2.51    0.  389.   82.    239.  30.  39.   0.  5.54 108.0   6.5 -57.5   7.0 200.0 257.6   3.5    .0  68.9  38.9  32.4
1913     341   353    86   135  1054.  1891.  7979.  8093. 17963.   .45  4.22  747.  2.40  -21.  405.   49.    189. 105.  40.   0.  7.55  92.0   6.3 -67.7   7.3 200.0 212.4  23.5    .0  84.6  38.0  31.7
1914     341   354    89   130  1254.  2213.  7973.  8660. 18846.   .46  5.02  773.  2.44    7.  555.   72.    247. 188.  56.   0.  5.92 104.1   6.5 -19.0  10.0 200.0 272.7  25.7    .0  69.1  38.7  32.3
1915     341   353    81   117  1081.  1887.  6645.  5599. 14130.   .40  4.30  625.  2.26   87.  206.   49.    220.   3.  21.   0.  5.25  88.7   6.3 -72.1   3.7 200.0 223.5    .3    .0  63.2  37.9  31.6
1916     341   351    89   132  1049.  1827.  6990.  7768. 16586.   .47  4.12  655.  2.53  -16.  690.   74.    214. 317.  69.   0.  5.76 101.0   6.4  -2.3  12.4 200.0 235.3  80.1    .0  70.5  38.6  32.2
1917     341   356    90   134  1195.  2092.  7380.  8656. 18128.   .48  4.80  694.  2.61  -10.  796.   78.    231. 399.  80.   0.  5.88 111.1   6.5   7.5  14.3 200.0 267.8  69.1    .0  67.7  39.0  32.5
1918     341   363    93   125  1081.  1907.  6754.  2144. 10804.   .20  4.16  597.  1.81   88.  136.   36.    159.  15.  14.   0.  5.55  80.8   6.2 -51.1   2.4 200.0 233.7   1.7    .0  46.2  37.2  31.0
1919     341   352    87   118  1065.  1869.  6955.  4164. 12988.   .32  4.20  616.  2.11   87.  320.   53.    197. 124.  32.   0.  5.19  89.2   6.3 -43.8   5.8 200.0 225.9  28.7    .0  57.5  37.9  31.6
1920     341   350    81   124   988.  1743.  6334.  7889. 15966.   .49  3.98  635.  2.51  -38.  572.   66.    232. 178.  57.   0.  5.36 100.5   6.4 -31.4  10.3 200.0 226.7  57.2    .0  70.4  38.6  32.1
1921     341   353    90   134  1065.  1871.  7524.  7437. 16832.   .44  4.24  738.  2.28   72.  256.   75.    201.  27.  26.   0.  6.11  92.7   6.4 -43.3   4.6 200.0 254.6   3.4    .0  66.1  38.1  31.8
1922     341   349    84   125  1120.  1955.  6619.  2842. 11416.   .25  4.43  635.  1.80  -28.  315.   81.    174.   0.  32.   0.  4.46  96.2   6.4 -57.3   5.7 200.0 248.5    .0    .0  45.9  38.4  32.0
1923     341   358    88   130  1204.  2114.  5983.  4728. 12826.   .37  4.72  697.  1.84  -19.  385.   65.    167.  96.  38.   0.  5.53  92.0   6.3 -30.3   6.9 200.0 254.4  17.2    .0  50.4  38.1  31.7
1924     341   354    86   126   920.  1613.  6322.  7037. 14971.   .47  3.72  582.  2.57  -76.  744.   89.    220. 285.  74.   0.  4.85 103.9   6.5 -27.9  13.4 200.0 209.3  84.8    .0  71.5  38.7  32.3
1925     341   357    87   129  1065.  1873.  7017.  8462. 17353.   .49  4.29  689.  2.52  -46.  703.   82.    240. 265.  70.   0.  5.40 105.8   6.5 -35.3  12.6 200.0 246.0  41.4    .0  70.6  38.8  32.3
1926     341   353    91   131  1263.  2210.  7807.  8662. 18679.   .46  5.00  757.  2.47   36.  435.   74.    244. 109.  43.   0.  5.88 102.7   6.5 -27.4   7.8 200.0 274.5  11.8    .0  68.1  38.7  32.3
1927     341   351    81   121  1069.  1857.  6528.  7037. 15422.   .46  4.27  633.  2.44   26.  734.   72.    243. 371.  73.   0.  4.89 103.0   6.5    .4  13.2 200.0 227.6  93.0    .0  67.8  38.7  32.3
1928     341   353    86   121  1080.  1901.  6872.  6826. 15599.   .44  4.37  625.  2.49  -55.  862.   75.    247. 399.  86.   0.  4.83 103.0   6.5  -7.3  15.5 200.0 231.3  83.4    .0  67.4  38.7  32.3
1929     341   351    85   128  1180.  2079.  7391.  8611. 18080.   .48  4.74  743.  2.43   27.  307.   60.    241.   1.  31.   0.  5.99  98.8   6.4 -44.0   5.5 200.0 263.8    .1    .0  68.5  38.5  32.1
1930     341   351    87   124  1116.  2008.  5720.   441.  8169.   .05  4.52  629.  1.30   90.   66.   38.    111.   0.   7.   0.  5.46  84.5   6.3 -68.0   1.2 200.0 221.1    .0    .0  36.9  37.5  31.3
1931     341   351    86   128  1157.  2033.  7624.  8682. 18338.   .47  4.65  747.  2.45   77.  330.   58.    237.  79.  33.   0.  6.22 100.7   6.4 -38.1   5.9 200.0 264.3   7.8    .0  69.4  38.6  32.2

 MEANS over  30 years  :
        341.  353.   87.  127.  1096.  1926.  6933.  6584. 15442.   .40  4.37  673.  2.28   21.  436.   67.    212. 135.  44.   0.  5.53  98.0   6.4 -39.6   7.9 200.0 242.0  28.0    .0  63.8  38.4  32.0
 STANDARD DEVIATIONS  :
          0.    3.    3.    5.    97.   171.   639.  2547.  2934.   .12   .39   57.   .34   51.  213.   15.     35. 123.  21.   0.   .64   8.0    .1  21.2   3.8    .0  19.6  29.7    .0  11.1    .5    .4
 VARIATION COEFFICIENTS (%)  : 
          .0    .9   3.7   3.9    8.8    8.9    9.2   38.7   19.0  30.7   8.8   8.5  15.0 243.6  48.8  22.1    16.7 91.6 48.8   .0  11.6   8.2   1.2  53.6  48.8    .0   8.1 105.9    .0  17.4   1.2   1.2



*** RESULTS OF CROP GROWTH MODEL NWHEAT *** SUMMARY OF OUTPUT FOR WINTER WHEAT AND YIELD STATISTICS ***

Name of run: S6VP3, Station= 6675V, Soil=   1, Crop=   3, Organic M.=   1, Nsoil=   1, IRR=   1, Runof=  .10
 Sevil., UKTR scen.(El.normal) dec.66-75, Var. change, pot. prod., CO2 617 ppm   


YEAR     SOW EMERG  ANTH  HALT   WRT   WLV    WST   WGR    TAGB     HI  LAIM PARAB  RUE   DWAV RAIN  ESOIL   TRANS DRAIN RUNOF IRR  WUE MINOM MINFM DNTOT NRAIN NGIFT NUPT  NLEACH NIMMO  NUE  DNFM  NBIOM
1902     341   352    86   136  1330.  2350.  9382. 11897. 23629.   .50  4.91  790.  2.99  -29.  487.   81.    231. 225.  49. 128.  7.57 109.2   6.5  14.9   8.8 200.0 302.8  33.6    .0  78.0  39.0  32.5
1903     341   350    88   124  1263.  2204.  8222.  9730. 20155.   .48  4.61  650.  3.10  -81.  655.   75.    230. 313.  66. 109.  6.60 104.3   6.5   3.4  11.8 200.0 275.0  47.5    .0  73.3  38.8  32.3
1904     341   357    85   129  1176.  2064.  7685. 10590. 20339.   .52  4.19  663.  3.07  -16.  486.  101.    224. 174.  49.  78.  6.26 106.5   6.5 -17.7   8.7 200.0 268.1  33.3    .0  75.9  38.9  32.4
1905     341   349    88   129  1400.  2458.  8968. 10878. 22305.   .49  5.11  749.  2.98  -21.  428.   64.    224. 144.  43.  68.  7.74 104.2   6.5   2.4   7.7 200.0 304.1  12.8    .0  73.4  38.8  32.3
1906     341   355    94   131  1472.  2588.  9722. 10969. 23280.   .47  5.38  766.  3.04  -19.  208.   69.    236.  62.  21. 199.  7.64 104.7   6.5  11.0   3.7 200.0 313.1   8.4    .0  74.4  38.8  32.3
1907     341   353    80   132  1142.  1998.  8273. 11027. 21297.   .52  4.21  711.  3.00  -23.  585.   97.    223. 251.  58.  68.  6.65 113.9   6.5   8.2  10.5 200.0 266.7  70.3    .0  79.8  39.1  32.6
1908     341   350    85   120  1329.  2373.  8196.  9781. 20350.   .48  5.05  645.  3.15  -20.  124.   71.    250.   0.  12. 230.  6.33 107.4   6.5 -22.7   2.2 200.0 289.3    .0    .0  70.3  38.9  32.4
1909     341   349    85   126  1437.  2551.  9098. 11022. 22670.   .49  5.40  705.  3.22  -10.  391.   72.    230. 118.  39.  79.  7.51 109.3   6.5  12.5   7.0 200.0 319.3  12.1    .0  71.0  39.0  32.5
1910     341   355    87   123  1381.  2441.  8512. 10179. 21132.   .48  5.11  665.  3.18  -16.  130.   77.    252.   0.  13. 228.  6.41 104.6   6.5 -18.6   2.3 200.0 290.7    .0    .0  72.7  38.8  32.3
1911     341   350    86   122  1426.  2515.  8517.  9902. 20934.   .47  5.23  657.  3.19  -23.  386.   68.    245. 128.  39. 116.  6.69 106.2   6.5  -3.6   7.0 200.0 297.5  14.3    .0  70.4  38.9  32.4
1912     341   351    88   128  1361.  2377.  9168. 10662. 22207.   .48  5.00  720.  3.09  -36.  389.   76.    230.  44.  39.  36.  7.26 109.7   6.5 -19.6   7.0 200.0 296.9   3.1    .0  74.8  39.0  32.5
1913     341   353    86   135  1496.  2638.  9561. 12406. 24605.   .50  5.55  844.  2.92  -26.  405.   75.    242. 219.  40. 198.  7.76 109.9   6.5  17.7   7.3 200.0 315.6  22.0    .0  78.0  39.0  32.5
1914     341   354    89   130  1469.  2616.  9647. 11197. 23460.   .48  5.50  783.  3.00  -31.  555.   69.    238. 222.  56.  60.  7.66 106.5   6.5  25.0  10.0 200.0 317.0  26.9    .0  74.0  38.9  32.4
1915     341   353    81   117  1350.  2365.  8409.  9540. 20314.   .47  4.94  651.  3.12  -18.  206.   74.    255.  66.  21. 228.  6.17 107.6   6.5 -26.9   3.7 200.0 277.7   8.8    .0  73.1  38.9  32.4
1916     341   351    89   132  1298.  2276.  8572. 10333. 21180.   .49  4.75  684.  3.10  -17.  690.   74.    212. 349.  69.  29.  7.42 105.8   6.5  21.8  12.4 200.0 285.4  57.9    .0  74.2  38.8  32.4
1917     341   356    90   134  1405.  2479.  8993. 11050. 22522.   .49  5.26  705.  3.20  -34.  796.   72.    222. 408.  80.  20.  7.65 111.8   6.5  31.0  14.3 200.0 312.5  47.7    .0  72.1  39.0  32.5
1918     341   363    93   125  1297.  2305.  8687.  9034. 20026.   .45  4.68  643.  3.12  -17.  136.   63.    246.  31.  14. 236.  6.47  98.3   6.4 -10.0   2.4 200.0 288.2   4.6    .0  69.5  38.5  32.1
1919     341   352    87   118  1321.  2326.  8733.  8934. 19993.   .45  4.81  647.  3.09  -29.  320.   76.    250. 141.  32. 209.  6.13 103.7   6.5  -3.0   5.8 200.0 280.0  28.7    .0  71.4  38.8  32.3
1920     341   350    81   124  1321.  2329.  8127. 10723. 21179.   .51  4.81  673.  3.15  -38.  572.   79.    236. 271.  57. 110.  6.71 106.0   6.5  16.6  10.3 200.0 290.3  45.8    .0  73.0  38.8  32.4
1921     341   353    90   134  1255.  2219.  9140. 11134. 22494.   .50  4.66  757.  2.97  -22.  256.   84.    216.  45.  26. 136.  7.51 105.9   6.5 -12.9   4.6 200.0 295.1   5.8    .0  76.2  38.8  32.4
1922     341   349    84   125  1410.  2465.  8406. 10601. 21472.   .49  5.12  681.  3.15  -56.  315.   74.    244.  79.  32. 169.  6.75 111.3   6.5  -6.6   5.7 200.0 301.7  11.6    .0  71.2  39.0  32.5
1923     341   358    88   130  1433.  2527.  8849. 11094. 22469.   .49  5.28  746.  3.01  -17.  385.   78.    241. 219.  38. 208.  7.05 108.6   6.5  24.1   6.9 200.0 306.9  35.4    .0  73.2  38.9  32.5
1924     341   354    86   126  1244.  2181.  8194.  9865. 20240.   .49  4.60  626.  3.23  -76.  744.   82.    228. 333.  74.  49.  6.53 107.1   6.5  11.3  13.4 200.0 269.6  65.5    .0  75.1  38.9  32.4
1925     341   357    87   129  1281.  2272.  8798. 11013. 22083.   .50  4.82  706.  3.13  -49.  703.   80.    233. 362.  70.  90.  7.07 109.3   6.5  20.7  12.6 200.0 294.2  51.9    .0  75.1  39.0  32.5
1926     341   353    91   131  1467.  2590.  9491. 11147. 23228.   .48  5.44  765.  3.04  -33.  435.   70.    235. 114.  43.  60.  7.64 107.3   6.5  11.2   7.8 200.0 316.8  11.9    .0  73.3  38.9  32.4
1927     341   351    81   121  1287.  2247.  8112. 10245. 20604.   .50  4.76  649.  3.17  -69.  734.   80.    247. 392.  73. 127.  6.31 110.7   6.5  23.1  13.2 200.0 272.1  78.1    .0  75.7  39.0  32.5
1928     341   353    86   121  1365.  2407.  8671.  9173. 20252.   .45  5.06  649.  3.12  -56.  862.   71.    246. 481.  86.  79.  6.38 106.9   6.5  29.1  15.5 200.0 283.1  70.7    .0  71.5  38.9  32.4
1929     341   351    85   128  1421.  2518.  9137. 11530. 23186.   .50  5.30  759.  3.05  -21.  307.   58.    238.  65.  31. 105.  7.85 105.7   6.5   2.1   5.5 200.0 310.6   5.4    .0  74.7  38.8  32.3
1930     341   351    87   124  1389.  2491.  9121. 10463. 22075.   .47  5.28  729.  3.03  -27.   66.   65.    257.   0.   7. 289.  6.87 106.8   6.5 -11.1   1.2 200.0 299.4    .0    .0  73.7  38.9  32.4
1931     341   351    86   128  1365.  2420.  9280. 11432. 23131.   .49  5.13  760.  3.04  -25.  330.   68.    230.  84.  33. 110.  7.77 107.1   6.5  -1.8   5.9 200.0 306.3   7.8    .0  75.5  38.9  32.4

 MEANS over  30 years  :
        341.  353.   87.  127.  1353.  2386.  8789. 10585. 21760.   .49  5.00  706.  3.09  -32.  436.   75.    236. 178.  44. 128.  7.01 107.2   6.5   4.4   7.9 200.0 294.9  27.4    .0  73.8  38.9  32.4
 STANDARD DEVIATIONS  :
          0.    3.    3.    5.    86.   156.   513.   814.  1275.   .02   .34   55.   .08   18.  213.    9.     11. 134.  21.  72.   .57   2.9    .0  16.4   3.8    .0  15.6  23.9    .0   2.4    .1    .1
 VARIATION COEFFICIENTS (%)  : 
          .0    .9   3.7   3.9    6.3    6.6    5.8    7.7    5.9   3.5   6.9   7.8   2.6  57.3  48.8  11.7     4.8 75.3 48.8 56.1   8.2   2.7    .3 373.8  48.8    .0   5.3  87.1    .0   3.2    .3    .3



*** RESULTS OF CROP GROWTH MODEL NWHEAT *** SUMMARY OF OUTPUT FOR WINTER WHEAT AND YIELD STATISTICS ***

Name of run: S6VW3, Station= 6675V, Soil=   1, Crop=   3, Organic M.=   1, Nsoil=   1, IRR=   0, Runof=  .10
 Sevil., UKTR scen.(El.normal) dec.66-75, Var. change, wat-lim. prod.,CO2 617ppm 


YEAR     SOW EMERG  ANTH  HALT   WRT   WLV    WST   WGR    TAGB     HI  LAIM PARAB  RUE   DWAV RAIN  ESOIL   TRANS DRAIN RUNOF IRR  WUE MINOM MINFM DNTOT NRAIN NGIFT NUPT  NLEACH NIMMO  NUE  DNFM  NBIOM
1902     341   352    86   136  1194.  2125.  9290. 11464. 22879.   .50  4.52  764.  3.00    4.  487.   60.    219. 164.  49.   0.  8.19 103.3   6.4   -.8   8.8 200.0 288.5  26.8    .0  79.3  38.7  32.2
1903     341   350    88   124  1240.  2167.  8194.  9688. 20050.   .48  4.55  646.  3.10  -63.  655.   71.    228. 228.  66.   0.  6.70 100.2   6.4  -6.5  11.8 200.0 272.9  35.7    .0  73.5  38.6  32.1
1904     341   357    85   129  1063.  1880.  7479. 10256. 19615.   .52  3.89  641.  3.06   -3.  486.   92.    213. 129.  49.   0.  6.43 104.1   6.5 -39.0   8.7 200.0 253.5  24.6    .0  77.4  38.7  32.3
1905     341   349    88   129  1309.  2314.  8854. 10697. 21865.   .49  4.87  733.  2.98    0.  428.   52.    217. 116.  43.   0.  8.12 102.3   6.4  -7.5   7.7 200.0 294.5  11.1    .0  74.2  38.6  32.2
1906     341   355    94   131  1427.  2514.  9587.  7561. 19661.   .38  5.26  750.  2.62   89.  208.   53.    194.  29.  21.   0.  7.95  89.9   6.3  12.7   3.7 200.0 305.7   2.9    .0  64.3  38.0  31.6
1907     341   353    80   132  1109.  1948.  8222. 10935. 21106.   .52  4.13  705.  2.99    8.  585.   84.    220. 231.  58.   0.  6.94 109.8   6.5   3.5  10.5 200.0 263.7  64.6    .0  80.0  39.0  32.5
1908     341   350    85   120  1329.  2373.  7931.  1091. 11395.   .10  5.03  608.  1.87   91.  124.   61.    141.   0.  12.   0.  5.63  88.7   6.3 -19.6   2.2 200.0 273.7    .0    .0  41.6  37.9  31.6
1909     341   349    85   126  1353.  2418.  9018. 10898. 22334.   .49  5.20  692.  3.23   37.  391.   65.    224. 100.  39.   0.  7.73 105.9   6.5   5.1   7.0 200.0 310.4  10.6    .0  72.0  38.8  32.4
1910     341   355    87   123  1217.  2170.  8145.  3221. 13536.   .24  4.62  619.  2.19   88.  130.   46.    159.   0.  13.   0.  6.60  82.7   6.2 -20.0   2.3 200.0 268.0    .0    .0  50.5  37.4  31.2
1911     341   350    86   122  1410.  2490.  8500.  9878. 20867.   .47  5.19  654.  3.19   60.  386.   61.    243. 103.  39.   0.  6.84 100.4   6.4  -2.1   7.0 200.0 296.5  10.9    .0  70.4  38.6  32.2
1912     341   351    88   128  1350.  2361.  9155. 10644. 22159.   .48  4.97  718.  3.09   -6.  389.   76.    229.  39.  39.   0.  7.26 108.6   6.5 -19.4   7.0 200.0 296.2   2.9    .0  74.8  38.9  32.4
1913     341   353    86   135  1279.  2361.  8885.  9832. 21077.   .47  4.75  778.  2.71  -22.  405.   45.    189. 109.  40.   0.  9.04  92.6   6.3 -34.8   7.3 200.0 249.8  18.5    .0  84.4  38.1  31.7
1914     341   354    89   130  1469.  2616.  9647. 11197. 23460.   .48  5.50  783.  3.00   -3.  555.   67.    238. 192.  56.   0.  7.70 104.7   6.5  25.9  10.0 200.0 317.1  25.9    .0  74.0  38.8  32.3
1915     341   353    81   117  1296.  2278.  8261.  7497. 18036.   .42  4.79  638.  2.83   86.  206.   46.    218.   7.  21.   0.  6.82  89.7   6.3 -27.9   3.7 200.0 267.3    .5    .0  67.5  38.0  31.7
1916     341   351    89   132  1235.  2173.  8450. 10141. 20764.   .49  4.55  671.  3.10  -18.  690.   71.    205. 327.  69.   0.  7.51 101.5   6.4  16.8  12.4 200.0 276.9  57.3    .0  75.0  38.6  32.2
1917     341   356    90   134  1405.  2479.  8993. 11050. 22522.   .49  5.26  705.  3.20  -14.  796.   72.    222. 408.  80.   0.  7.66 111.5   6.5  31.3  14.3 200.0 312.6  47.7    .0  72.1  39.0  32.5
1918     341   363    93   125  1289.  2291.  8399.  3062. 13753.   .22  4.66  615.  2.23   87.  136.   36.    158.  15.  14.   0.  7.09  81.2   6.2  -3.5   2.4 200.0 280.5   1.8    .0  49.0  37.2  31.0
1919     341   352    87   118  1262.  2233.  8619.  5803. 16655.   .35  4.66  630.  2.65   87.  320.   52.    195. 128.  32.   0.  6.75  89.7   6.3   -.9   5.8 200.0 269.7  27.3    .0  61.7  37.9  31.6
1920     341   350    81   124  1195.  2124.  7957. 10461. 20541.   .51  4.48  653.  3.15  -39.  572.   60.    225. 190.  57.   0.  7.19 101.2   6.4   -.7  10.3 200.0 274.3  40.2    .0  74.9  38.6  32.2
1921     341   353    90   134  1242.  2197.  9083.  9917. 21197.   .47  4.62  754.  2.81   70.  256.   73.    198.  30.  26.   0.  7.83  93.5   6.4  -3.4   4.6 200.0 294.3   3.7    .0  72.0  38.2  31.8
1922     341   349    84   125  1331.  2340.  8253.  4373. 14966.   .29  4.91  655.  2.28  -33.  315.   75.    176.   0.  32.   0.  5.97  97.2   6.4 -13.6   5.7 200.0 292.4    .0    .0  51.2  38.4  32.0
1923     341   358    88   130  1408.  2490.  7817.  6137. 16444.   .37  5.13  719.  2.29  -19.  385.   62.    168.  97.  38.   0.  7.14  93.0   6.4   8.9   6.9 200.0 300.3  11.0    .0  54.8  38.2  31.8
1924     341   354    86   126  1093.  1930.  7892.  9400. 19222.   .49  4.13  595.  3.23  -76.  744.   82.    212. 299.  74.   0.  6.54 104.2   6.5  -3.8  13.4 200.0 249.2  68.6    .0  77.1  38.8  32.3
1925     341   357    87   129  1281.  2272.  8798. 11013. 22083.   .50  4.82  706.  3.13  -49.  703.   78.    233. 274.  70.   0.  7.12 106.4   6.5  11.1  12.6 200.0 294.6  39.0    .0  75.0  38.8  32.4
1926     341   353    91   131  1467.  2590.  9491. 11147. 23228.   .48  5.44  765.  3.04   27.  435.   69.    235. 114.  43.   0.  7.65 103.4   6.5  15.4   7.8 200.0 317.1  11.9    .0  73.3  38.7  32.3
1927     341   351    81   121  1269.  2220.  8087.  9760. 20068.   .49  4.71  646.  3.11   24.  734.   69.    240. 376.  73.   0.  6.50 104.0   6.5  27.9  13.2 200.0 270.5  77.8    .0  74.2  38.8  32.3
1928     341   353    86   121  1288.  2284.  8559.  9055. 19898.   .46  4.86  637.  3.12  -56.  862.   70.    240. 411.  86.   0.  6.44 103.4   6.5  21.8  15.5 200.0 273.9  69.5    .0  72.7  38.7  32.3
1929     341   351    85   128  1402.  2489.  9110. 11430. 23028.   .50  5.25  756.  3.05   18.  307.   57.    235.   2.  31.   0.  7.87 100.2   6.4   1.1   5.5 200.0 309.4    .1    .0  74.4  38.6  32.1
1930     341   351    87   124  1317.  2379.  7425.   647. 10451.   .06  4.97  649.  1.61   90.   66.   38.    112.   0.   7.   0.  6.99  85.1   6.3 -26.7   1.2 200.0 262.3    .0    .0  39.8  37.6  31.3
1931     341   351    86   128  1365.  2420.  9280. 11412. 23111.   .49  5.13  760.  3.04   72.  330.   55.    230.  84.  33.   0.  8.10 101.9   6.4   4.3   5.9 200.0 307.0   7.8    .0  75.3  38.6  32.2

 MEANS over  30 years  :
        341.  353.   87.  127.  1296.  2298.  8579.  8656. 19532.   .42  4.83  688.  2.83   18.  436.   63.    207. 140.  44.   0.  7.21  98.7   6.4  -1.5   7.9 200.0 284.8  23.3    .0  68.5  38.4  32.0
 STANDARD DEVIATIONS  :
          0.    3.    3.    5.   101.   182.   600.  3154.  3524.   .12   .38   57.   .42   52.  213.   13.     32. 126.  21.   0.   .72   8.0    .1  17.8   3.8    .0  19.9  24.0    .0  11.4    .5    .4
 VARIATION COEFFICIENTS (%)  : 
          .0    .9   3.7   3.9    7.8    7.9    7.0   36.4   18.0  28.4   7.8   8.2  14.8 289.9  48.8  21.0    15.5 90.0 48.8   .0  10.1   8.1   1.21206.2  48.8    .0   7.0 102.9    .0  16.6   1.2   1.2



*** RESULTS OF CROP GROWTH MODEL NWHEAT *** SUMMARY OF OUTPUT FOR WINTER WHEAT AND YIELD STATISTICS ***

Name of run: S6P1 , Station= 6675 , Soil=   1, Crop=   1, Organic M.=   1, Nsoil=   1, IRR=   1, Runof=  .10
 Sevil., UKTR scen.(EL.normal) dec.66-75, no Var.change, pot. prod., CO2 353 ppm 


YEAR     SOW EMERG  ANTH  HALT   WRT   WLV    WST   WGR    TAGB     HI  LAIM PARAB  RUE   DWAV RAIN  ESOIL   TRANS DRAIN RUNOF IRR  WUE MINOM MINFM DNTOT NRAIN NGIFT NUPT  NLEACH NIMMO  NUE  DNFM  NBIOM
1902     341   355    87   133  1077.  1904.  7219.  9108. 18231.   .50  4.37  741.  2.46  -24.  226.   99.    232.  18.  23. 170.  5.50 112.7   6.5 -67.1   4.1 200.0 252.4   1.4    .0  72.2  39.1  32.6
1903     341   350    87   126  1002.  1731.  6446.  7595. 15772.   .48  3.93  629.  2.51  -10.  215.   96.    228.   0.  21. 140.  4.87 109.8   6.5 -84.7   3.9 200.0 232.5    .0    .0  67.8  39.0  32.5
1904     341   353    88   130  1200.  2088.  7190.  8489. 17767.   .48  4.73  714.  2.49  -19.  314.   86.    248.  20.  31.  90.  5.32 113.7   6.5 -54.5   5.7 200.0 266.9   1.6    .0  66.6  39.1  32.6
1905     341   350    90   135  1219.  2144.  8084.  9170. 19397.   .47  5.01  755.  2.57  -18.  263.   82.    218.  16.  26.  98.  6.45 110.3   6.5 -41.1   4.7 200.0 276.2   1.3    .0  70.2  39.0  32.5
1906     341   352    93   131  1188.  2069.  7506.  8256. 17831.   .46  4.72  682.  2.61  -25.  264.   78.    225.  15.  26. 105.  5.90 107.5   6.5 -46.8   4.7 200.0 268.1    .9    .0  66.5  38.9  32.4
1907     341   351    87   129  1172.  2040.  7439.  8186. 17665.   .46  4.65  698.  2.53  -22.  259.   87.    230.   0.  26. 106.  5.58 111.5   6.5 -53.4   4.7 200.0 266.3    .0    .0  66.3  39.0  32.5
1908     341   353    84   127   984.  1709.  6230.  7973. 15913.   .50  3.81  625.  2.55  -11.  283.  105.    222.  46.  28. 130.  4.86 112.7   6.5 -91.4   5.1 200.0 226.6   4.1    .0  70.2  39.1  32.6
1909     341   350    88   127  1166.  2041.  7151.  8029. 17222.   .47  4.70  660.  2.61  -12.  193.   77.    232.   3.  19. 150.  5.57 107.6   6.5 -57.1   3.5 200.0 257.2    .2    .0  67.0  38.9  32.4
1910     341   356    87   127  1150.  2013.  6848.  8163. 17023.   .48  4.55  660.  2.58  -17.  187.   85.    242.   0.  19. 175.  5.21 108.2   6.5 -69.3   3.4 200.0 245.9    .0    .0  69.2  38.9  32.4
1911     341   352    89   122  1121.  1977.  7272.  7030. 16279.   .43  4.49  631.  2.58  -24.  234.   80.    241.  24.  23. 160.  5.06 105.6   6.5 -60.1   4.2 200.0 251.1   2.0    .0  64.8  38.8  32.4
1912     341   353    92   132  1161.  2063.  7352.  8431. 17846.   .47  4.70  728.  2.45  -16.  263.   84.    239.  37.  26. 140.  5.51 108.6   6.5 -49.7   4.7 200.0 264.0   3.3    .0  67.6  38.9  32.5
1913     341   350    87   134  1168.  2037.  6986.  9349. 18372.   .51  4.60  716.  2.57  -25.  266.   88.    226.   0.  27. 100.  5.85 114.8   6.5 -68.0   4.8 200.0 255.5    .0    .0  71.9  39.1  32.6
1914     341   350    85   125  1091.  1908.  7051.  7940. 16899.   .47  4.34  679.  2.49   -8.  175.   88.    242.   0.  18. 180.  5.12 109.6   6.5 -67.1   3.2 200.0 249.1    .0    .0  67.8  39.0  32.5
1915     341   348    81   126  1142.  1987.  6939.  8856. 17782.   .50  4.56  717.  2.48  -14.  288.   86.    246.   0.  29.  87.  5.36 114.9   6.5 -73.1   5.2 200.0 250.8    .0    .0  70.9  39.1  32.6
1916     341   353    89   133  1205.  2072.  7394.  9249. 18715.   .49  4.68  747.  2.51  -21.  183.   88.    234.   1.  18. 180.  5.81 109.5   6.5 -49.2   3.3 200.0 267.2    .1    .0  70.0  39.0  32.5
1917     341   351    86   125  1055.  1843.  6657.  7591. 16091.   .47  4.16  611.  2.63  -20.  153.   90.    228.   0.  15. 199.  5.07 109.5   6.5 -78.2   2.8 200.0 238.0    .0    .0  67.6  39.0  32.5
1918     341   351    84   132   989.  1722.  6088.  8748. 16558.   .53  3.85  668.  2.48  -17.  142.  113.    234.   0.  14. 236.  4.78 112.4   6.5 -91.7   2.6 200.0 227.8    .0    .0  72.7  39.1  32.6
1919     341   354    83   121  1034.  1798.  6405.  7032. 15235.   .46  4.07  613.  2.49  -13.  337.   92.    249. 108.  34. 159.  4.47 109.5   6.5 -72.3   6.1 200.0 231.2  16.0    .0  65.9  39.0  32.5
1920     341   349    84   127  1106.  1944.  6621.  8955. 17520.   .51  4.54  687.  2.55  -27.  298.   80.    236.  54.  30. 129.  5.54 110.1   6.5 -67.9   5.4 200.0 247.1   4.6    .0  70.9  39.0  32.5
1921     341   353    91   133  1082.  1915.  7302.  8060. 17276.   .47  4.40  652.  2.65  -21.  206.   88.    202.   0.  21. 126.  5.95 109.5   6.5 -69.6   3.7 200.0 247.6    .0    .0  69.8  39.0  32.5
1922     341   353    87   129  1062.  1858.  6579.  8484. 16921.   .50  4.19  648.  2.61  -20.  237.   88.    228.   8.  24. 130.  5.35 111.1   6.5 -79.9   4.3 200.0 238.9    .6    .0  70.8  39.0  32.5
1923     341   356    86   126  1117.  1953.  6585.  8345. 16884.   .49  4.52  654.  2.58  -12.  335.   88.    253.  78.  33. 130.  4.94 111.4   6.5 -65.5   6.0 200.0 247.5   8.0    .0  68.2  39.0  32.5
1924     341   352    85   127  1022.  1767.  6462.  7692. 15920.   .48  3.91  630.  2.53  -17.  201.  105.    228.   0.  20. 169.  4.79 110.8   6.5 -88.7   3.6 200.0 229.9    .0    .0  69.2  39.0  32.5
1925     341   352    85   127  1080.  1886.  6877.  8058. 16821.   .48  4.26  667.  2.52  -22.  139.   89.    241.   0.  14. 226.  5.09 111.2   6.5 -71.3   2.5 200.0 246.3    .0    .0  68.3  39.0  32.5
1926     341   352    92   128  1183.  2055.  7263.  7597. 16914.   .45  4.58  660.  2.56  -36.  337.   80.    223.  40.  34.  75.  5.58 106.2   6.5 -62.1   6.1 200.0 249.8   3.6    .0  67.7  38.9  32.4
1927     341   351    83   128  1018.  1784.  6540.  8414. 16737.   .50  4.10  660.  2.54  -18.  194.   97.    230.   0.  19. 169.  5.13 110.7   6.5 -81.1   3.5 200.0 237.6    .0    .0  70.5  39.0  32.5
1928     341   354    87   131  1159.  2037.  6929.  8781. 17748.   .49  4.62  708.  2.51  -19.  143.   89.    240.   0.  14. 218.  5.40 109.3   6.5 -65.7   2.6 200.0 249.9    .0    .0  71.0  39.0  32.5
1929     341   349    89   129  1122.  1969.  7443.  7571. 16983.   .45  4.52  668.  2.54  -30.  274.   88.    218.   0.  27.  90.  5.55 108.5   6.5 -64.6   4.9 200.0 252.6    .0    .0  67.2  38.9  32.4
1930     341   350    85   123  1085.  1886.  7166.  7311. 16362.   .45  4.29  654.  2.50  -22.  268.   94.    242.   1.  27. 118.  4.87 108.2   6.5 -70.1   4.8 200.0 246.6    .1    .0  66.3  38.9  32.4
1931     341   349    82   120  1081.  1887.  6162.  7014. 15063.   .47  4.27  576.  2.61  -27.  223.   81.    252.  48.  22. 208.  4.52 107.9   6.5 -78.1   4.0 200.0 231.5   5.9    .0  65.1  38.9  32.4

 MEANS over  30 years  :
        341.  352.   87.  128.  1108.  1936.  6940.  8183. 17058.   .48  4.40  671.  2.54  -20.  237.   89.    234.  17.  24. 146.  5.30 110.1   6.5 -68.0   4.3 200.0 248.4   1.8    .0  68.7  39.0  32.5
 STANDARD DEVIATIONS  :
          0.    2.    3.    4.    66.   119.   458.   658.   980.   .02   .29   43.   .05    6.   58.    8.     11.  26.   6.  43.   .44   2.2    .0  12.8   1.0    .0  12.9   3.3    .0   2.1    .1    .1
 VARIATION COEFFICIENTS (%)  : 
          .0    .6   3.4   2.9    6.0    6.1    6.6    8.0    5.7   4.5   6.7   6.4   2.1  31.7  24.4   9.1     4.8153.5 24.4 29.6   8.3   2.0    .2  18.8  24.4    .0   5.2 186.3    .0   3.1    .2    .2



*** RESULTS OF CROP GROWTH MODEL NWHEAT *** SUMMARY OF OUTPUT FOR WINTER WHEAT AND YIELD STATISTICS ***

Name of run: S6W1 , Station= 6675 , Soil=   1, Crop=   1, Organic M.=   1, Nsoil=   1, IRR=   0, Runof=  .10
 Sevil., UKTR scen.(El.normal) dec.66-75, no Var.change,wat-lim.prod.,CO2 353ppm 


YEAR     SOW EMERG  ANTH  HALT   WRT   WLV    WST   WGR    TAGB     HI  LAIM PARAB  RUE   DWAV RAIN  ESOIL   TRANS DRAIN RUNOF IRR  WUE MINOM MINFM DNTOT NRAIN NGIFT NUPT  NLEACH NIMMO  NUE  DNFM  NBIOM
1902     341   355    87   133  1077.  1904.  7214.  7895. 17013.   .46  4.37  735.  2.31   92.  226.   78.    199.  18.  23.   0.  6.14  98.5   6.4 -59.2   4.1 200.0 246.2   1.4    .0  69.1  38.5  32.1
1903     341   350    87   126  1002.  1731.  6447.  6164. 14341.   .43  3.93  623.  2.30   87.  215.   74.    207.   0.  21.   0.  5.11 102.6   6.5 -81.3   3.9 200.0 229.3    .0    .0  62.5  38.7  32.3
1904     341   353    88   130  1200.  2088.  7188.  8467. 17744.   .48  4.73  714.  2.48   66.  314.   83.    246.  20.  31.   0.  5.40 109.7   6.5 -45.7   5.7 200.0 271.4   1.6    .0  65.4  39.0  32.5
1905     341   350    90   135  1171.  2067.  8004.  9036. 19108.   .47  4.84  745.  2.57   56.  263.   79.    213.   0.  26.   0.  6.54 105.2   6.5 -38.9   4.7 200.0 274.7    .0    .0  69.6  38.8  32.3
1906     341   352    93   131  1188.  2069.  7506.  8234. 17809.   .46  4.72  682.  2.61   71.  264.   74.    224.  10.  26.   0.  5.97 102.0   6.4 -38.6   4.7 200.0 270.9    .6    .0  65.7  38.7  32.2
1907     341   351    87   129  1158.  2020.  7422.  8049. 17490.   .46  4.62  695.  2.52   75.  259.   81.    226.   0.  26.   0.  5.69 105.3   6.5 -44.8   4.7 200.0 268.4    .0    .0  65.2  38.8  32.3
1908     341   353    84   127   984.  1709.  6228.  7786. 15724.   .50  3.81  625.  2.52   83.  283.   74.    218.  46.  28.   0.  5.38 105.1   6.5 -79.3   5.1 200.0 231.1   4.1    .0  68.0  38.8  32.3
1909     341   350    88   127  1155.  2024.  7132.  4989. 14145.   .35  4.66  643.  2.20   87.  193.   72.    189.   0.  19.   0.  5.42  95.3   6.4 -50.1   3.5 200.0 252.2    .0    .0  56.1  38.3  32.0
1910     341   356    87   127  1135.  1990.  6785.  3408. 12183.   .28  4.51  639.  1.91   88.  187.   90.    166.   0.  19.   0.  4.76  93.2   6.4 -60.8   3.4 200.0 239.4    .0    .0  50.9  38.2  31.8
1911     341   352    89   122  1121.  1977.  7274.  4766. 14016.   .34  4.49  625.  2.24   90.  234.   74.    203.  24.  23.   0.  5.06  94.9   6.4 -57.0   4.2 200.0 243.6   2.0    .0  57.5  38.3  31.9
1912     341   353    92   132  1161.  2063.  7340.  6111. 15514.   .39  4.70  716.  2.17   82.  263.   76.    205.  37.  26.   0.  5.51  96.6   6.4 -39.3   4.7 200.0 262.3   3.3    .0  59.1  38.4  32.0
1913     341   350    87   134  1166.  2033.  6982.  9333. 18348.   .51  4.59  715.  2.57   72.  266.   86.    226.   0.  27.   0.  5.89 110.1   6.5 -58.5   4.8 200.0 260.2    .0    .0  70.5  39.0  32.5
1914     341   350    85   125  1087.  1902.  7037.  2933. 11873.   .25  4.33  641.  1.85   87.  175.   81.    163.   0.  18.   0.  4.85  94.9   6.4 -59.3   3.2 200.0 242.9    .0    .0  48.9  38.3  31.9
1915     341   348    81   126  1141.  1985.  6933.  8799. 17718.   .50  4.55  716.  2.47   71.  288.   85.    245.   0.  29.   0.  5.37 109.9   6.5 -60.2   5.2 200.0 258.5    .0    .0  68.5  39.0  32.5
1916     341   353    89   133  1205.  2072.  7385.  6655. 16113.   .41  4.68  726.  2.22   92.  183.   67.    188.   1.  18.   0.  6.31  95.2   6.4 -40.7   3.3 200.0 261.3    .1    .0  61.7  38.3  31.9
1917     341   351    86   125  1011.  1772.  6323.  2104. 10199.   .21  4.00  562.  1.82   83.  153.   94.    126.   0.  15.   0.  4.62  89.4   6.3 -69.3   2.8 200.0 226.9    .0    .0  45.0  38.0  31.6
1918     341   351    84   132   967.  1689.  4578.   922.  7189.   .13  3.69  547.  1.31   82.  142.   85.    125.   0.  14.   0.  3.42  90.2   6.3 -93.7   2.6 200.0 203.6    .0    .0  35.3  38.0  31.7
1919     341   354    83   121  1027.  1786.  6397.  5084. 13268.   .38  4.05  601.  2.21   89.  337.   78.    215.  99.  34.   0.  4.53  98.2   6.4 -71.1   6.1 200.0 222.4  14.9    .0  59.7  38.5  32.1
1920     341   349    84   127  1094.  1926.  6603.  8921. 17449.   .51  4.50  685.  2.55   70.  298.   67.    235.  37.  30.   0.  5.78 103.8   6.5 -62.6   5.4 200.0 247.7   2.8    .0  70.5  38.7  32.3
1921     341   353    91   133  1082.  1915.  7285.  6430. 15630.   .41  4.40  652.  2.40   76.  206.   83.    178.   0.  21.   0.  5.99  98.1   6.4 -54.5   3.7 200.0 251.2    .0    .0  62.2  38.5  32.1
1922     341   353    87   129  1062.  1858.  6577.  8074. 16508.   .49  4.19  647.  2.55   85.  237.   74.    216.   8.  24.   0.  5.69 104.2   6.5 -76.1   4.3 200.0 235.8    .6    .0  70.0  38.8  32.3
1923     341   356    86   126  1117.  1953.  6586.  7617. 16156.   .47  4.52  653.  2.48   87.  335.   75.    236.  78.  33.   0.  5.19 103.7   6.5 -62.0   6.0 200.0 243.8   8.0    .0  66.3  38.8  32.3
1924     341   352    85   127   915.  1594.  5711.  3413. 10718.   .32  3.57  586.  1.83   81.  201.  108.    155.   0.  20.   0.  4.09  94.4   6.4 -90.1   3.6 200.0 212.4    .0    .0  50.5  38.2  31.8
1925     341   352    85   127  1080.  1886.  6848.  1515. 10248.   .15  4.26  608.  1.68   96.  139.   74.    147.   0.  14.   0.  4.62  91.3   6.3 -72.7   2.5 200.0 225.2    .0    .0  45.5  38.1  31.7
1926     341   352    92   128  1152.  2008.  7222.  7540. 16770.   .45  4.49  654.  2.57    5.  337.   71.    220.  18.  34.   0.  5.75 103.3   6.5 -64.0   6.1 200.0 246.9   1.8    .0  67.9  38.7  32.3
1927     341   351    83   128   937.  1650.  6335.  4130. 12115.   .34  3.83  624.  1.94   79.  194.   88.    166.   0.  19.   0.  4.77  94.5   6.4 -74.9   3.5 200.0 227.7    .0    .0  53.2  38.3  31.9
1928     341   354    87   131  1099.  1951.  4982.  5309. 12241.   .43  4.35  662.  1.85   88.  143.   72.    145.   0.  14.   0.  5.64  85.8   6.3 -64.9   2.6 200.0 226.8    .0    .0  54.0  37.7  31.4
1929     341   349    89   129  1118.  1963.  7436.  7565. 16963.   .45  4.50  667.  2.54   50.  274.   80.    218.   0.  27.   0.  5.71 103.1   6.5 -56.5   4.9 200.0 255.3    .0    .0  66.4  38.7  32.3
1930     341   350    85   123  1080.  1878.  7154.  7102. 16134.   .44  4.27  653.  2.47   76.  268.   81.    237.   0.  27.   0.  5.08 102.9   6.5 -58.6   4.8 200.0 252.8    .0    .0  63.8  38.7  32.3
1931     341   349    82   120  1071.  1872.  6146.  3116. 11134.   .28  4.24  555.  2.01   90.  223.   81.    189.  21.  22.   0.  4.13  88.4   6.3 -71.5   4.0 200.0 222.6   2.2    .0  50.0  37.9  31.6

 MEANS over  30 years  :
        341.  352.   87.  128.  1092.  1911.  6769.  6049. 14729.   .39  4.35  653.  2.24   78.  237.   80.    198.  14.  24.   0.  5.28  99.0   6.4 -61.9   4.3 200.0 243.8   1.4    .0  60.0  38.5  32.1
 STANDARD DEVIATIONS  :
          0.    2.    3.    4.    76.   133.   723.  2393.  2932.   .10   .33   52.   .33   17.   58.    8.     34.  24.   6.   0.   .69   6.5    .1  14.3   1.0    .0  18.0   3.0    .0   9.0    .3    .3
 VARIATION COEFFICIENTS (%)  : 
          .0    .6   3.4   2.9    6.9    7.0   10.7   39.6   19.9  26.7   7.5   8.0  14.7  21.8  24.4  10.4    17.3172.5 24.4   .0  13.1   6.6    .9  23.0  24.4    .0   7.4 210.3    .0  15.0    .9    .9



*** RESULTS OF CROP GROWTH MODEL NWHEAT *** SUMMARY OF OUTPUT FOR WINTER WHEAT AND YIELD STATISTICS ***

Name of run: S6P3 , Station= 6675 , Soil=   1, Crop=   3, Organic M.=   1, Nsoil=   1, IRR=   1, Runof=  .10
 Sevil., UKTR scen.(El.normal) dec.66-75, no Var.change, pot. prod., CO2 617 ppm 


YEAR     SOW EMERG  ANTH  HALT   WRT   WLV    WST   WGR    TAGB     HI  LAIM PARAB  RUE   DWAV RAIN  ESOIL   TRANS DRAIN RUNOF IRR  WUE MINOM MINFM DNTOT NRAIN NGIFT NUPT  NLEACH NIMMO  NUE  DNFM  NBIOM
1902     341   355    87   133  1260.  2239.  8917. 11825. 22982.   .51  4.76  754.  3.05  -27.  226.   93.    222.  22.  23. 160.  7.31 112.7   6.5 -24.8   4.1 200.0 293.9   1.7    .0  78.2  39.1  32.6
1903     341   350    87   126  1182.  2065.  7886.  9935. 19886.   .50  4.36  645.  3.08   -6.  215.   88.    220.   0.  21. 120.  6.46 109.9   6.5 -45.6   3.9 200.0 271.2    .0    .0  73.3  39.0  32.5
1904     341   353    88   130  1412.  2480.  8805. 11217. 22502.   .50  5.21  726.  3.10  -23.  314.   79.    239.  21.  31.  80.  7.07 113.7   6.5  -9.8   5.7 200.0 310.9   1.8    .0  72.4  39.1  32.6
1905     341   350    90   135  1419.  2517.  9664. 11730. 23912.   .49  5.43  766.  3.12  -19.  263.   78.    209.  19.  26.  89.  8.34 110.3   6.5   2.6   4.7 200.0 319.0   1.5    .0  74.9  39.0  32.5
1906     341   352    93   131  1376.  2417.  9094. 10738. 22248.   .48  5.12  690.  3.22  -24.  264.   72.    216.  20.  26.  95.  7.73 107.6   6.5  -6.5   4.7 200.0 307.6   1.0    .0  72.3  38.9  32.4
1907     341   351    87   129  1389.  2437.  9036. 10808. 22281.   .49  5.15  712.  3.13  -17.  259.   79.    222.   0.  26.  86.  7.40 111.7   6.5  -8.8   4.7 200.0 310.3    .0    .0  71.8  39.0  32.5
1908     341   353    84   127  1174.  2057.  7781. 10626. 20464.   .52  4.25  643.  3.18  -14.  283.   96.    215.  50.  28. 120.  6.58 112.8   6.5 -45.9   5.1 200.0 271.2   4.5    .0  75.5  39.1  32.6
1909     341   350    88   127  1340.  2361.  8652. 10365. 21378.   .48  5.03  665.  3.22  -14.  193.   73.    221.   5.  19. 140.  7.26 107.8   6.5 -19.3   3.5 200.0 294.4    .4    .0  72.6  38.9  32.4
1910     341   356    87   127  1357.  2391.  8442. 10572. 21405.   .49  4.99  671.  3.19  -22.  187.   79.    233.   0.  19. 166.  6.87 108.1   6.5 -25.3   3.4 200.0 289.0    .0    .0  74.1  38.9  32.4
1911     341   352    89   122  1324.  2353.  8844.  9375. 20573.   .46  4.95  642.  3.20  -16.  234.   74.    234.  27.  23. 140.  6.70 105.6   6.5 -16.9   4.2 200.0 293.2   2.2    .0  70.2  38.8  32.4
1912     341   353    92   132  1326.  2368.  8873. 10650. 21890.   .49  5.00  734.  2.98  -21.  263.   80.    227.  38.  26. 130.  7.11 108.9   6.5 -11.8   4.7 200.0 301.4   3.4    .0  72.6  39.0  32.5
1913     341   350    87   134  1358.  2379.  8871. 11507. 22757.   .51  4.97  725.  3.14  -21.  266.   82.    216.   0.  27.  80.  7.63 115.2   6.5 -28.7   4.8 200.0 294.4    .0    .0  77.3  39.2  32.6
1914     341   350    85   125  1283.  2258.  8617. 10515. 21390.   .49  4.75  691.  3.10  -13.  175.   82.    233.   0.  18. 170.  6.80 109.9   6.5 -26.0   3.2 200.0 290.1    .0    .0  73.7  39.0  32.5
1915     341   348    81   126  1337.  2341.  8467. 11383. 22191.   .51  4.95  727.  3.05  -20.  288.   80.    235.   0.  29.  77.  7.03 115.0   6.5 -32.6   5.2 200.0 290.7    .0    .0  76.3  39.1  32.6
1916     341   353    89   133  1390.  2410.  8938. 12006. 23354.   .51  5.03  755.  3.09  -15.  183.   83.    223.   4.  18. 160.  7.65 109.0   6.5  -9.7   3.3 200.0 305.3    .3    .0  76.5  39.0  32.5
1917     341   351    86   125  1242.  2186.  8205. 10030. 20420.   .49  4.58  623.  3.28  -25.  153.   83.    219.   0.  15. 189.  6.76 109.6   6.5 -36.6   2.8 200.0 278.9    .0    .0  73.2  39.0  32.5
1918     341   351    84   132  1171.  2058.  7912. 11321. 21291.   .53  4.29  685.  3.11  -15.  142.  103.    226.   0.  14. 216.  6.47 112.7   6.5 -47.9   2.6 200.0 271.3    .0    .0  78.5  39.1  32.6
1919     341   354    83   121  1219.  2135.  7935.  9358. 19428.   .48  4.47  625.  3.11  -16.  337.   85.    240. 111.  34. 149.  5.98 109.3   6.5 -30.0   6.1 200.0 272.7  15.9    .0  71.2  39.0  32.5
1920     341   349    84   127  1276.  2251.  9486. 10473. 22210.   .47  4.85  696.  3.19  -29.  298.   75.    226.  58.  30. 119.  7.39 110.3   6.5 -30.9   5.4 200.0 283.5   4.6    .0  78.3  39.0  32.5
1921     341   353    91   133  1255.  2231.  8726. 10235. 21192.   .48  4.74  659.  3.21  -16.  206.   83.    192.   0.  21. 106.  7.69 109.5   6.5 -32.0   3.7 200.0 284.5    .0    .0  74.5  39.0  32.5
1922     341   353    87   129  1249.  2203.  8583. 10501. 21288.   .49  4.61  662.  3.22  -15.  237.   81.    219.   8.  24. 110.  7.09 111.5   6.5 -39.7   4.3 200.0 278.7    .6    .0  76.4  39.0  32.5
1923     341   356    86   126  1327.  2334.  8261. 10741. 21336.   .50  4.98  667.  3.20  -14.  335.   81.    245.  82.  33. 120.  6.55 111.4   6.5 -23.0   6.0 200.0 289.7   7.7    .0  73.7  39.0  32.5
1924     341   352    85   127  1212.  2114.  8097. 10257. 20468.   .50  4.34  646.  3.17  -14.  201.   97.    219.   0.  20. 149.  6.48 111.2   6.5 -45.2   3.6 200.0 273.1    .0    .0  74.9  39.0  32.5
1925     341   352    85   127  1274.  2243.  8429. 10526. 21198.   .50  4.70  680.  3.12  -18.  139.   82.    232.   0.  14. 206.  6.76 110.7   6.5 -30.1   2.5 200.0 286.3    .0    .0  74.0  39.0  32.5
1926     341   352    92   128  1369.  2395.  8784.  9988. 21168.   .47  4.93  667.  3.17  -32.  337.   75.    213.  47.  34.  65.  7.33 106.4   6.5 -24.8   6.1 200.0 287.3   2.8    .0  73.7  38.9  32.4
1927     341   351    83   128  1183.  2089.  8078. 10906. 21073.   .52  4.43  669.  3.15  -16.  194.   91.    218.   0.  19. 149.  6.83 110.7   6.5 -41.0   3.5 200.0 277.1    .0    .0  76.1  39.0  32.5
1928     341   354    87   131  1378.  2446.  8637. 11265. 22348.   .50  5.13  723.  3.09  -24.  143.   81.    232.   0.  14. 208.  7.13 109.1   6.5 -20.8   2.6 200.0 293.8    .0    .0  76.1  39.0  32.5
1929     341   349    89   129  1298.  2294.  8923.  9732. 20948.   .46  4.85  675.  3.10  -26.  274.   84.    207.   0.  27.  70.  7.21 108.1   6.5 -25.8   4.9 200.0 290.2    .0    .0  72.2  38.9  32.4
1930     341   350    85   123  1303.  2279.  8827.  9745. 20851.   .47  4.79  671.  3.11  -27.  268.   85.    235.   2.  27. 107.  6.51 108.4   6.5 -27.1   4.8 200.0 289.0    .1    .0  72.2  38.9  32.4
1931     341   349    82   120  1257.  2207.  7621.  9093. 18921.   .48  4.61  582.  3.25  -20.  223.   77.    241.  41.  22. 178.  5.96 108.1   6.5 -40.2   4.0 200.0 270.3   4.6    .0  70.0  38.9  32.4

 MEANS over  30 years  :
        341.  352.   87.  128.  1298.  2285.  8580. 10581. 21445.   .49  4.81  683.  3.14  -19.  237.   83.    224.  19.  24. 132.  7.00 110.2   6.5 -26.8   4.3 200.0 289.0   1.8    .0  74.2  39.0  32.5
 STANDARD DEVIATIONS  :
          0.    2.    3.    4.    73.   129.   481.   730.  1096.   .02   .29   42.   .07    6.   58.    7.     11.  27.   6.  42.   .52   2.3    .0  12.8   1.0    .0  12.8   3.2    .0   2.3    .1    .1
 VARIATION COEFFICIENTS (%)  : 
          .0    .6   3.4   2.9    5.6    5.7    5.6    6.9    5.1   3.5   6.1   6.2   2.1  29.9  24.4   8.6     5.0147.8 24.4 32.0   7.4   2.1    .2  47.6  24.4    .0   4.4 183.5    .0   3.1    .2    .2



*** RESULTS OF CROP GROWTH MODEL NWHEAT *** SUMMARY OF OUTPUT FOR WINTER WHEAT AND YIELD STATISTICS ***

Name of run: S6W3 , Station= 6675 , Soil=   1, Crop=   3, Organic M.=   1, Nsoil=   1, IRR=   0, Runof=  .10
 Sevil., UKTR scen.(El.normal) dec.66-75, no Var.change,wat-lim.prod.,CO2 617ppm 


YEAR     SOW EMERG  ANTH  HALT   WRT   WLV    WST   WGR    TAGB     HI  LAIM PARAB  RUE   DWAV RAIN  ESOIL   TRANS DRAIN RUNOF IRR  WUE MINOM MINFM DNTOT NRAIN NGIFT NUPT  NLEACH NIMMO  NUE  DNFM  NBIOM
1902     341   355    87   133  1260.  2239.  8869. 10440. 21548.   .48  4.76  751.  2.87   90.  226.   76.    196.  22.  23.   0.  7.92  99.4   6.4 -15.1   4.1 200.0 290.1   1.7    .0  74.3  38.5  32.1
1903     341   350    87   126  1182.  2065.  7863.  8934. 18862.   .47  4.36  644.  2.93   87.  215.   71.    209.   0.  21.   0.  6.74 103.6   6.5 -38.0   3.9 200.0 272.6    .0    .0  69.2  38.7  32.3
1904     341   353    88   130  1412.  2480.  8804. 11205. 22489.   .50  5.21  726.  3.10   55.  314.   78.    239.  21.  31.   0.  7.11 110.8   6.5  -4.6   5.7 200.0 313.0   1.8    .0  71.8  39.0  32.5
1905     341   350    90   135  1375.  2448.  9600. 11641. 23689.   .49  5.30  758.  3.12   46.  263.   74.    206.   2.  26.   0.  8.46 106.4   6.5   2.4   4.7 200.0 316.4    .1    .0  74.9  38.9  32.4
1906     341   352    93   131  1376.  2417.  9093. 10738. 22247.   .48  5.12  690.  3.22   64.  264.   70.    216.  15.  26.   0.  7.78 102.7   6.5   -.4   4.7 200.0 309.0    .6    .0  72.0  38.7  32.3
1907     341   351    87   129  1374.  2415.  9021. 10779. 22215.   .49  5.11  709.  3.13   64.  259.   76.    221.   0.  26.   0.  7.48 106.9   6.5  -3.0   4.7 200.0 311.2    .0    .0  71.4  38.9  32.4
1908     341   353    84   127  1174.  2057.  7780. 10562. 20398.   .52  4.25  643.  3.17   80.  283.   71.    214.  50.  28.   0.  7.16 105.7   6.5 -35.5   5.1 200.0 274.5   4.5    .0  74.3  38.8  32.3
1909     341   350    88   127  1330.  2345.  8616.  7272. 18233.   .40  5.00  656.  2.78   85.  193.   69.    190.   0.  19.   0.  7.03  96.3   6.4 -11.2   3.5 200.0 291.3    .0    .0  62.6  38.4  32.0
1910     341   356    87   127  1339.  2365.  8328.  4989. 15682.   .32  4.95  654.  2.40   85.  187.   84.    169.   0.  19.   0.  6.21  94.9   6.4 -16.7   3.4 200.0 284.4    .0    .0  55.1  38.3  31.9
1911     341   352    89   122  1324.  2353.  8844.  6786. 17983.   .38  4.95  638.  2.82   90.  234.   71.    202.  27.  23.   0.  6.59  96.0   6.4 -11.8   4.2 200.0 288.7   2.2    .0  62.3  38.4  32.0
1912     341   353    92   132  1326.  2368.  8856.  8774. 19998.   .44  5.00  731.  2.73   80.  263.   74.    205.  38.  26.   0.  7.17  97.7   6.4  -1.2   4.7 200.0 300.8   3.4    .0  66.5  38.5  32.0
1913     341   350    87   134  1355.  2375.  8868. 11499. 22742.   .51  4.96  725.  3.14   57.  266.   81.    216.   0.  27.   0.  7.67 111.6   6.5 -22.7   4.8 200.0 296.8    .0    .0  76.6  39.0  32.5
1914     341   350    85   125  1279.  2252.  8584.  4427. 15263.   .29  4.74  656.  2.32   87.  175.   79.    165.   0.  18.   0.  6.25  95.8   6.4 -15.8   3.2 200.0 286.5    .0    .0  53.3  38.4  32.0
1915     341   348    81   126  1336.  2339.  8464. 11379. 22182.   .51  4.94  727.  3.05   56.  288.   80.    235.   0.  29.   0.  7.04 111.3   6.5 -24.7   5.2 200.0 294.8    .0    .0  75.3  39.0  32.5
1916     341   353    89   133  1390.  2410.  8868.  9066. 20344.   .45  5.03  742.  2.74   91.  183.   66.    186.   4.  18.   0.  8.08  96.2   6.4   -.5   3.3 200.0 301.6    .3    .0  67.4  38.4  32.0
1917     341   351    86   125  1198.  2115.  8013.  3089. 13218.   .23  4.45  582.  2.27   80.  153.   89.    129.   0.  15.   0.  6.06  91.1   6.3 -28.3   2.8 200.0 268.8    .0    .0  49.2  38.1  31.7
1918     341   351    84   132  1157.  2037.  6287.  1358.  9682.   .14  4.16  583.  1.66   81.  142.   82.    127.   0.  14.   0.  4.63  91.2   6.3 -47.2   2.6 200.0 250.4    .0    .0  38.7  38.1  31.7
1919     341   354    83   121  1210.  2123.  7924.  7352. 17399.   .42  4.45  617.  2.82   88.  337.   75.    214. 102.  34.   0.  6.02  99.7   6.4 -26.6   6.1 200.0 267.7  14.8    .0  65.0  38.6  32.1
1920     341   349    84   127  1265.  2235.  9466. 10447. 22148.   .47  4.82  695.  3.19   63.  298.   66.    225.  41.  30.   0.  7.63 104.3   6.5 -26.8   5.4 200.0 283.3   2.9    .0  78.2  38.8  32.3
1921     341   353    91   133  1255.  2231.  8696.  8845. 19772.   .45  4.74  659.  3.00   72.  206.   80.    177.   0.  21.   0.  7.67 100.4   6.4 -18.5   3.7 200.0 288.8    .0    .0  68.5  38.6  32.2
1922     341   353    87   129  1249.  2203.  8253. 10501. 20958.   .50  4.61  662.  3.17   81.  237.   72.    214.   8.  24.   0.  7.34 105.2   6.5 -32.6   4.3 200.0 279.5    .6    .0  75.0  38.8  32.3
1923     341   356    86   126  1327.  2334.  8142. 10149. 20626.   .49  4.98  667.  3.09   85.  335.   71.    233.  82.  33.   0.  6.78 104.3   6.5 -17.1   6.0 200.0 288.8   7.7    .0  71.4  38.8  32.3
1924     341   352    85   127  1100.  1933.  7432.  5369. 14734.   .36  4.01  618.  2.39   79.  201.   99.    161.   0.  20.   0.  5.67  97.1   6.4 -47.3   3.6 200.0 257.2    .0    .0  57.3  38.4  32.0
1925     341   352    85   127  1274.  2243.  8353.  2630. 13226.   .20  4.70  625.  2.12   95.  139.   72.    148.   0.  14.   0.  6.00  92.3   6.4 -31.9   2.5 200.0 266.2    .0    .0  49.7  38.1  31.8
1926     341   352    92   128  1339.  2348.  8756.  9928. 21032.   .47  4.85  662.  3.18    1.  337.   68.    211.  26.  34.   0.  7.53 103.6   6.5 -26.1   6.1 200.0 284.4   1.7    .0  73.9  38.7  32.3
1927     341   351    83   128  1096.  1947.  7810.  6468. 16225.   .40  4.16  640.  2.54   77.  194.   85.    167.   0.  19.   0.  6.43  95.8   6.4 -36.9   3.5 200.0 266.4    .0    .0  60.9  38.4  32.0
1928     341   354    87   131  1323.  2368.  6487.  7405. 16260.   .46  4.86  693.  2.34   88.  143.   67.    150.   0.  14.   0.  7.50  86.9   6.3 -15.4   2.6 200.0 276.4    .0    .0  58.8  37.8  31.5
1929     341   349    89   129  1295.  2289.  8917.  9725. 20931.   .46  4.84  674.  3.10   37.  274.   77.    207.   0.  27.   0.  7.37 104.1   6.5 -20.8   4.9 200.0 291.3    .0    .0  71.8  38.8  32.3
1930     341   350    85   123  1297.  2270.  8819.  9712. 20801.   .47  4.77  670.  3.10   68.  268.   75.    234.   0.  27.   0.  6.71 104.1   6.5 -18.9   4.8 200.0 292.9    .0    .0  71.0  38.8  32.3
1931     341   349    82   120  1246.  2191.  7584.  4556. 14331.   .32  4.59  563.  2.55   89.  223.   78.    187.  24.  22.   0.  5.40  89.1   6.3 -30.2   4.0 200.0 263.7   2.4    .0  54.3  38.0  31.6

 MEANS over  30 years  :
        341.  352.   87.  128.  1282.  2260.  8380.  8201. 18841.   .42  4.76  669.  2.80   73.  237.   76.    195.  15.  24.   0.  6.91 100.2   6.4 -20.8   4.3 200.0 285.3   1.5    .0  65.7  38.6  32.1
 STANDARD DEVIATIONS  :
          0.    2.    3.    4.    82.   144.   744.  2866.  3443.   .10   .32   50.   .39   20.   58.    7.     31.  25.   6.   0.   .85   6.5    .1  13.3   1.0    .0  16.4   3.0    .0   9.7    .3    .3
 VARIATION COEFFICIENTS (%)  : 
          .0    .6   3.4   2.9    6.4    6.4    8.9   34.9   18.3  23.1   6.8   7.4  13.9  26.8  24.4   9.4    15.7162.9 24.4   .0  12.3   6.5    .8  64.1  24.4    .0   5.7 202.4    .0  14.7    .8    .8



*** RESULTS OF CROP GROWTH MODEL NWHEAT *** SUMMARY OF OUTPUT FOR WINTER WHEAT AND YIELD STATISTICS ***

Name of run: SHVP1, Station= UKHIV, Soil=   1, Crop=   1, Organic M.=   1, Nsoil=   1, IRR=   1, Runof=  .10
 Sevil., UKHI scen.(normal), Var. change, pot. prod., CO2 353 ppm                


YEAR     SOW EMERG  ANTH  HALT   WRT   WLV    WST   WGR    TAGB     HI  LAIM PARAB  RUE   DWAV RAIN  ESOIL   TRANS DRAIN RUNOF IRR  WUE MINOM MINFM DNTOT NRAIN NGIFT NUPT  NLEACH NIMMO  NUE  DNFM  NBIOM
1902     341   349    72   108   990.  1756.  6236.  6988. 14980.   .47  4.11  664.  2.26   -2.  313.   80.    207. 150.  31. 157.  5.22 111.8   6.5 -79.8   5.6 200.0 222.7  18.4    .0  67.3  39.1  32.5
1903     341   348    78   107  1117.  1949.  7211.  5904. 15064.   .39  4.42  685.  2.20  -32.    9.   71.    224.   0.   1. 319.  5.11 107.5   6.5 -73.4    .2 200.0 237.0    .0    .0  63.6  38.9  32.4
1904     341   350    71   101   964.  1693.  5598.  5536. 12827.   .43  3.81  577.  2.22  -24.  121.   76.    228.   0.  12. 220.  4.21 108.8   6.5-105.6   2.2 200.0 208.9    .0    .0  61.4  39.0  32.5
1905     341   348    72   105  1070.  1888.  6393.  6644. 14925.   .45  4.40  643.  2.32  -23.  102.   61.    212.   4.  10. 208.  5.47 105.6   6.5 -75.4   1.8 200.0 235.1    .3    .0  63.5  38.8  32.4
1906     341   349    76   112  1088.  1890.  6251.  7283. 15423.   .47  4.33  673.  2.29  -27.   58.   77.    208.   0.   6. 260.  5.41 110.1   6.5 -85.4   1.0 200.0 229.4    .0    .0  67.2  39.0  32.5
1907     341   351    70   106   920.  1608.  5643.  6427. 13679.   .47  3.68  595.  2.30  -15.   11.   89.    204.   0.   1. 298.  4.67 111.2   6.5-110.7    .2 200.0 205.1    .0    .0  66.7  39.0  32.5
1908     341   351    72   108   955.  1661.  5473.  6713. 13848.   .48  3.81  601.  2.31   -8.  137.   79.    206.   0.  14. 170.  4.86 108.5   6.5-118.7   2.5 200.0 196.5    .0    .0  70.5  38.9  32.5
1909     341   349    72   104  1077.  1907.  6774.  6539. 15220.   .43  4.49  657.  2.32  -13.  120.   64.    212.  13.  12. 195.  5.51 106.3   6.5 -72.4   2.2 200.0 238.2   1.0    .0  63.9  38.9  32.4
1910     341   349    77   103  1076.  1882.  6867.  4818. 13567.   .36  4.24  620.  2.19  -32.  150.   70.    222.  21.  15. 210.  4.64 105.3   6.5 -76.6   2.7 200.0 232.2   1.8    .0  58.4  38.8  32.4
1911     341   349    76   106  1129.  1988.  6405.  6298. 14691.   .43  4.51  628.  2.34  -22.  129.   59.    214.   0.  13. 179.  5.39 105.1   6.5 -72.4   2.3 200.0 237.1    .0    .0  62.0  38.8  32.3
1912     341   348    75   105  1126.  1968.  6648.  5794. 14411.   .40  4.48  626.  2.30  -30.  137.   68.    217.   7.  14. 198.  5.05 106.9   6.5 -73.3   2.5 200.0 238.1    .5    .0  60.5  38.9  32.4
1913     341   350    71   106  1024.  1775.  5940.  6688. 14403.   .46  4.04  607.  2.37  -22.   27.   75.    206.   0.   3. 279.  5.12 109.6   6.5 -89.3    .5 200.0 224.7    .0    .0  64.1  39.0  32.5
1914     341   350    77   104  1169.  2049.  6486.  5619. 14154.   .40  4.57  615.  2.30  -30.   49.   60.    231.   0.   5. 278.  4.85 105.3   6.5 -63.9    .9 200.0 243.9    .0    .0  58.0  38.8  32.4
1915     341   351    70    99   961.  1679.  5841.  5513. 13033.   .42  3.89  582.  2.24  -30.    5.   80.    223.   0.   0. 329.  4.30 109.4   6.5-108.2    .1 200.0 204.9    .0    .0  63.6  39.0  32.5
1916     341   350    75   107  1112.  1965.  6290.  6539. 14794.   .44  4.51  648.  2.28  -33.  151.   68.    227.  38.  15. 230.  5.02 107.7   6.5 -76.9   2.7 200.0 233.1   3.4    .0  63.5  38.9  32.4
1917     341   350    77   107  1138.  1994.  6740.  6324. 15057.   .42  4.49  639.  2.36  -25.   29.   65.    215.   0.   3. 279.  5.37 106.8   6.5 -69.0    .5 200.0 240.9    .0    .0  62.5  38.9  32.4
1918     341   349    82   110  1132.  2000.  7199.  6126. 15325.   .40  4.54  670.  2.29  -25.  162.   66.    209.  16.  16. 170.  5.59 102.4   6.4 -64.7   2.9 200.0 241.6   1.3    .0  63.4  38.7  32.2
1919     341   347    76   107  1218.  2151.  6936.  6734. 15822.   .43  4.90  704.  2.25  -34.   15.   63.    225.   0.   2. 308.  5.49 106.8   6.5 -57.1    .3 200.0 252.2    .0    .0  62.7  38.9  32.4
1920     341   350    71   100   984.  1715.  5722.  5521. 12957.   .43  3.86  575.  2.25   -8.  117.   70.    228.  17.  12. 219.  4.34 104.5   6.5-102.9   2.1 200.0 205.6   1.4    .0  63.0  38.8  32.3
1921     341   351    73   103  1067.  1877.  5666.  6010. 13553.   .44  4.23  573.  2.36  -27.   58.   68.    225.   0.   6. 268.  4.63 110.0   6.5 -99.6   1.0 200.0 214.4    .0    .0  63.2  39.0  32.5
1922     341   349    75   104  1131.  1980.  6662.  5883. 14525.   .41  4.52  640.  2.27  -26.   53.   66.    225.   0.   5. 269.  5.00 107.8   6.5 -74.4   1.0 200.0 236.9    .0    .0  61.3  38.9  32.4
1923     341   350    75   100  1023.  1800.  5849.  4850. 12499.   .39  3.97  546.  2.29  -35.   41.   73.    229.   0.   4. 300.  4.14 106.2   6.5 -94.4    .7 200.0 214.7    .0    .0  58.2  38.9  32.4
1924     341   351    77   105  1156.  2035.  6430.  5648. 14113.   .40  4.55  619.  2.28  -27.   26.   65.    230.   0.   3. 298.  4.79 106.7   6.5 -68.3    .5 200.0 240.8    .0    .0  58.6  38.9  32.4
1925     341   347    75   104  1186.  2085.  6698.  5960. 14743.   .40  4.76  664.  2.22  -33.   13.   64.    234.   0.   1. 319.  4.95 107.5   6.5 -64.5    .2 200.0 245.2    .0    .0  60.1  38.9  32.4
1926     341   349    72   102  1038.  1829.  6188.  6035. 14052.   .43  4.15  582.  2.41  -14.   52.   70.    212.   0.   5. 250.  4.97 109.0   6.5 -89.4    .9 200.0 223.8    .0    .0  62.8  39.0  32.5
1927     341   348    75   102  1107.  1932.  6418.  5601. 13951.   .40  4.30  606.  2.30  -22.    7.   69.    222.   0.   1. 308.  4.78 106.5   6.5 -81.3    .1 200.0 227.4    .0    .0  61.3  38.9  32.4
1928     341   353    73   102   933.  1630.  5764.  5393. 12787.   .42  3.67  546.  2.34  -25.   61.   76.    213.   0.   6. 259.  4.42 107.0   6.5-105.9   1.1 200.0 206.0    .0    .0  62.1  38.9  32.4
1929     341   349    72   104  1051.  1830.  6043.  6020. 13893.   .43  4.18  615.  2.26  -29.   26.   72.    221.   0.   3. 299.  4.74 109.4   6.5 -92.8    .5 200.0 220.5    .0    .0  63.0  39.0  32.5
1930     341   349    75   111  1058.  1842.  6645.  6967. 15454.   .45  4.19  693.  2.23  -19.    0.   82.    207.   0.   0. 308.  5.34 111.2   6.5 -75.1    .0 200.0 240.0    .0    .0  64.4  39.0  32.5
1931     341   348    72    99  1068.  1900.  6251.  5341. 13492.   .40  4.31  606.  2.23  -25.   45.   70.    236.   0.   4. 290.  4.42 108.0   6.5 -86.7    .8 200.0 224.5    .0    .0  60.1  38.9  32.4

 MEANS over  30 years  :
        341.  349.   74.  105.  1069.  1875.  6309.  6057. 14241.   .42  4.26  623.  2.29  -24.   74.   71.    219.   9.   7. 256.  4.93 107.6   6.5 -83.6   1.3 200.0 227.4    .9    .0  62.7  38.9  32.4
 STANDARD DEVIATIONS  :
          0.    1.    3.    3.    76.   137.   471.   607.   880.   .03   .31   41.   .05    8.   68.    7.      9.  28.   7.  51.   .41   2.1    .0  15.8   1.2    .0  14.4   3.3    .0   2.8    .1    .1
 VARIATION COEFFICIENTS (%)  : 
          .0    .4   3.7   3.1    7.1    7.3    7.5   10.0    6.2   6.8   7.3   6.6   2.3  33.8  91.5   9.8     4.2310.5 91.5 19.9   8.4   2.0    .2  18.9  91.5    .0   6.3 355.7    .0   4.4    .2    .2



*** RESULTS OF CROP GROWTH MODEL NWHEAT *** SUMMARY OF OUTPUT FOR WINTER WHEAT AND YIELD STATISTICS ***

Name of run: SHVW1, Station= UKHIV, Soil=   1, Crop=   1, Organic M.=   1, Nsoil=   1, IRR=   0, Runof=  .10
 Sevil., UKHI scen.(normal), Var. change,wat-lim. prod.,CO2 353ppm               


YEAR     SOW EMERG  ANTH  HALT   WRT   WLV    WST   WGR    TAGB     HI  LAIM PARAB  RUE   DWAV RAIN  ESOIL   TRANS DRAIN RUNOF IRR  WUE MINOM MINFM DNTOT NRAIN NGIFT NUPT  NLEACH NIMMO  NUE  DNFM  NBIOM
1902     341   349    72   108   985.  1748.  6224.  3936. 11908.   .33  4.09  643.  1.85   88.  313.   49.    176. 146.  31.   0.  5.30  96.4   6.4 -70.3   5.6 200.0 218.1  17.8    .0  54.6  38.4  32.0
1903     341   348    78   107   914.  1652.  3768.   339.  5759.   .06  3.58  554.  1.04   94.    9.   26.     76.   0.   1.   0.  5.68  72.5   6.0-111.4    .2 200.0 163.7    .0    .0  35.2  36.2  30.2
1904     341   350    71   101   964.  1691.  5584.  1165.  8441.   .14  3.81  552.  1.53   90.  121.   43.    156.   0.  12.   0.  4.24  90.1   6.3 -98.8   2.2 200.0 197.4    .0    .0  42.7  37.9  31.6
1905     341   348    72   105  1054.  1861.  6371.  2375. 10607.   .22  4.34  614.  1.73   87.  102.   31.    148.   0.  10.   0.  5.93  87.9   6.3 -73.7   1.8 200.0 219.7    .0    .0  48.3  37.8  31.5
1906     341   349    76   112   923.  1627.  4420.   296.  6342.   .05  3.65  554.  1.15   92.   58.   57.     88.   0.   6.   0.  4.40  80.0   6.2-106.9   1.0 200.0 178.2    .0    .0  35.6  37.2  31.0
1907     341   351    70   106   749.  1338.  3101.   225.  4664.   .05  3.01  452.  1.03   96.   11.   30.     76.   0.   1.   0.  4.42  74.2   6.1-132.4    .2 200.0 146.6    .0    .0  31.8  36.4  30.3
1908     341   351    72   108   951.  1655.  5442.  3324. 10421.   .32  3.80  574.  1.81   93.  137.   54.    163.   0.  14.   0.  4.82  90.5   6.3-106.9   2.5 200.0 190.4    .0    .0  54.7  38.0  31.7
1909     341   349    72   104  1009.  1792.  6645.  3187. 11623.   .27  4.23  623.  1.87   91.  120.   43.    156.   0.  12.   0.  5.86  89.5   6.3 -78.4   2.2 200.0 217.1    .0    .0  53.6  37.9  31.6
1910     341   349    77   103  1072.  1875.  6860.  2142. 10877.   .20  4.22  608.  1.79   87.  150.   43.    168.  11.  15.   0.  5.16  91.6   6.3 -72.9   2.7 200.0 223.4    .9    .0  48.7  38.1  31.7
1911     341   349    76   106  1067.  1889.  6346.  2473. 10708.   .23  4.35  599.  1.79   88.  129.   41.    163.   0.  13.   0.  5.25  91.9   6.4 -72.3   2.3 200.0 225.1    .0    .0  47.6  38.1  31.8
1912     341   348    75   105  1107.  1939.  6625.  3650. 12214.   .30  4.44  614.  1.99   87.  137.   44.    167.   0.  14.   0.  5.80  92.2   6.4 -72.0   2.5 200.0 225.6    .0    .0  54.1  38.1  31.8
1913     341   350    71   106   849.  1502.  3466.   265.  5233.   .05  3.32  477.  1.10   94.   27.   39.     80.   0.   3.   0.  4.41  76.1   6.1-120.1    .5 200.0 160.5    .0    .0  32.6  36.8  30.6
1914     341   350    77   104  1105.  1957.  5494.   299.  7750.   .04  4.32  557.  1.39   88.   49.   28.    104.   0.   5.   0.  5.88  82.6   6.2 -68.5    .9 200.0 216.5    .0    .0  35.8  37.3  31.1
1915     341   351    70    99   763.  1371.  3071.   221.  4663.   .05  3.04  455.  1.03   94.    5.   22.     76.   0.   0.   0.  4.74  73.3   6.0-130.9    .1 200.0 145.8    .0    .0  32.0  36.3  30.2
1916     341   350    75   107  1040.  1846.  6186.  3912. 11944.   .33  4.30  621.  1.92   87.  151.   40.    164.  20.  15.   0.  5.88  88.4   6.3 -78.5   2.7 200.0 214.6   1.6    .0  55.7  37.8  31.5
1917     341   350    77   107   976.  1763.  4167.   269.  6199.   .04  3.88  532.  1.17   91.   29.   39.     78.   0.   3.   0.  5.28  73.8   6.1-119.1    .5 200.0 159.0    .0    .0  39.0  36.5  30.4
1918     341   349    82   110  1132.  2000.  7198.  3949. 13147.   .30  4.54  664.  1.98   88.  162.   53.    164.  16.  16.   0.  6.04  89.8   6.3 -59.3   2.9 200.0 234.4   1.3    .0  56.1  38.0  31.6
1919     341   347    76   107  1044.  1889.  4943.   283.  7115.   .04  4.28  597.  1.19   90.   15.   23.     81.   0.   2.   0.  6.84  75.6   6.1 -73.4    .3 200.0 204.4    .0    .0  34.8  36.7  30.6
1920     341   350    71   100   936.  1636.  5651.  1552.  8840.   .18  3.73  545.  1.62   89.  117.   32.    158.   4.  12.   0.  4.65  85.0   6.3 -99.1   2.1 200.0 191.4    .3    .0  46.2  37.5  31.3
1921     341   351    73   103   997.  1791.  3855.   244.  5890.   .04  3.96  507.  1.16   89.   58.   42.     99.   0.   6.   0.  4.19  83.6   6.2-101.8   1.0 200.0 184.8    .0    .0  31.9  37.5  31.2
1922     341   349    75   104  1049.  1860.  5413.   328.  7601.   .04  4.26  578.  1.31   88.   53.   41.     95.   0.   5.   0.  5.58  81.8   6.2 -80.7   1.0 200.0 204.4    .0    .0  37.2  37.4  31.1
1923     341   350    75   100   952.  1695.  4804.   265.  6765.   .04  3.69  491.  1.38   90.   41.   37.     90.   0.   4.   0.  5.35  75.5   6.1 -97.0    .7 200.0 181.4    .0    .0  37.3  36.8  30.6
1924     341   351    77   105  1069.  1920.  4448.   223.  6591.   .03  4.08  538.  1.22   90.   26.   34.     79.   0.   3.   0.  5.83  74.3   6.1 -94.3    .5 200.0 182.3    .0    .0  36.1  36.6  30.5
1925     341   347    75   104   986.  1780.  4267.   300.  6348.   .05  4.00  555.  1.14   91.   13.   22.     80.   0.   1.   0.  6.18  75.2   6.1 -87.5    .2 200.0 189.7    .0    .0  33.5  36.6  30.5
1926     341   349    72   102   936.  1680.  4622.   289.  6590.   .04  3.77  505.  1.30   92.   52.   46.     93.   0.   5.   0.  4.74  79.5   6.2 -98.9    .9 200.0 184.6    .0    .0  35.7  37.2  31.0
1927     341   348    75   102   903.  1625.  4085.   272.  5982.   .05  3.49  505.  1.18   95.    7.   25.     76.   0.   1.   0.  5.93  72.0   6.0-100.7    .1 200.0 173.7    .0    .0  34.4  36.2  30.1
1928     341   353    73   102   887.  1565.  4804.   310.  6680.   .05  3.51  493.  1.35   91.   61.   40.    106.   0.   6.   0.  4.58  84.3   6.3-108.2   1.1 200.0 180.8    .0    .0  36.9  37.5  31.3
1929     341   349    72   104   860.  1541.  3451.   226.  5218.   .04  3.46  493.  1.06   92.   26.   39.     76.   0.   3.   0.  4.55  73.2   6.0-121.7    .5 200.0 155.6    .0    .0  33.5  36.3  30.2
1930     341   349    75   111   884.  1576.  4023.   312.  5911.   .05  3.55  539.  1.10   90.    0.   14.     76.   0.   0.   0.  6.58  77.0   6.1-107.0    .0 200.0 174.3    .0    .0  33.9  36.7  30.6
1931     341   348    72    99   869.  1594.  3893.   243.  5730.   .04  3.49  498.  1.15   95.   45.   57.     79.   0.   4.   0.  4.22  75.0   6.1-114.6    .8 200.0 164.0    .0    .0  34.9  36.7  30.6

 MEANS over  30 years  :
        341.  349.   74.  105.   968.  1722.  4974.  1229.  7925.   .12  3.87  551.  1.41   91.   74.   38.    113.   7.   7.   0.  5.28  81.8   6.2 -95.3   1.3 200.0 190.3    .7    .0  40.8  37.2  31.0
 STANDARD DEVIATIONS  :
          0.    1.    3.    3.    96.   165.  1178.  1380.  2549.   .11   .41   56.   .33    3.   68.   11.     38.  26.   7.   0.   .73   7.4    .1  19.9   1.2    .0  25.1   3.2    .0   8.4    .7    .6
 VARIATION COEFFICIENTS (%)  : 
          .0    .4   3.7   3.1    9.9    9.6   23.7  112.3   32.2  89.0  10.5  10.1  23.1   2.9  91.5  28.3    34.0401.0 91.5   .0  13.9   9.0   1.8  20.9  91.5    .0  13.2 439.6    .0  20.6   1.8   1.8



*** RESULTS OF CROP GROWTH MODEL NWHEAT *** SUMMARY OF OUTPUT FOR WINTER WHEAT AND YIELD STATISTICS ***

Name of run: SHVP4, Station= UKHIV, Soil=   1, Crop=   4, Organic M.=   1, Nsoil=   1, IRR=   1, Runof=  .10
 Sevil., UKHI scen.(normal), Var. change, pot. prod., CO2 646 ppm                


YEAR     SOW EMERG  ANTH  HALT   WRT   WLV    WST   WGR    TAGB     HI  LAIM PARAB  RUE   DWAV RAIN  ESOIL   TRANS DRAIN RUNOF IRR  WUE MINOM MINFM DNTOT NRAIN NGIFT NUPT  NLEACH NIMMO  NUE  DNFM  NBIOM
1902     341   349    72   108  1225.  2201.  8197.  9614. 20013.   .48  4.69  684.  2.93   -5.  313.   70.    202. 152.  31. 147.  7.35 112.3   6.5 -26.3   5.6 200.0 275.8  18.7    .0  72.6  39.1  32.6
1903     341   348    78   107  1347.  2368.  9005.  8298. 19671.   .42  4.88  694.  2.84  -27.    9.   65.    215.   0.   1. 299.  7.03 107.3   6.5 -27.6    .2 200.0 281.4    .0    .0  69.9  38.9  32.4
1904     341   350    71   101  1187.  2102.  7690.  7739. 17531.   .44  4.33  591.  2.97  -20.  121.   68.    222.   0.  12. 200.  6.05 109.0   6.5 -57.4   2.2 200.0 256.2    .0    .0  68.4  39.0  32.5
1905     341   348    72   105  1296.  2313.  8149.  8972. 19434.   .46  4.91  655.  2.97  -25.  102.   56.    204.   5.  10. 198.  7.48 105.8   6.5 -25.7   1.8 200.0 284.0    .4    .0  68.4  38.8  32.4
1906     341   349    76   112  1312.  2299.  8241.  9564. 20104.   .48  4.81  685.  2.93  -22.   58.   70.    200.   0.   6. 239.  7.45 110.5   6.5 -39.7   1.0 200.0 274.5    .0    .0  73.3  39.0  32.5
1907     341   351    70   106  1173.  2065.  7494.  8997. 18557.   .48  4.30  619.  3.00  -20.   11.   78.    200.   0.   1. 288.  6.69 111.2   6.5 -55.7    .2 200.0 259.1    .0    .0  71.6  39.0  32.5
1908     341   351    72   108  1169.  2051.  7693.  8827. 18571.   .48  4.29  617.  3.01  -13.  137.   71.    199.   0.  14. 160.  6.87 108.5   6.5 -72.0   2.5 200.0 242.2    .0    .0  76.7  38.9  32.5
1909     341   349    72   104  1315.  2358.  8580.  8852. 19790.   .45  5.04  670.  2.96  -14.  120.   59.    205.  15.  12. 186.  7.49 106.6   6.5 -21.7   2.2 200.0 287.8   1.3    .0  68.8  38.9  32.4
1910     341   349    77   103  1320.  2333.  8802.  7102. 18237.   .39  4.80  632.  2.89  -26.  150.   63.    215.  21.  15. 190.  6.56 105.3   6.5 -26.1   2.7 200.0 281.4   1.8    .0  64.8  38.8  32.3
1911     341   349    76   106  1379.  2455.  8215.  8606. 19276.   .45  5.09  639.  3.02  -14.  129.   54.    208.   0.  13. 158.  7.38 105.7   6.5 -21.6   2.3 200.0 287.6    .0    .0  67.0  38.8  32.4
1912     341   348    75   105  1357.  2395.  8434.  8059. 18888.   .43  4.97  634.  2.98  -32.  137.   62.    209.   8.  14. 188.  6.96 106.8   6.5 -27.0   2.5 200.0 283.1    .6    .0  66.7  38.9  32.4
1913     341   350    71   106  1263.  2209.  7689.  9054. 18952.   .48  4.57  622.  3.05  -17.   27.   67.    200.   0.   3. 259.  7.10 109.5   6.5 -37.4    .5 200.0 275.5    .0    .0  68.8  39.0  32.5
1914     341   350    77   104  1428.  2528.  8405.  7667. 18600.   .41  5.16  625.  2.98  -25.   49.   52.    225.   0.   5. 258.  6.71 104.7   6.5 -11.3    .9 200.0 294.4    .0    .0  63.2  38.8  32.3
1915     341   351    70    99  1225.  2167.  7657.  7781. 17605.   .44  4.55  602.  2.93  -24.    5.   69.    219.   0.   0. 309.  6.10 109.2   6.5 -56.9    .1 200.0 254.4    .0    .0  69.2  39.0  32.5
1916     341   350    75   107  1337.  2379.  8158.  8769. 19306.   .45  4.98  656.  2.94  -26.  151.   63.    218.  39.  15. 210.  6.88 107.5   6.5 -32.6   2.7 200.0 276.1   3.5    .0  69.9  38.9  32.4
1917     341   350    77   107  1387.  2452.  8635.  8586. 19673.   .44  5.04  649.  3.03  -19.   29.   59.    208.   0.   3. 259.  7.39 106.7   6.5 -18.0    .5 200.0 290.5    .0    .0  67.7  38.9  32.4
1918     341   349    82   110  1364.  2429.  9079.  8420. 19927.   .42  5.06  681.  2.93  -18.  162.   59.    201.  17.  16. 150.  7.65 102.9   6.5 -16.4   2.9 200.0 289.1   1.3    .0  68.9  38.7  32.3
1919     341   347    76   107  1456.  2592.  8786.  9072. 20451.   .44  5.39  711.  2.88  -38.   15.   58.    216.   0.   2. 298.  7.46 106.9   6.5  -8.9    .3 200.0 299.2    .0    .0  68.4  38.9  32.4
1920     341   350    71   100  1208.  2126.  7580.  7651. 17357.   .44  4.37  587.  2.96  -12.  117.   63.    221.  18.  12. 210.  6.12 104.5   6.5 -54.6   2.1 200.0 252.6   1.5    .0  68.7  38.8  32.3
1921     341   351    73   103  1309.  2322.  7517.  8111. 17949.   .45  4.76  583.  3.08  -21.   58.   61.    217.   0.   6. 248.  6.45 109.6   6.5 -50.7   1.0 200.0 261.6    .0    .0  68.6  39.0  32.5
1922     341   349    75   104  1378.  2433.  8487.  8057. 18977.   .42  5.07  651.  2.92  -30.   53.   59.    218.   0.   5. 259.  6.86 107.9   6.5 -24.9   1.0 200.0 285.1    .0    .0  66.6  38.9  32.4
1923     341   350    75   100  1280.  2275.  7737.  6937. 16949.   .41  4.60  561.  3.02  -29.   41.   64.    224.   0.   4. 280.  5.90 105.9   6.5 -42.9    .7 200.0 264.2    .0    .0  64.2  38.9  32.4
1924     341   351    77   105  1398.  2481.  8243.  7799. 18523.   .42  5.05  627.  2.96  -21.   26.   59.    221.   0.   3. 278.  6.62 106.7   6.5 -18.5    .5 200.0 289.1    .0    .0  64.1  38.9  32.4
1925     341   347    75   104  1423.  2531.  8489.  8372. 19391.   .43  5.26  672.  2.89  -37.   13.   58.    225.   0.   1. 309.  6.83 107.4   6.5 -16.0    .2 200.0 292.4    .0    .0  66.3  38.9  32.4
1926     341   349    72   102  1295.  2304.  8031.  8265. 18600.   .44  4.76  597.  3.12  -17.   52.   62.    207.   0.   5. 240.  6.90 109.1   6.5 -36.4    .9 200.0 275.5    .0    .0  67.5  39.0  32.5
1927     341   348    75   102  1343.  2368.  8186.  7675. 18229.   .42  4.81  615.  2.97  -17.    7.   63.    215.   0.   1. 288.  6.57 106.3   6.5 -32.5    .1 200.0 274.6    .0    .0  66.4  38.9  32.4
1928     341   353    73   102  1172.  2068.  7587.  7572. 17227.   .44  4.26  565.  3.05  -30.   61.   66.    208.   0.   6. 249.  6.29 107.2   6.5 -56.7   1.1 200.0 254.1    .0    .0  67.8  38.9  32.4
1929     341   349    72   104  1277.  2244.  7800.  8338. 18382.   .45  4.65  624.  2.95  -34.   26.   66.    212.   0.   3. 289.  6.61 109.3   6.5 -45.9    .5 200.0 266.2    .0    .0  69.1  39.0  32.5
1930     341   349    75   111  1308.  2298.  8569.  9711. 20577.   .47  4.78  711.  2.89  -24.    0.   73.    201.   0.   0. 298.  7.51 110.7   6.5 -22.3    .0 200.0 291.4    .0    .0  70.6  39.0  32.5
1931     341   348    72    99  1312.  2357.  8046.  7537. 17940.   .42  4.88  618.  2.90  -29.   45.   62.    229.   0.   4. 280.  6.16 108.2   6.5 -37.9    .8 200.0 272.1    .0    .0  65.9  38.9  32.5

 MEANS over  30 years  :
        341.  349.   74.  105.  1308.  2317.  8173.  8334. 18823.   .44  4.80  636.  2.96  -23.   74.   63.    212.   9.   7. 241.  6.85 107.6   6.5 -34.1   1.3 200.0 275.7   1.0    .0  68.3  38.9  32.4
 STANDARD DEVIATIONS  :
          0.    1.    3.    3.    78.   143.   450.   707.   960.   .02   .29   40.   .06    8.   68.    6.      9.  28.   7.  50.   .50   2.1    .0  15.9   1.2    .0  14.4   3.4    .0   2.8    .1    .1
 VARIATION COEFFICIENTS (%)  : 
          .0    .4   3.7   3.1    5.9    6.2    5.5    8.5    5.1   5.2   6.1   6.3   2.1  32.9  91.5   8.9     4.2303.7 91.5 20.9   7.3   2.0    .2  46.7  91.5    .0   5.2 349.4    .0   4.1    .2    .2



*** RESULTS OF CROP GROWTH MODEL NWHEAT *** SUMMARY OF OUTPUT FOR WINTER WHEAT AND YIELD STATISTICS ***

Name of run: SHVW4, Station= UKHIV, Soil=   1, Crop=   4, Organic M.=   1, Nsoil=   1, IRR=   0, Runof=  .10
 Sevil., UKHI scen.(normal), Var. change,wat-lim. prod.,CO2 646ppm               


YEAR     SOW EMERG  ANTH  HALT   WRT   WLV    WST   WGR    TAGB     HI  LAIM PARAB  RUE   DWAV RAIN  ESOIL   TRANS DRAIN RUNOF IRR  WUE MINOM MINFM DNTOT NRAIN NGIFT NUPT  NLEACH NIMMO  NUE  DNFM  NBIOM
1902     341   349    72   108  1220.  2192.  8101.  5803. 16095.   .36  4.67  668.  2.41   88.  313.   48.    175. 148.  31.   0.  7.24  97.2   6.4 -15.3   5.6 200.0 272.6  18.1    .0  59.1  38.4  32.0
1903     341   348    78   107  1136.  2061.  5242.   471.  7773.   .06  4.09  581.  1.34   93.    9.   26.     76.   0.   1.   0.  7.69  72.9   6.0 -91.4    .2 200.0 185.0    .0    .0  42.0  36.3  30.2
1904     341   350    71   101  1186.  2097.  7254.  1995. 11346.   .18  4.33  568.  2.00   89.  121.   43.    156.   0.  12.   0.  5.71  90.7   6.3 -55.4   2.2 200.0 240.4    .0    .0  47.2  38.0  31.7
1905     341   348    72   105  1291.  2304.  8102.  3535. 13942.   .25  4.90  632.  2.21   87.  102.   31.    147.   0.  10.   0.  7.80  88.5   6.3 -27.6   1.8 200.0 265.3    .0    .0  52.5  37.8  31.5
1906     341   349    76   112  1147.  2040.  6026.   397.  8463.   .05  4.20  584.  1.45   91.   58.   55.     88.   0.   6.   0.  5.91  80.9   6.2 -59.6   1.0 200.0 225.3    .0    .0  37.6  37.3  31.0
1907     341   351    70   106   982.  1775.  4267.   307.  6349.   .05  3.62  483.  1.31   96.   11.   30.     76.   0.   1.   0.  6.03  74.6   6.1 -94.2    .2 200.0 184.2    .0    .0  34.5  36.4  30.4
1908     341   351    72   108  1165.  2044.  7020.  5038. 14102.   .36  4.28  595.  2.37   93.  137.   53.    163.   0.  14.   0.  6.54  91.2   6.3 -58.7   2.5 200.0 238.1    .0    .0  59.2  38.0  31.7
1909     341   349    72   104  1276.  2285.  8540.  4436. 15261.   .29  4.91  646.  2.36   90.  120.   42.    156.   0.  12.   0.  7.70  90.0   6.3 -28.6   2.2 200.0 266.1    .0    .0  57.4  37.9  31.6
1910     341   349    77   103  1317.  2328.  8796.  3470. 14594.   .24  4.79  622.  2.35   87.  150.   43.    168.  11.  15.   0.  6.93  92.1   6.3 -19.4   2.7 200.0 275.8    .9    .0  52.9  38.1  31.7
1911     341   349    76   106  1323.  2362.  8052.  3953. 14367.   .28  4.97  618.  2.33   88.  129.   40.    165.   0.  13.   0.  7.04  92.9   6.4 -18.7   2.3 200.0 278.3    .0    .0  51.6  38.2  31.8
1912     341   348    75   105  1337.  2363.  8410.  5404. 16176.   .33  4.92  625.  2.59   87.  137.   43.    167.   0.  14.   0.  7.69  92.7   6.4 -22.1   2.5 200.0 274.8    .0    .0  58.9  38.1  31.8
1913     341   350    71   106  1078.  1931.  4797.   384.  7112.   .05  3.87  508.  1.40   93.   27.   36.     81.   0.   3.   0.  6.07  77.0   6.1 -78.9    .5 200.0 201.6    .0    .0  35.3  36.9  30.7
1914     341   350    77   104  1368.  2439.  7273.   390. 10102.   .04  4.95  575.  1.76   87.   49.   28.    104.   0.   5.   0.  7.68  83.2   6.2 -21.3    .9 200.0 262.9    .0    .0  38.4  37.4  31.1
1915     341   351    70    99  1008.  1842.  4200.   303.  6346.   .05  3.71  491.  1.29   94.    5.   22.     76.   0.   0.   0.  6.48  73.7   6.1 -92.1    .1 200.0 183.5    .0    .0  34.6  36.4  30.3
1916     341   350    75   107  1279.  2285.  7917.  5422. 15623.   .35  4.85  637.  2.45   87.  151.   39.    163.  21.  15.   0.  7.74  88.9   6.3 -29.1   2.7 200.0 263.1   1.6    .0  59.4  37.9  31.6
1917     341   350    77   107  1219.  2216.  5741.   371.  8327.   .04  4.50  557.  1.50   91.   29.   39.     78.   0.   3.   0.  7.11  74.2   6.1 -77.1    .5 200.0 200.5    .0    .0  41.5  36.6  30.5
1918     341   349    82   110  1364.  2428.  9070.  5813. 17311.   .34  5.06  677.  2.56   87.  162.   51.    165.  17.  16.   0.  8.01  91.1   6.3  -8.8   2.9 200.0 284.9   1.3    .0  60.8  38.1  31.7
1919     341   347    76   107  1287.  2346.  6488.   372.  9207.   .04  4.85  621.  1.48   90.   15.   22.     82.   0.   2.   0.  8.86  76.1   6.1 -20.5    .3 200.0 256.2    .0    .0  35.9  36.8  30.6
1920     341   350    71   100  1169.  2061.  7425.  2380. 11866.   .20  4.28  563.  2.11   88.  117.   32.    157.   4.  12.   0.  6.27  85.6   6.3 -52.7   2.1 200.0 237.1    .3    .0  50.0  37.6  31.3
1921     341   351    73   103  1234.  2233.  5194.   341.  7768.   .04  4.47  525.  1.48   89.   58.   41.    100.   0.   6.   0.  5.52  84.3   6.3 -55.9   1.0 200.0 229.9    .0    .0  33.8  37.6  31.3
1922     341   349    75   104  1302.  2323.  7232.   427.  9982.   .04  4.84  600.  1.66   88.   53.   39.     97.   0.   5.   0.  7.33  82.7   6.2 -29.4   1.0 200.0 255.4    .0    .0  39.1  37.4  31.2
1923     341   350    75   100  1206.  2167.  6435.   355.  8958.   .04  4.34  514.  1.74   89.   41.   35.     91.   0.   4.   0.  7.10  76.2   6.1 -45.3    .7 200.0 232.0    .0    .0  38.6  36.8  30.7
1924     341   351    77   105  1299.  2369.  5837.   293.  8499.   .03  4.71  557.  1.53   90.   26.   34.     79.   0.   3.   0.  7.53  74.8   6.1 -76.2    .5 200.0 200.9    .0    .0  42.3  36.6  30.5
1925     341   347    75   104  1225.  2239.  5730.   403.  8373.   .05  4.58  580.  1.44   91.   13.   22.     81.   0.   1.   0.  8.18  75.7   6.1 -37.3    .2 200.0 238.7    .0    .0  35.1  36.7  30.6
1926     341   349    72   102  1199.  2162.  6348.   390.  8901.   .04  4.43  532.  1.67   91.   52.   44.     95.   0.   5.   0.  6.44  80.4   6.2 -48.6    .9 200.0 234.4    .0    .0  38.0  37.3  31.0
1927     341   348    75   102  1137.  2052.  5711.   379.  8142.   .05  4.11  530.  1.54   94.    7.   24.     76.   0.   1.   0.  8.09  72.5   6.0 -72.0    .1 200.0 203.0    .0    .0  40.1  36.2  30.2
1928     341   353    73   102  1128.  2006.  6523.   477.  9006.   .05  4.12  519.  1.74   91.   61.   40.    106.   0.   6.   0.  6.18  84.9   6.3 -61.3   1.1 200.0 227.1    .0    .0  39.7  37.6  31.3
1929     341   349    72   104  1078.  1954.  4661.   308.  6923.   .04  3.95  517.  1.34   91.   26.   39.     76.   0.   3.   0.  6.05  73.7   6.1 -89.4    .5 200.0 187.7    .0    .0  36.9  36.3  30.3
1930     341   349    75   111  1126.  2026.  5685.   433.  8144.   .05  4.12  572.  1.42   89.    0.   13.     76.   0.   0.   0.  9.10  77.4   6.1 -87.5    .0 200.0 194.6    .0    .0  41.9  36.8  30.7
1931     341   348    72    99  1112.  2054.  5263.   330.  7647.   .04  4.08  525.  1.46   95.   45.   56.     79.   0.   4.   0.  5.65  75.6   6.1 -71.1    .8 200.0 206.6    .0    .0  37.0  36.8  30.6

 MEANS over  30 years  :
        341.  349.   74.  105.  1207.  2166.  6578.  1813. 10557.   .13  4.45  574.  1.81   90.   74.   37.    113.   7.   7.   0.  7.06  82.4   6.2 -51.5   1.3 200.0 233.5    .7    .0  44.4  37.3  31.1
 STANDARD DEVIATIONS  :
          0.    1.    3.    3.   100.   172.  1371.  2042.  3354.   .12   .40   52.   .43    3.   68.   10.     38.  27.   7.   0.   .94   7.4    .1  26.6   1.2    .0  31.9   3.2    .0   9.0    .7    .6
 VARIATION COEFFICIENTS (%)  : 
          .0    .4   3.7   3.1    8.3    8.0   20.8  112.6   31.8  91.0   9.0   9.0  23.8   2.8  91.5  28.1    33.7398.7 91.5   .0  13.3   9.0   1.8  51.6  91.5    .0  13.6 438.0    .0  20.4   1.8   1.8



*** RESULTS OF CROP GROWTH MODEL NWHEAT *** SUMMARY OF OUTPUT FOR WINTER WHEAT AND YIELD STATISTICS ***

Name of run: SHIP1, Station= UKHI , Soil=   1, Crop=   1, Organic M.=   1, Nsoil=   1, IRR=   1, Runof=  .10
 Sevil., UKHI scen.(normal), no Var. change, pot. prod., CO2 353 ppm             


YEAR     SOW EMERG  ANTH  HALT   WRT   WLV    WST   WGR    TAGB     HI  LAIM PARAB  RUE   DWAV RAIN  ESOIL   TRANS DRAIN RUNOF IRR  WUE MINOM MINFM DNTOT NRAIN NGIFT NUPT  NLEACH NIMMO  NUE  DNFM  NBIOM
1902     341   351    74   108   985.  1732.  6064.  6650. 14446.   .46  3.99  622.  2.32   -8.   72.   79.    205.   0.   7. 227.  5.08 111.5   6.5-100.0   1.3 200.0 216.7    .0    .0  66.7  39.0  32.5
1903     341   348    75   103  1004.  1746.  6300.  5321. 13366.   .40  3.99  551.  2.43  -26.   74.   73.    207.   0.   7. 240.  4.77 108.6   6.5 -96.2   1.3 200.0 217.1    .0    .0  61.6  39.0  32.5
1904     341   349    74   105  1049.  1845.  5902.  6389. 14135.   .45  4.17  608.  2.32  -24.   95.   73.    218.   0.   9. 230.  4.86 111.3   6.5 -95.9   1.7 200.0 220.4    .0    .0  64.1  39.0  32.5
1905     341   347    75   109   970.  1699.  6691.  6477. 14866.   .44  3.96  612.  2.43  -17.   74.   80.    177.   0.   7. 208.  5.79 111.2   6.5 -93.1   1.3 200.0 223.6    .0    .0  66.5  39.0  32.5
1906     341   349    78   108  1107.  1924.  6602.  6069. 14594.   .42  4.33  602.  2.42  -25.   82.   69.    198.   0.   8. 218.  5.47 107.9   6.5 -80.6   1.5 200.0 231.5    .0    .0  63.0  38.9  32.4
1907     341   348    72   107  1030.  1785.  6348.  6606. 14739.   .45  4.09  606.  2.43  -11.   81.   75.    194.   0.   8. 208.  5.48 110.6   6.5 -93.4   1.5 200.0 222.5    .0    .0  66.2  39.0  32.5
1908     341   349    70   101   904.  1570.  5515.  5505. 12590.   .44  3.58  523.  2.41  -11.   86.   83.    204.   0.   9. 220.  4.40 111.8   6.5-123.8   1.6 200.0 193.8    .0    .0  65.0  39.1  32.6
1909     341   348    76   105  1067.  1889.  6557.  5850. 14296.   .41  4.38  584.  2.45  -22.   51.   69.    203.   0.   5. 248.  5.25 107.4   6.5 -80.4    .9 200.0 231.0    .0    .0  61.9  38.9  32.4
1910     341   351    75   106  1056.  1852.  6120.  6207. 14179.   .44  4.20  605.  2.35  -13.   46.   73.    214.   0.   5. 258.  4.95 108.5   6.5 -84.2    .8 200.0 228.5    .0    .0  62.1  38.9  32.5
1911     341   349    74   103   973.  1693.  6240.  5206. 13139.   .40  3.82  556.  2.36  -29.   69.   78.    205.   0.   7. 250.  4.65 109.5   6.5-104.6   1.2 200.0 209.6    .0    .0  62.7  39.0  32.5
1912     341   349    80   105  1140.  2011.  7194.  4972. 14177.   .35  4.55  629.  2.25  -24.   79.   65.    222.   0.   8. 240.  4.93 107.7   6.5 -67.4   1.4 200.0 243.4    .0    .0  58.2  38.9  32.4
1913     341   347    73   111  1018.  1775.  6104.  7246. 15126.   .48  4.10  623.  2.43  -23.  114.   78.    192.   0.  11. 190.  5.61 112.1   6.5 -93.6   2.1 200.0 224.4    .0    .0  67.4  39.1  32.6
1914     341   348    73   101   979.  1711.  6279.  5352. 13342.   .40  3.90  575.  2.32  -23.   40.   79.    211.   0.   4. 277.  4.61 109.1   6.5 -99.7    .7 200.0 213.7    .0    .0  62.4  39.0  32.5
1915     341   347    71   100  1014.  1779.  6431.  5528. 13738.   .40  4.13  596.  2.31  -23.   74.   74.    210.   0.   7. 240.  4.84 110.1   6.5 -97.4   1.3 200.0 217.3    .0    .0  63.2  39.0  32.5
1916     341   349    73   110  1058.  1853.  6011.  7388. 15253.   .48  4.25  628.  2.43   -7.   68.   73.    197.   0.   7. 216.  5.66 110.8   6.5 -90.7   1.2 200.0 225.1    .0    .0  67.8  39.0  32.5
1917     341   349    74   104  1022.  1791.  6058.  5824. 13673.   .43  4.08  562.  2.43  -20.   27.   74.    208.   0.   3. 278.  4.83 108.8   6.5 -95.6    .5 200.0 217.0    .0    .0  63.0  39.0  32.5
1918     341   348    72   106  1029.  1769.  5361.  6501. 13631.   .48  3.90  590.  2.31  -22.   59.   77.    222.   0.   6. 267.  4.57 109.5   6.5-104.8   1.1 200.0 209.1    .0    .0  65.2  39.0  32.5
1919     341   350    71    98   943.  1642.  5640.  4905. 12187.   .40  3.74  530.  2.30  -23.   93.   76.    223.   0.   9. 239.  4.08 108.8   6.5-114.3   1.7 200.0 199.7    .0    .0  61.0  39.0  32.5
1920     341   347    71   105   907.  1610.  5927.  6025. 13562.   .44  3.76  563.  2.41  -29.   87.   82.    184.   0.   9. 217.  5.09 112.5   6.5-102.6   1.6 200.0 215.9    .0    .0  62.8  39.1  32.6
1921     341   350    76   112  1044.  1829.  6541.  6851. 15221.   .45  4.33  611.  2.49  -32.   91.   74.    185.   0.   9. 209.  5.87 112.4   6.5 -87.9   1.6 200.0 230.1    .0    .0  66.2  39.1  32.6
1922     341   349    74   108  1030.  1786.  5852.  6680. 14318.   .47  4.01  594.  2.41  -13.   66.   76.    197.   0.   7. 227.  5.24 111.2   6.5 -91.9   1.2 200.0 224.3    .0    .0  63.8  39.0  32.5
1923     341   351    74   103   956.  1667.  5888.  5423. 12978.   .42  3.78  536.  2.42   -8.   78.   76.    204.   0.   8. 218.  4.63 108.1   6.5-107.6   1.4 200.0 205.4    .0    .0  63.2  38.9  32.4
1924     341   349    72   103   964.  1683.  5540.  5759. 12982.   .44  3.74  554.  2.34  -16.   48.   81.    206.   0.   5. 259.  4.53 108.9   6.5-109.1    .9 200.0 204.6    .0    .0  63.5  39.0  32.5
1925     341   349    73   102   992.  1716.  6163.  5539. 13418.   .41  3.89  579.  2.32  -21.   40.   77.    216.   0.   4. 279.  4.57 110.6   6.5-100.0    .7 200.0 214.8    .0    .0  62.5  39.0  32.5
1926     341   348    77   111  1094.  1898.  6337.  6759. 14993.   .45  4.28  612.  2.45  -46.  139.   72.    187.   0.  14. 180.  5.80 108.6   6.5 -81.7   2.5 200.0 232.9    .0    .0  64.4  38.9  32.5
1927     341   349    71   102   935.  1619.  5693.  5769. 13080.   .44  3.70  561.  2.33  -21.   31.   80.    204.   0.   3. 278.  4.59 108.9   6.5-108.0    .6 200.0 205.4    .0    .0  63.7  39.0  32.5
1928     341   349    74   108  1062.  1835.  6132.  6597. 14564.   .45  4.10  614.  2.37  -17.   62.   73.    204.   0.   6. 239.  5.25 109.0   6.5 -85.5   1.1 200.0 228.2    .0    .0  63.8  39.0  32.5
1929     341   347    74   110   971.  1687.  6350.  6465. 14502.   .45  3.87  591.  2.45  -54.  154.   79.    176.   0.  15. 170.  5.70 111.1   6.5 -99.1   2.8 200.0 219.0    .0    .0  66.2  39.0  32.5
1930     341   348    71   104   922.  1621.  5706.  6142. 13468.   .46  3.74  581.  2.32  -31.  113.   81.    207.   0.  11. 217.  4.68 111.2   6.5-111.9   2.0 200.0 205.5    .0    .0  65.5  39.0  32.5
1931     341   347    72    98   983.  1731.  5758.  4749. 12238.   .39  3.98  528.  2.32  -29.   43.   71.    227.   0.   4. 287.  4.11 107.6   6.5-100.6    .8 200.0 210.5    .0    .0  58.1  38.9  32.4

 MEANS over  30 years  :
        341.  349.   74.  105.  1007.  1758.  6110.  6025. 13893.   .43  4.01  584.  2.38  -22.   74.   76.    204.   0.   7. 235.  5.00 109.9   6.5 -96.7   1.3 200.0 218.0    .0    .0  63.7  39.0  32.5
 STANDARD DEVIATIONS  :
          0.    1.    2.    4.    58.   102.   392.   678.   850.   .03   .23   31.   .06   10.   29.    4.     13.   0.   3.  30.   .50   1.5    .0  11.5    .5    .0  10.9    .0    .0   2.3    .1    .0
 VARIATION COEFFICIENTS (%)  : 
          .0    .3   3.0   3.6    5.7    5.8    6.4   11.3    6.1   6.9   5.7   5.3   2.5  45.3  38.9   5.5     6.4   .0 38.9 12.6   9.9   1.4    .1  11.9  38.9    .0   5.0    .0    .0   3.6    .1    .1



*** RESULTS OF CROP GROWTH MODEL NWHEAT *** SUMMARY OF OUTPUT FOR WINTER WHEAT AND YIELD STATISTICS ***

Name of run: SHIW1, Station= UKHI , Soil=   1, Crop=   1, Organic M.=   1, Nsoil=   1, IRR=   0, Runof=  .10
 Sevil., UKHI scen.(normal), no Var. change,wat-lim. prod.,CO2 353ppm            


YEAR     SOW EMERG  ANTH  HALT   WRT   WLV    WST   WGR    TAGB     HI  LAIM PARAB  RUE   DWAV RAIN  ESOIL   TRANS DRAIN RUNOF IRR  WUE MINOM MINFM DNTOT NRAIN NGIFT NUPT  NLEACH NIMMO  NUE  DNFM  NBIOM
1902     341   351    74   108   954.  1696.  4495.   298.  6489.   .05  3.85  539.  1.20   95.   72.   71.     90.   0.   7.   0.  4.05  82.2   6.2 -95.2   1.3 200.0 192.0    .0    .0  33.8  37.4  31.2
1903     341   348    75   103   941.  1674.  3679.   372.  5726.   .07  3.64  470.  1.22  100.   74.   79.     88.   0.   7.   0.  3.43  79.3   6.2-113.6   1.3 200.0 169.2    .0    .0  33.8  37.2  31.0
1904     341   349    74   105  1037.  1836.  5021.   326.  7183.   .05  4.11  556.  1.29   94.   95.   68.    112.   0.   9.   0.  4.01  89.2   6.3 -94.6   1.7 200.0 199.1    .0    .0  36.1  37.9  31.6
1905     341   347    75   109   881.  1555.  5527.   452.  7535.   .06  3.61  539.  1.40   92.   74.   75.     83.   0.   7.   0.  4.77  79.9   6.2-101.4   1.3 200.0 184.4    .0    .0  40.9  37.2  31.0
1906     341   349    78   108  1088.  1907.  5456.   358.  7721.   .05  4.21  554.  1.39   94.   82.   75.     92.   0.   8.   0.  4.61  79.4   6.2 -78.8   1.5 200.0 204.3    .0    .0  37.8  37.2  31.0
1907     341   348    72   107   860.  1543.  3511.   286.  5340.   .05  3.41  478.  1.12   96.   81.   89.     79.   0.   8.   0.  3.17  76.2   6.1-135.9   1.5 200.0 145.9    .0    .0  36.6  36.8  30.7
1908     341   349    70   101   892.  1560.  4383.   298.  6241.   .05  3.50  467.  1.34   94.   86.   66.    106.   0.   9.   0.  3.63  87.8   6.3-122.0   1.6 200.0 171.2    .0    .0  36.5  37.9  31.6
1909     341   348    76   105  1009.  1818.  4870.   316.  7003.   .05  4.14  526.  1.33   96.   51.   59.     82.   0.   5.   0.  4.95  76.9   6.2 -83.5    .9 200.0 196.5    .0    .0  35.6  36.9  30.8
1910     341   351    75   106   970.  1742.  4238.   255.  6235.   .04  3.81  511.  1.22   99.   46.   61.     79.   0.   5.   0.  4.44  75.0   6.1-112.2    .8 200.0 167.3    .0    .0  37.3  36.7  30.6
1911     341   349    74   103   959.  1679.  5227.   342.  7249.   .05  3.75  510.  1.42   94.   69.   60.     95.   0.   7.   0.  4.66  82.1   6.2 -99.3   1.2 200.0 187.0    .0    .0  38.8  37.4  31.2
1912     341   349    80   105  1139.  2009.  7054.   439.  9503.   .05  4.52  606.  1.57   90.   79.   51.    111.   0.   8.   0.  5.90  88.6   6.3 -61.8   1.4 200.0 230.0    .0    .0  41.3  37.9  31.6
1913     341   347    73   111   994.  1749.  4766.  1172.  7687.   .15  3.99  542.  1.42   81.  114.   93.     90.   0.  11.   0.  4.19  83.3   6.3 -73.0   2.1 200.0 215.4    .0    .0  35.7  37.5  31.3
1914     341   348    73   101   815.  1471.  3567.   299.  5336.   .06  3.27  469.  1.14   99.   40.   59.     76.   0.   4.   0.  3.96  72.3   6.0-138.7    .7 200.0 138.8    .0    .0  38.5  36.1  30.1
1915     341   347    71   100   934.  1677.  3878.   323.  5878.   .05  3.69  511.  1.15   90.   74.   72.     84.   0.   7.   0.  3.76  79.4   6.2-108.6   1.3 200.0 174.5    .0    .0  33.7  37.2  31.0
1916     341   349    73   110  1034.  1821.  4744.   290.  6854.   .04  4.05  544.  1.26   96.   68.   59.     98.   0.   7.   0.  4.37  84.6   6.3 -96.0   1.2 200.0 193.5    .0    .0  35.4  37.6  31.3
1917     341   349    74   104   862.  1556.  3678.   271.  5505.   .05  3.46  460.  1.20  100.   27.   49.     75.   0.   3.   0.  4.43  71.8   6.0-132.0    .5 200.0 144.8    .0    .0  38.0  36.0  30.0
1918     341   348    72   106   879.  1535.  2832.   146.  4513.   .03  3.24  439.  1.03   83.   59.   61.     76.   0.   6.   0.  3.30  73.9   6.1-122.5   1.1 200.0 155.2    .0    .0  29.1  36.4  30.4
1919     341   350    71    98   905.  1596.  4285.   272.  6154.   .04  3.56  481.  1.28   97.   93.   72.    108.   0.   9.   0.  3.41  84.7   6.3-117.6   1.7 200.0 171.6    .0    .0  35.9  37.6  31.3
1920     341   347    71   105   854.  1523.  5816.   985.  8325.   .12  3.57  519.  1.60   92.   87.   62.    109.   0.   9.   0.  4.87  89.9   6.3-115.8   1.6 200.0 180.5    .0    .0  46.1  38.0  31.7
1921     341   350    76   112  1018.  1804.  4710.   583.  7098.   .08  4.18  545.  1.30   83.   91.   76.     89.   0.   9.   0.  4.32  81.0   6.2 -69.9   1.6 200.0 215.2    .0    .0  33.0  37.3  31.1
1922     341   349    74   108  1014.  1768.  4869.   310.  6948.   .04  3.92  511.  1.36   95.   66.   59.     95.   0.   7.   0.  4.50  83.5   6.3 -93.2   1.2 200.0 195.0    .0    .0  35.6  37.5  31.3
1923     341   351    74   103   941.  1654.  4766.   312.  6732.   .05  3.71  483.  1.40   93.   78.   67.     97.   0.   8.   0.  4.12  80.1   6.2-103.6   1.4 200.0 181.0    .0    .0  37.2  37.2  31.0
1924     341   349    72   103   797.  1438.  3146.   205.  4789.   .04  3.18  442.  1.08   97.   48.   64.     76.   0.   5.   0.  3.42  72.8   6.0-142.2    .9 200.0 135.4    .0    .0  35.4  36.2  30.2
1925     341   349    73   102   872.  1552.  3061.   246.  4859.   .05  3.30  455.  1.07   95.   40.   50.     80.   0.   4.   0.  3.73  76.8   6.1-126.3    .7 200.0 153.7    .0    .0  31.6  36.9  30.7
1926     341   348    77   111   995.  1762.  4420.  1456.  7639.   .19  3.93  537.  1.42   64.  139.   93.     95.   0.  14.   0.  4.05  80.4   6.2 -88.2   2.5 200.0 197.8    .0    .0  38.6  37.3  31.1
1927     341   349    71   102   773.  1362.  3895.   227.  5484.   .04  3.07  454.  1.21   96.   31.   46.     78.   0.   3.   0.  4.41  75.0   6.1-135.3    .6 200.0 145.1    .0    .0  37.8  36.6  30.5
1928     341   349    74   108   887.  1577.  3632.   386.  5596.   .07  3.35  479.  1.17   85.   62.   63.     77.   0.   6.   0.  3.99  72.9   6.0-112.3   1.1 200.0 165.2    .0    .0  33.9  36.3  30.2
1929     341   347    74   110   949.  1662.  4748.  1361.  7771.   .18  3.74  530.  1.47   44.  154.   84.     98.   0.  15.   0.  4.26  86.7   6.3 -84.1   2.8 200.0 209.0    .0    .0  37.2  37.8  31.5
1930     341   348    71   104   876.  1554.  4717.   306.  6576.   .05  3.57  516.  1.27   77.  113.   78.    100.   0.  11.   0.  3.68  86.1   6.3-108.7   2.0 200.0 183.6    .0    .0  35.8  37.7  31.4
1931     341   347    72    98   827.  1483.  4132.   261.  5877.   .04  3.33  448.  1.31   93.   43.   52.     80.   0.   4.   0.  4.47  75.1   6.1-118.1    .8 200.0 161.1    .0    .0  36.5  36.7  30.6

 MEANS over  30 years  :
        341.  349.   74.  105.   932.  1652.  4437.   439.  6528.   .06  3.69  504.  1.29   90.   74.   67.     90.   0.   7.   0.  4.16  80.2   6.2-106.2   1.3 200.0 178.8    .0    .0  36.4  37.1  31.0
 STANDARD DEVIATIONS  :
          0.    1.    2.    4.    86.   146.   879.   332.  1125.   .04   .35   41.   .14   12.   29.   12.     11.   0.   3.   0.   .57   5.3    .1  21.0    .5    .0  24.2    .0    .0   3.1    .6    .5
 VARIATION COEFFICIENTS (%)  : 
          .0    .3   3.0   3.6    9.2    8.9   19.8   75.7   17.2  61.7   9.4   8.1  10.8  12.8  38.9  18.5    12.7   .0 38.9   .0  13.7   6.6   1.5  19.8  38.9    .0  13.6    .0    .0   8.4   1.5   1.5



*** RESULTS OF CROP GROWTH MODEL NWHEAT *** SUMMARY OF OUTPUT FOR WINTER WHEAT AND YIELD STATISTICS ***

Name of run: SHIP4, Station= UKHI , Soil=   1, Crop=   4, Organic M.=   1, Nsoil=   1, IRR=   1, Runof=  .10
 Sevil., UKHI scen.(normal), no Var. change, pot. prod., CO2 646 ppm             


YEAR     SOW EMERG  ANTH  HALT   WRT   WLV    WST   WGR    TAGB     HI  LAIM PARAB  RUE   DWAV RAIN  ESOIL   TRANS DRAIN RUNOF IRR  WUE MINOM MINFM DNTOT NRAIN NGIFT NUPT  NLEACH NIMMO  NUE  DNFM  NBIOM
1902     341   351    74   108  1205.  2132.  7819.  9004. 18955.   .48  4.46  635.  2.99  -13.   72.   73.    197.   0.   7. 217.  7.04 111.2   6.5 -53.5   1.3 200.0 262.0    .0    .0  72.3  39.0  32.5
1903     341   348    75   103  1215.  2130.  7911.  7272. 17312.   .42  4.43  559.  3.10  -30.   74.   68.    198.   0.   7. 230.  6.51 108.6   6.5 -54.4   1.3 200.0 257.8    .0    .0  67.2  39.0  32.5
1904     341   349    74   105  1291.  2288.  7808.  8539. 18635.   .46  4.73  622.  3.00  -19.   95.   65.    211.   0.   9. 210.  6.74 111.7   6.5 -47.4   1.7 200.0 268.1    .0    .0  69.5  39.1  32.5
1905     341   347    75   109  1201.  2114.  8593.  8878. 19585.   .45  4.49  629.  3.11  -21.   74.   72.    171.   0.   7. 198.  8.05 111.1   6.5 -43.5   1.3 200.0 272.2    .0    .0  72.0  39.0  32.5
1906     341   349    78   108  1325.  2322.  8321.  8214. 18857.   .44  4.78  609.  3.10  -19.   82.   63.    189.   0.   8. 198.  7.46 107.2   6.5 -36.1   1.5 200.0 274.2    .0    .0  68.8  38.9  32.4
1907     341   348    72   107  1264.  2213.  8093.  8921. 19227.   .46  4.60  618.  3.11  -15.   81.   68.    187.   0.   8. 197.  7.54 110.6   6.5 -44.7   1.5 200.0 270.1    .0    .0  71.2  39.0  32.5
1908     341   349    70   101  1125.  1969.  7149.  7677. 16795.   .46  4.09  540.  3.11  -16.   86.   74.    198.   0.   9. 210.  6.18 111.8   6.5 -77.8   1.6 200.0 238.6    .0    .0  70.4  39.1  32.5
1909     341   348    76   105  1296.  2311.  8279.  8045. 18635.   .43  4.89  595.  3.13  -25.   51.   63.    196.   0.   5. 238.  7.20 107.4   6.5 -33.8    .9 200.0 276.3    .0    .0  67.5  38.9  32.4
1910     341   351    75   106  1311.  2319.  7957.  8488. 18763.   .45  4.80  620.  3.03  -17.   46.   65.    208.   0.   5. 248.  6.88 108.5   6.5 -31.5    .8 200.0 279.9    .0    .0  67.0  38.9  32.5
1911     341   349    74   103  1215.  2130.  8049.  7476. 17655.   .42  4.39  573.  3.08  -23.   69.   68.    200.   0.   7. 230.  6.57 109.6   6.5 -55.1   1.2 200.0 257.8    .0    .0  68.5  39.0  32.5
1912     341   349    80   105  1363.  2420.  8958.  7119. 18498.   .38  5.00  637.  2.91  -18.   79.   60.    213.   0.   8. 220.  6.77 107.7   6.5 -22.1   1.4 200.0 287.4    .0    .0  64.4  38.9  32.4
1913     341   347    73   111  1247.  2193.  7833.  9746. 19772.   .49  4.61  639.  3.09  -27.  114.   70.    185.   0.  11. 180.  7.74 112.4   6.5 -46.9   2.1 200.0 270.7    .0    .0  73.0  39.1  32.6
1914     341   348    73   101  1215.  2138.  8060.  7566. 17765.   .43  4.44  590.  3.01  -18.   40.   70.    205.   0.   4. 257.  6.46 109.0   6.5 -52.2    .7 200.0 259.9    .0    .0  68.4  39.0  32.5
1915     341   347    71   100  1254.  2221.  8146.  7694. 18061.   .43  4.68  610.  2.96  -26.   74.   66.    204.   0.   7. 230.  6.68 110.1   6.5 -48.6   1.3 200.0 264.8    .0    .0  68.2  39.0  32.5
1916     341   349    73   110  1285.  2261.  8039.  9740. 20040.   .49  4.73  641.  3.13  -11.   68.   67.    189.   0.   7. 206.  7.83 111.7   6.5 -43.7   1.2 200.0 272.1    .0    .0  73.7  39.1  32.5
1917     341   349    74   104  1251.  2207.  7753.  8048. 18009.   .45  4.58  574.  3.14  -24.   27.   67.    201.   0.   3. 268.  6.70 108.9   6.5 -50.1    .5 200.0 261.5    .0    .0  68.9  39.0  32.5
1918     341   348    72   106  1253.  2176.  7723.  8500. 18399.   .46  4.42  603.  3.05  -27.   59.   69.    215.   0.   6. 257.  6.49 109.5   6.5 -56.9   1.1 200.0 256.1    .0    .0  71.8  39.0  32.5
1919     341   350    71    98  1152.  2021.  7309.  6885. 16215.   .42  4.18  541.  3.00  -28.   93.   69.    215.   0.   9. 229.  5.70 109.3   6.5 -70.7   1.7 200.0 242.5    .0    .0  66.9  39.0  32.5
1920     341   347    71   105  1118.  1992.  7566.  8268. 17826.   .46  4.25  580.  3.07  -25.   87.   74.    178.   0.   9. 199.  7.06 112.6   6.5 -56.4   1.6 200.0 261.4    .0    .0  68.2  39.1  32.6
1921     341   350    76   112  1274.  2245.  8261.  9184. 19689.   .47  4.84  625.  3.15  -25.   91.   67.    178.   0.   9. 189.  8.01 112.3   6.5 -40.4   1.6 200.0 276.6    .0    .0  71.2  39.1  32.6
1922     341   349    74   108  1251.  2189.  7628.  9038. 18855.   .48  4.50  607.  3.11  -17.   66.   69.    190.   0.   7. 217.  7.29 111.5   6.5 -43.1   1.2 200.0 272.4    .0    .0  69.2  39.0  32.5
1923     341   351    74   103  1196.  2102.  7706.  7610. 17419.   .44  4.36  554.  3.15   -2.   78.   67.    199.   0.   8. 198.  6.55 107.7   6.5 -57.7   1.4 200.0 253.5    .0    .0  68.7  38.9  32.4
1924     341   349    72   103  1192.  2095.  7287.  8031. 17413.   .46  4.25  568.  3.06  -20.   48.   72.    200.   0.   5. 249.  6.41 109.1   6.5 -61.0    .9 200.0 251.6    .0    .0  69.2  39.0  32.5
1925     341   349    73   102  1220.  2129.  7926.  7750. 17805.   .44  4.41  593.  3.00  -16.   40.   69.    209.   0.   4. 259.  6.39 110.4   6.5 -52.4    .7 200.0 261.1    .0    .0  68.2  39.0  32.5
1926     341   348    77   111  1334.  2332.  8041.  9224. 19597.   .47  4.81  625.  3.13  -40.  139.   64.    181.   0.  14. 160.  8.00 108.7   6.5 -33.3   2.5 200.0 280.3    .0    .0  69.9  39.0  32.5
1927     341   349    71   102  1143.  1994.  7459.  7950. 17403.   .46  4.15  575.  3.02  -26.   31.   73.    197.   0.   3. 268.  6.45 108.9   6.5 -62.8    .6 200.0 249.7    .0    .0  69.7  39.0  32.5
1928     341   349    74   108  1314.  2296.  7899.  8905. 19099.   .47  4.70  630.  3.03  -21.   62.   65.    199.   0.   6. 229.  7.24 109.1   6.5 -32.9   1.1 200.0 279.7    .0    .0  68.3  39.0  32.5
1929     341   347    74   110  1205.  2108.  8144.  8833. 19085.   .46  4.41  609.  3.14  -58.  154.   70.    171.   0.  15. 160.  7.92 111.2   6.5 -49.1   2.8 200.0 268.1    .0    .0  71.2  39.0  32.5
1930     341   348    71   104  1171.  2076.  7598.  8547. 18221.   .47  4.38  603.  3.02  -36.  113.   70.    204.   0.  11. 208.  6.66 111.0   6.5 -60.6   2.0 200.0 255.5    .0    .0  71.3  39.0  32.5
1931     341   347    72    98  1205.  2132.  7516.  6684. 16332.   .41  4.47  540.  3.02  -23.   43.   64.    220.   0.   4. 267.  5.75 107.5   6.5 -56.1    .8 200.0 253.7    .0    .0  64.4  38.9  32.4

 MEANS over  30 years  :
        341.  349.   74.  105.  1236.  2175.  7894.  8261. 18331.   .45  4.53  598.  3.06  -23.   74.   68.    197.   0.   7. 221.  6.94 109.9   6.5 -49.2   1.3 200.0 264.5    .0    .0  69.3  39.0  32.5
 STANDARD DEVIATIONS  :
          0.    1.    2.    4.    61.   110.   379.   785.   987.   .02   .23   31.   .06   10.   29.    3.     13.   0.   3.  30.   .64   1.6    .0  11.9    .5    .0  11.5    .0    .0   2.2    .1    .0
 VARIATION COEFFICIENTS (%)  : 
          .0    .3   3.0   3.6    5.0    5.1    4.8    9.5    5.4   5.3   5.0   5.1   2.0  42.5  38.9   5.1     6.4   .0 38.9 13.4   9.3   1.5    .1  24.2  38.9    .0   4.3    .0    .0   3.2    .1    .1



*** RESULTS OF CROP GROWTH MODEL NWHEAT *** SUMMARY OF OUTPUT FOR WINTER WHEAT AND YIELD STATISTICS ***

Name of run: SHIW4, Station= UKHI , Soil=   1, Crop=   4, Organic M.=   1, Nsoil=   1, IRR=   0, Runof=  .10
 Sevil., UKHI scen.(normal), no Var. change,wat-lim. prod.,CO2 646ppm            


YEAR     SOW EMERG  ANTH  HALT   WRT   WLV    WST   WGR    TAGB     HI  LAIM PARAB  RUE   DWAV RAIN  ESOIL   TRANS DRAIN RUNOF IRR  WUE MINOM MINFM DNTOT NRAIN NGIFT NUPT  NLEACH NIMMO  NUE  DNFM  NBIOM
1902     341   351    74   108  1173.  2096.  5985.   392.  8472.   .05  4.31  559.  1.51   95.   72.   69.     91.   0.   7.   0.  5.29  83.2   6.3 -50.5   1.3 200.0 236.6    .0    .0  35.8  37.5  31.3
1903     341   348    75   103  1163.  2081.  5180.   523.  7784.   .07  4.12  492.  1.58   99.   74.   78.     88.   0.   7.   0.  4.70  80.5   6.2 -65.8   1.3 200.0 216.7    .0    .0  35.9  37.3  31.1
1904     341   349    74   105  1280.  2280.  6744.   572.  9595.   .06  4.65  577.  1.66   91.   95.   64.    113.   0.   9.   0.  5.43  90.8   6.3 -47.0   1.7 200.0 247.2    .0    .0  38.8  38.1  31.7
1905     341   347    75   109  1110.  1965.  7750.   627. 10341.   .06  4.18  571.  1.81   90.   74.   71.     85.   0.   7.   0.  6.61  80.9   6.2 -51.2   1.3 200.0 234.5    .0    .0  44.1  37.3  31.1
1906     341   349    78   108  1316.  2315.  7469.   722. 10507.   .07  4.71  575.  1.83   91.   82.   70.     95.   0.   8.   0.  6.37  80.8   6.2 -24.0   1.5 200.0 259.3    .0    .0  40.5  37.3  31.1
1907     341   348    72   107  1080.  1976.  4813.   424.  7213.   .06  3.92  505.  1.43   93.   81.   87.     80.   0.   8.   0.  4.34  77.8   6.2-105.7   1.5 200.0 176.4    .0    .0  40.9  37.0  30.8
1908     341   349    70   101  1119.  1964.  6256.   401.  8621.   .05  4.02  493.  1.75   92.   86.   62.    108.   0.   9.   0.  5.07  89.5   6.3 -78.5   1.6 200.0 215.4    .0    .0  40.0  38.0  31.7
1909     341   348    76   105  1243.  2246.  6523.   415.  9184.   .05  4.64  546.  1.68   94.   51.   57.     83.   0.   5.   0.  6.55  77.9   6.2 -36.2    .9 200.0 243.5    .0    .0  37.7  37.0  30.9
1910     341   351    75   106  1222.  2210.  5653.   341.  8204.   .04  4.51  535.  1.53   98.   46.   60.     79.   0.   5.   0.  5.87  76.0   6.1 -67.0    .8 200.0 212.0    .0    .0  38.7  36.8  30.7
1911     341   349    74   103  1201.  2115.  7192.   445.  9752.   .05  4.32  536.  1.82   93.   69.   58.     97.   0.   7.   0.  6.30  83.4   6.3 -48.7   1.2 200.0 237.6    .0    .0  41.1  37.5  31.3
1912     341   349    80   105  1362.  2417.  8933.   700. 12050.   .06  5.00  617.  1.95   89.   79.   49.    111.   0.   8.   0.  7.50  89.5   6.3 -17.0   1.4 200.0 274.5    .0    .0  43.9  38.0  31.6
1913     341   347    73   111  1223.  2170.  6336.  1663. 10169.   .16  4.49  568.  1.79   77.  114.   89.     91.   0.  11.   0.  5.65  85.0   6.3 -35.5   2.1 200.0 253.8    .0    .0  40.1  37.6  31.4
1914     341   348    73   101  1043.  1891.  4882.   407.  7180.   .06  3.82  498.  1.44   98.   40.   57.     76.   0.   4.   0.  5.39  73.4   6.1-112.9    .7 200.0 165.6    .0    .0  43.4  36.3  30.3
1915     341   347    71   100  1171.  2126.  5247.   437.  7810.   .06  4.29  536.  1.46   88.   74.   69.     85.   0.   7.   0.  5.07  80.7   6.2 -58.9   1.3 200.0 223.7    .0    .0  34.9  37.3  31.1
1916     341   349    73   110  1266.  2238.  6327.   380.  8945.   .04  4.60  566.  1.58   96.   68.   58.     99.   0.   7.   0.  5.71  85.5   6.3 -47.5   1.2 200.0 241.8    .0    .0  37.0  37.7  31.4
1917     341   349    74   104  1075.  1956.  4957.   367.  7280.   .05  3.97  481.  1.51   99.   27.   48.     75.   0.   3.   0.  5.88  72.4   6.0-109.2    .5 200.0 168.3    .0    .0  43.3  36.1  30.1
1918     341   348    72   106  1088.  1933.  3860.   200.  5992.   .03  3.74  465.  1.29   83.   59.   60.     76.   0.   6.   0.  4.41  74.3   6.1 -84.5   1.1 200.0 192.4    .0    .0  31.2  36.5  30.4
1919     341   350    71    98  1124.  1991.  5939.   396.  8326.   .05  4.04  501.  1.66   96.   93.   69.    110.   0.   9.   0.  4.64  85.9   6.3 -74.1   1.7 200.0 215.2    .0    .0  38.7  37.7  31.4
1920     341   347    71   105  1081.  1934.  7463.  1743. 11139.   .16  4.14  546.  2.04   92.   87.   59.    111.   0.   9.   0.  6.54  91.0   6.3 -68.9   1.6 200.0 227.6    .0    .0  48.9  38.1  31.7
1921     341   350    76   112  1245.  2225.  6259.   916.  9400.   .10  4.71  568.  1.66   82.   91.   74.     90.   0.   9.   0.  5.75  81.8   6.2 -37.8   1.6 200.0 248.1    .0    .0  37.9  37.4  31.1
1922     341   349    74   108  1237.  2175.  6305.   399.  8879.   .04  4.44  532.  1.67   93.   66.   57.     96.   0.   7.   0.  5.82  84.9   6.3 -48.3   1.2 200.0 240.3    .0    .0  37.0  37.6  31.4
1923     341   351    74   103  1186.  2095.  6588.   486.  9169.   .05  4.27  509.  1.80   92.   78.   62.    100.   0.   8.   0.  5.66  81.5   6.2 -53.8   1.4 200.0 230.9    .0    .0  39.7  37.4  31.1
1924     341   349    72   103  1002.  1827.  4253.   277.  6357.   .04  3.67  465.  1.37   96.   48.   63.     76.   0.   5.   0.  4.56  73.5   6.1-110.9    .9 200.0 166.8    .0    .0  38.1  36.4  30.3
1925     341   349    73   102  1095.  1972.  4259.   343.  6575.   .05  3.85  483.  1.36   94.   40.   50.     80.   0.   4.   0.  5.06  77.3   6.2 -87.9    .7 200.0 191.4    .0    .0  34.3  37.0  30.8
1926     341   348    77   111  1233.  2204.  5863.  2359. 10425.   .23  4.50  570.  1.83   56.  139.   80.    101.   0.  14.   0.  5.77  82.1   6.2 -40.7   2.5 200.0 245.7    .0    .0  42.4  37.4  31.2
1927     341   349    71   102   979.  1735.  5352.   309.  7396.   .04  3.56  483.  1.53   96.   31.   45.     78.   0.   3.   0.  5.98  75.8   6.1 -97.3    .6 200.0 183.2    .0    .0  40.4  36.7  30.6
1928     341   349    74   108  1126.  2035.  4997.   697.  7729.   .09  4.00  510.  1.52   84.   62.   62.     78.   0.   6.   0.  5.52  73.6   6.1 -75.5   1.1 200.0 201.9    .0    .0  38.3  36.4  30.3
1929     341   347    74   110  1187.  2091.  6455.  2265. 10810.   .21  4.31  561.  1.93   41.  154.   79.    101.   0.  15.   0.  6.01  87.7   6.3 -30.5   2.8 200.0 262.5    .0    .0  41.2  37.8  31.5
1930     341   348    71   104  1125.  2012.  6336.   477.  8825.   .05  4.22  547.  1.61   76.  113.   74.    103.   0.  11.   0.  4.98  87.3   6.3 -52.9   2.0 200.0 239.1    .0    .0  36.9  37.8  31.5
1931     341   347    72    98  1047.  1886.  5583.   353.  7822.   .05  3.93  473.  1.65   92.   43.   51.     80.   0.   4.   0.  5.96  75.7   6.1 -71.1    .8 200.0 207.1    .0    .0  37.8  36.8  30.6

 MEANS over  30 years  :
        341.  349.   74.  105.  1160.  2072.  5992.   668.  8732.   .07  4.23  529.  1.64   89.   74.   64.     91.   0.   7.   0.  5.61  81.3   6.2 -63.0   1.3 200.0 222.0    .0    .0  39.3  37.3  31.0
 STANDARD DEVIATIONS  :
          0.    1.    2.    4.    91.   154.  1106.   557.  1472.   .05   .34   39.   .18   12.   29.   11.     12.   0.   3.   0.   .72   5.5    .1  26.0    .5    .0  29.6    .0    .0   3.4    .6    .5
 VARIATION COEFFICIENTS (%)  : 
          .0    .3   3.0   3.6    7.8    7.4   18.5   83.4   16.9  67.8   8.1   7.4  11.2  13.9  38.9  17.0    13.3   .0 38.9   .0  12.8   6.8   1.5  41.3  38.9    .0  13.3    .0    .0   8.7   1.5   1.5



*** RESULTS OF CROP GROWTH MODEL NWHEAT *** SUMMARY OF OUTPUT FOR WINTER WHEAT AND YIELD STATISTICS ***

Name of run: SLOP1, Station= UKLO , Soil=   1, Crop=   1, Organic M.=   1, Nsoil=   1, IRR=   1, Runof=  .10
 Sevil., UKLO scen.(normal), no Var. change, pot. prod., CO2 353 ppm             


YEAR     SOW EMERG  ANTH  HALT   WRT   WLV    WST   WGR    TAGB     HI  LAIM PARAB  RUE   DWAV RAIN  ESOIL   TRANS DRAIN RUNOF IRR  WUE MINOM MINFM DNTOT NRAIN NGIFT NUPT  NLEACH NIMMO  NUE  DNFM  NBIOM
1902     341   352    78   117   927.  1636.  6140.  7256. 15032.   .48  3.78  597.  2.52   -7.  268.   92.    196.  52.  27. 106.  5.20 113.4   6.5-102.7   4.8 200.0 215.4   4.7    .0  69.8  39.1  32.6
1903     341   348    79   108   922.  1591.  6029.  5322. 12942.   .41  3.64  494.  2.62  -24.  275.   83.    202.   7.  27.  70.  4.54 110.1   6.5-113.6   4.9 200.0 205.1    .5    .0  63.1  39.0  32.5
1904     341   350    78   113   977.  1709.  5993.  6679. 14380.   .46  3.92  572.  2.51  -25.  377.   84.    208.  62.  38.  40.  4.91 112.7   6.5-103.1   6.8 200.0 214.5   6.0    .0  67.1  39.1  32.6
1905     341   348    79   118   886.  1548.  6451.  6762. 14760.   .46  3.61  562.  2.63  -56.  310.   93.    164.  34.  31.  68.  5.74 110.6   6.5-105.2   5.6 200.0 212.7   3.0    .0  69.4  39.0  32.5
1906     341   349    83   115  1036.  1790.  6675.  6260. 14725.   .43  4.05  563.  2.62  -13.  326.   76.    190.  62.  33.  48.  5.53 108.4   6.5 -89.2   5.9 200.0 223.7   5.0    .0  65.8  38.9  32.5
1907     341   349    78   113   975.  1687.  6430.  6431. 14549.   .44  3.88  551.  2.64  -19.  281.   84.    189.   0.  28.  38.  5.33 110.6   6.5 -93.5   5.1 200.0 226.4    .0    .0  64.3  39.0  32.5
1908     341   350    74   109   809.  1405.  5297.  5546. 12248.   .45  3.21  474.  2.58  -13.  351.   98.    191.  83.  35.  70.  4.24 111.5   6.5-131.3   6.3 200.0 182.9   8.5    .0  67.0  39.0  32.5
1909     341   348    80   110   961.  1697.  6495.  5757. 13949.   .41  3.96  524.  2.66  -26.  222.   79.    193.  30.  22. 128.  5.12 107.9   6.5 -94.1   4.0 200.0 219.2   2.4    .0  63.6  38.9  32.4
1910     341   352    78   112   961.  1688.  5914.  6568. 14169.   .46  3.87  555.  2.55  -28.  193.   85.    206.   2.  19. 148.  4.87 108.5   6.5-103.6   3.5 200.0 212.2    .2    .0  66.8  38.9  32.5
1911     341   350    79   109   902.  1562.  6173.  5188. 12923.   .40  3.53  508.  2.55  -30.  280.   90.    198.  64.  28. 130.  4.49 108.2   6.5-105.8   5.0 200.0 205.5   6.2    .0  62.9  38.9  32.4
1912     341   350    84   115  1077.  1895.  7006.  6228. 15129.   .41  4.33  610.  2.48  -38.  326.   72.    210.  82.  33. 110.  5.35 109.1   6.5 -74.6   5.9 200.0 235.0   8.6    .0  64.4  39.0  32.5
1913     341   348    78   120   976.  1704.  5973.  7845. 15522.   .51  3.94  598.  2.59  -49.  328.   86.    191.   0.  33.  30.  5.61 115.3   6.5-104.9   5.9 200.0 220.5    .0    .0  70.4  39.2  32.6
1914     341   349    77   106   916.  1592.  6204.  5361. 13157.   .41  3.62  515.  2.55  -30.  185.   87.    203.   0.  19. 154.  4.54 110.0   6.5-109.0   3.3 200.0 208.5    .0    .0  63.1  39.0  32.5
1915     341   347    74   109   965.  1680.  6314.  6506. 14500.   .45  3.90  568.  2.55  -52.  330.   85.    208.   0.  33.  47.  4.96 114.8   6.5 -99.6   5.9 200.0 225.4    .0    .0  64.3  39.1  32.6
1916     341   350    78   117  1002.  1746.  6103.  7488. 15337.   .49  4.01  593.  2.59  -18.  223.   86.    198.  34.  22. 136.  5.39 110.9   6.5 -94.6   4.0 200.0 221.7   2.8    .0  69.2  39.0  32.5
1917     341   349    77   108   903.  1574.  5783.  5613. 12970.   .43  3.58  487.  2.66  -26.  130.   86.    194.   0.  13. 188.  4.64 108.6   6.5-114.4   2.3 200.0 200.7    .0    .0  64.6  39.0  32.5
1918     341   349    76   115   944.  1629.  5371.  7005. 14004.   .50  3.66  553.  2.53  -18.  173.   91.    215.   0.  17. 169.  4.58 112.3   6.5-116.0   3.1 200.0 203.8    .0    .0  68.7  39.1  32.6
1919     341   351    74   105   859.  1484.  5507.  5222. 12213.   .43  3.41  488.  2.50  -15.  403.   89.    215. 152.  40. 108.  4.02 108.9   6.5-110.3   7.3 200.0 187.3  23.0    .0  65.2  39.0  32.5
1920     341   348    76   111   849.  1507.  5876.  5613. 12995.   .43  3.52  506.  2.57  -19.  368.   86.    182. 101.  37.  57.  4.84 109.0   6.5-108.6   6.6 200.0 201.4  10.5    .0  64.5  39.0  32.5
1921     341   351    81   119   998.  1751.  6628.  7062. 15440.   .46  4.15  565.  2.73  -49.  255.   80.    178.   0.  26.  77.  5.99 110.6   6.5 -91.9   4.6 200.0 227.5    .0    .0  67.9  39.0  32.5
1922     341   350    78   115   943.  1635.  5636.  6848. 14119.   .49  3.70  539.  2.62  -30.  284.   84.    195.  41.  28.  96.  5.06 112.2   6.5-109.9   5.1 200.0 208.0   3.8    .0  67.9  39.1  32.6
1923     341   352    78   109   851.  1481.  5606.  5663. 12750.   .44  3.41  478.  2.67  -25.  392.   90.    193. 121.  39.  76.  4.50 109.4   6.5-107.6   7.1 200.0 198.1  15.3    .0  64.4  39.0  32.5
1924     341   349    75   111   881.  1526.  5506.  6087. 13119.   .46  3.42  504.  2.60  -33.  214.   93.    196.   0.  21. 130.  4.54 110.4   6.5-126.7   3.9 200.0 192.2    .0    .0  68.2  39.0  32.5
1925     341   349    76   110   899.  1546.  6082.  5893. 13522.   .44  3.52  525.  2.57  -21.  166.   84.    201.   0.  17. 156.  4.75 109.1   6.5-113.5   3.0 200.0 203.1    .0    .0  66.6  39.0  32.5
1926     341   349    81   117  1044.  1810.  6253.  6845. 14908.   .46  4.13  572.  2.60  -37.  404.   78.    191.  75.  40.  18.  5.53 109.5   6.5 -88.5   7.3 200.0 221.2  11.1    .0  67.4  39.0  32.5
1927     341   350    75   111   855.  1485.  5561.  6213. 13259.   .47  3.43  513.  2.59  -54.  203.   93.    194.   0.  20. 158.  4.62 110.4   6.5-127.5   3.7 200.0 191.2    .0    .0  69.3  39.0  32.5
1928     341   350    78   117  1033.  1799.  6223.  7258. 15280.   .47  4.08  595.  2.57  -28.  171.   72.    202.  11.  17. 159.  5.58 108.8   6.5 -88.2   3.1 200.0 225.8   1.9    .0  67.7  39.0  32.5
1929     341   348    79   117   945.  1637.  6486.  6422. 14545.   .44  3.78  545.  2.67  -38.  322.   86.    177.  19.  32.  30.  5.54 110.9   6.5 -98.5   5.8 200.0 220.6   2.1    .0  65.9  39.0  32.5
1930     341   348    74   109   820.  1439.  5599.  6009. 13047.   .46  3.32  516.  2.53  -21.  323.   93.    194.  40.  32.  58.  4.54 107.1   6.5-121.3   5.8 200.0 192.9   3.7    .0  67.6  38.9  32.4
1931     341   348    75   104   928.  1619.  5490.  5163. 12272.   .42  3.75  465.  2.64  -27.  233.   77.    217.  56.  23. 167.  4.18 107.3   6.5-108.3   4.2 200.0 199.9   7.0    .0  61.4  38.9  32.4

 MEANS over  30 years  :
        341.  349.   78.  112.   935.  1628.  6027.  6270. 13926.   .45  3.74  538.  2.59  -29.  277.   85.    196.  38.  28.  99.  4.96 110.2   6.5-105.2   5.0 200.0 210.1   4.2    .0  66.3  39.0  32.5
 STANDARD DEVIATIONS  :
          0.    1.    3.    4.    67.   117.   423.   726.  1021.   .03   .27   41.   .06   13.   76.    6.     12.  41.   8.  49.   .50   2.0    .0  12.6   1.4    .0  13.2   5.3    .0   2.3    .1    .1
 VARIATION COEFFICIENTS (%)  : 
          .0    .4   3.2   3.8    7.1    7.2    7.0   11.6    7.3   6.1   7.3   7.6   2.2  43.4  27.5   7.3     5.9107.6 27.5 49.9  10.2   1.8    .2  11.9  27.5    .0   6.3 125.7    .0   3.5    .2    .2



*** RESULTS OF CROP GROWTH MODEL NWHEAT *** SUMMARY OF OUTPUT FOR WINTER WHEAT AND YIELD STATISTICS ***

Name of run: SLOW1, Station= UKLO , Soil=   1, Crop=   1, Organic M.=   1, Nsoil=   1, IRR=   0, Runof=  .10
 Sevil., UKLO scen.(normal), no Var. change,wat-lim. prod.,CO2 353ppm            


YEAR     SOW EMERG  ANTH  HALT   WRT   WLV    WST   WGR    TAGB     HI  LAIM PARAB  RUE   DWAV RAIN  ESOIL   TRANS DRAIN RUNOF IRR  WUE MINOM MINFM DNTOT NRAIN NGIFT NUPT  NLEACH NIMMO  NUE  DNFM  NBIOM
1902     341   352    78   117   927.  1636.  6140.  7255. 15031.   .48  3.78  597.  2.52   78.  268.   76.    196.  46.  27.   0.  5.51 103.7   6.5 -92.6   4.8 200.0 216.3   4.0    .0  69.5  38.7  32.3
1903     341   348    79   108   922.  1591.  6028.  5320. 12939.   .41  3.64  494.  2.62   41.  275.   78.    202.   7.  27.   0.  4.61 108.2   6.5-107.8   4.9 200.0 208.9    .5    .0  62.0  38.9  32.4
1904     341   350    78   113   977.  1709.  5992.  6678. 14379.   .46  3.92  572.  2.51   13.  377.   82.    208.  62.  38.   0.  4.95 110.9   6.5-100.6   6.8 200.0 215.2   6.0    .0  66.8  39.0  32.5
1905     341   348    79   118   857.  1505.  6396.  6692. 14593.   .46  3.54  556.  2.62   -8.  310.   90.    161.  20.  31.   0.  5.81 105.3   6.5-104.6   5.6 200.0 209.5   1.7    .0  69.6  38.8  32.3
1906     341   349    83   115  1036.  1790.  6674.  6259. 14723.   .43  4.05  563.  2.62   22.  326.   71.    190.  54.  33.   0.  5.63 106.3   6.5 -86.8   5.9 200.0 224.7   4.2    .0  65.5  38.9  32.4
1907     341   349    78   113   962.  1666.  6412.  6407. 14485.   .44  3.84  549.  2.64   13.  281.   79.    188.   0.  28.   0.  5.44 108.5   6.5 -91.2   5.1 200.0 226.6    .0    .0  63.9  38.9  32.4
1908     341   350    74   109   809.  1405.  5297.  5546. 12247.   .45  3.21  474.  2.58   34.  351.   75.    191.  83.  35.   0.  4.61 108.0   6.5-126.9   6.3 200.0 183.8   8.5    .0  66.6  38.9  32.4
1909     341   348    80   110   937.  1659.  6441.  5654. 13753.   .41  3.88  519.  2.65   74.  222.   70.    189.  14.  22.   0.  5.30 100.8   6.4 -88.5   4.0 200.0 219.2   1.1    .0  62.8  38.6  32.2
1910     341   352    78   112   937.  1653.  5882.  5435. 12969.   .42  3.81  550.  2.36   83.  193.   72.    184.   0.  19.   0.  5.06  99.3   6.4 -95.8   3.5 200.0 211.1    .0    .0  61.4  38.5  32.1
1911     341   350    79   109   902.  1562.  6171.  5142. 12875.   .40  3.53  508.  2.54   74.  280.   75.    197.  54.  28.   0.  4.74 101.7   6.4 -96.3   5.0 200.0 209.4   5.0    .0  61.5  38.7  32.2
1912     341   350    84   115  1077.  1895.  7005.  6110. 15010.   .41  4.33  610.  2.46   60.  326.   62.    209.  82.  33.   0.  5.54  99.7   6.4 -63.2   5.9 200.0 236.8   8.6    .0  63.4  38.6  32.1
1913     341   348    78   120   976.  1704.  5972.  7844. 15521.   .51  3.94  598.  2.59  -19.  328.   86.    191.   0.  33.   0.  5.61 114.8   6.5-103.3   5.9 200.0 221.4    .0    .0  70.1  39.1  32.6
1914     341   349    77   106   865.  1510.  6081.  4574. 12165.   .38  3.45  502.  2.42   86.  185.   72.    180.   0.  19.   0.  4.82  99.1   6.4-110.5   3.3 200.0 196.4    .0    .0  61.9  38.5  32.1
1915     341   347    74   109   961.  1673.  6306.  6497. 14476.   .45  3.89  567.  2.55   -7.  330.   83.    207.   0.  33.   0.  4.99 111.7   6.5 -95.3   5.9 200.0 226.6    .0    .0  63.9  39.0  32.5
1916     341   350    78   117   999.  1742.  6099.  7178. 15019.   .48  4.00  592.  2.53   85.  223.   68.    189.  29.  22.   0.  5.84 100.2   6.4 -89.1   4.0 200.0 217.1   2.2    .0  69.2  38.6  32.2
1917     341   349    77   108   838.  1470.  5642.  3127. 10240.   .31  3.41  466.  2.20   91.  130.   75.    133.   0.  13.   0.  4.92  94.0   6.4-116.0   2.3 200.0 184.8    .0    .0  55.4  38.3  31.9
1918     341   349    76   115   943.  1627.  4940.  1341.  7909.   .17  3.64  503.  1.57   73.  173.   88.    140.   0.  17.   0.  3.47  94.0   6.4-101.4   3.1 200.0 199.8    .0    .0  39.6  38.3  31.9
1919     341   351    74   105   844.  1461.  5474.  5163. 12099.   .43  3.36  485.  2.50   73.  403.   89.    213. 134.  40.   0.  4.01 103.6   6.5-106.5   7.3 200.0 188.2  20.6    .0  64.3  38.8  32.3
1920     341   348    76   111   808.  1440.  5767.  5478. 12685.   .43  3.38  495.  2.56    4.  368.   69.    177.  89.  37.   0.  5.15 107.3   6.5-114.1   6.6 200.0 195.9   9.0    .0  64.8  38.9  32.4
1921     341   351    81   119   998.  1750.  6625.  7057. 15432.   .46  4.15  565.  2.73   28.  255.   80.    178.   0.  26.   0.  6.00 104.1   6.5 -79.9   4.6 200.0 232.8    .0    .0  66.3  38.8  32.3
1922     341   350    78   115   943.  1635.  5635.  6847. 14117.   .49  3.70  539.  2.62   45.  284.   69.    195.  36.  28.   0.  5.34 109.5   6.5-105.0   5.1 200.0 210.7   3.2    .0  67.0  39.0  32.5
1923     341   352    78   109   851.  1481.  5606.  5663. 12750.   .44  3.41  478.  2.67   32.  392.   77.    193. 114.  39.   0.  4.71 106.4   6.5-104.4   7.1 200.0 199.1  14.4    .0  64.0  38.9  32.4
1924     341   349    75   111   785.  1369.  5251.  3803. 10423.   .36  3.12  480.  2.17   59.  214.   93.    159.   0.  21.   0.  4.14 100.1   6.4-126.1   3.9 200.0 182.8    .0    .0  57.0  38.6  32.1
1925     341   349    76   110   899.  1546.  6083.  3370. 10999.   .31  3.52  514.  2.14   91.  166.   74.    166.   0.  17.   0.  4.57  94.8   6.4-105.4   3.0 200.0 197.0    .0    .0  55.8  38.3  31.9
1926     341   349    81   117   990.  1727.  6183.  6736. 14646.   .46  3.99  563.  2.60  -37.  404.   76.    187.  63.  40.   0.  5.56 108.5   6.5 -94.9   7.3 200.0 214.7  10.3    .0  68.2  38.9  32.4
1927     341   350    75   111   791.  1382.  5415.  4611. 11408.   .40  3.23  493.  2.31   58.  203.   77.    163.   0.  20.   0.  4.74  94.7   6.4-122.2   3.7 200.0 181.1    .0    .0  63.0  38.3  31.9
1928     341   350    78   117   992.  1743.  5096.  4708. 11546.   .41  3.90  572.  2.02   64.  171.   73.    145.   0.  17.   0.  5.29  89.2   6.3 -74.9   3.1 200.0 220.9    .0    .0  52.3  38.0  31.6
1929     341   348    79   117   945.  1637.  6486.  6422. 14545.   .44  3.78  545.  2.67  -20.  322.   85.    177.   8.  32.   0.  5.56 108.5   6.5 -97.6   5.8 200.0 220.6    .7    .0  65.9  38.9  32.4
1930     341   348    74   109   798.  1403.  5541.  5928. 12872.   .46  3.24  510.  2.52   16.  323.   92.    191.  23.  32.   0.  4.55 104.6   6.5-123.4   5.8 200.0 190.0   2.0    .0  67.7  38.8  32.3
1931     341   348    75   104   911.  1594.  5469.  3843. 10905.   .35  3.70  460.  2.37   83.  233.   69.    192.  32.  23.   0.  4.18  91.8   6.4-103.4   4.2 200.0 192.9   3.6    .0  56.5  38.1  31.8

 MEANS over  30 years  :
        341.  349.   78.  112.   916.  1599.  5937.  5556. 13092.   .42  3.68  531.  2.46   43.  277.   78.    183.  32.  28.   0.  5.02 103.0   6.4-100.9   5.0 200.0 207.8   3.5    .0  62.9  38.7  32.2
 STANDARD DEVIATIONS  :
          0.    1.    3.    4.    76.   132.   493.  1407.  1812.   .07   .30   43.   .24   37.   76.    8.     20.  38.   8.   0.   .59   6.3    .0  14.4   1.4    .0  15.6   4.9    .0   6.2    .3    .2
 VARIATION COEFFICIENTS (%)  : 
          .0    .4   3.2   3.8    8.3    8.2    8.3   25.3   13.8  15.8   8.1   8.1   9.7  87.0  27.5   9.8    10.8118.9 27.5   .0  11.8   6.1    .8  14.3  27.5    .0   7.5 139.8    .0   9.9    .8    .8



*** RESULTS OF CROP GROWTH MODEL NWHEAT *** SUMMARY OF OUTPUT FOR WINTER WHEAT AND YIELD STATISTICS ***

Name of run: SLOP4, Station= UKLO , Soil=   1, Crop=   4, Organic M.=   1, Nsoil=   1, IRR=   1, Runof=  .10
 Sevil., UKLO scen.(normal), no Var. change, pot. prod., CO2 646 ppm             


YEAR     SOW EMERG  ANTH  HALT   WRT   WLV    WST   WGR    TAGB     HI  LAIM PARAB  RUE   DWAV RAIN  ESOIL   TRANS DRAIN RUNOF IRR  WUE MINOM MINFM DNTOT NRAIN NGIFT NUPT  NLEACH NIMMO  NUE  DNFM  NBIOM
1902     341   352    78   117  1116.  1977.  7772.  9805. 19554.   .50  4.15  610.  3.21   -8.  268.   86.    186.  51.  27.  90.  7.18 113.4   6.5 -59.5   4.8 200.0 258.4   4.2    .0  75.7  39.1  32.6
1903     341   348    79   108  1110.  1929.  7460.  7407. 16796.   .44  4.04  506.  3.32  -28.  275.   77.    194.   9.  27.  60.  6.21 110.4   6.5 -72.9   4.9 200.0 245.0    .6    .0  68.6  39.0  32.5
1904     341   350    78   113  1194.  2109.  7678.  9056. 18842.   .48  4.42  589.  3.20  -26.  377.   76.    201.  66.  38.  30.  6.80 112.6   6.5 -55.5   6.8 200.0 260.7   6.4    .0  72.3  39.1  32.6
1905     341   348    79   118  1085.  1907.  8189.  9238. 19334.   .48  4.06  580.  3.33  -58.  310.   85.    157.  37.  31.  58.  7.99 110.4   6.5 -57.6   5.6 200.0 259.1   3.2    .0  74.6  39.0  32.5
1906     341   349    83   115  1232.  2143.  8280.  8506. 18929.   .45  4.44  572.  3.31  -12.  326.   70.    181.  68.  33.  38.  7.53 108.5   6.5 -48.1   5.9 200.0 264.2   4.7    .0  71.6  38.9  32.5
1907     341   349    78   113  1198.  2086.  8095.  8810. 18991.   .46  4.37  566.  3.36  -16.  281.   74.    182.   0.  28.  18.  7.43 110.8   6.5 -45.9   5.1 200.0 273.3    .0    .0  69.5  39.0  32.5
1908     341   350    74   109   998.  1745.  6807.  7816. 16368.   .48  3.63  493.  3.32  -15.  351.   89.    184.  88.  35.  60.  6.00 111.4   6.5 -86.5   6.3 200.0 226.6   8.8    .0  72.2  39.0  32.5
1909     341   348    80   110  1158.  2056.  8098.  7883. 18037.   .44  4.37  536.  3.37  -17.  222.   73.    185.  33.  22. 108.  6.99 108.2   6.5 -52.6   4.0 200.0 259.9   2.6    .0  69.4  38.9  32.4
1910     341   352    78   112  1188.  2103.  7740.  8864. 18707.   .47  4.40  573.  3.26  -22.  193.   75.    200.   4.  19. 128.  6.78 108.8   6.5 -55.4   3.5 200.0 259.6    .3    .0  72.1  39.0  32.5
1911     341   350    79   109  1117.  1952.  7843.  7433. 17228.   .43  4.04  527.  3.27  -31.  280.   80.    193.  68.  28. 120.  6.31 108.4   6.5 -60.7   5.0 200.0 249.4   6.4    .0  69.1  38.9  32.5
1912     341   350    84   115  1274.  2251.  8691.  8422. 19363.   .43  4.70  618.  3.13  -39.  326.   68.    200.  86.  33. 100.  7.23 109.4   6.5 -32.2   5.9 200.0 276.4   8.9    .0  70.0  39.0  32.5
1913     341   348    78   120  1185.  2080.  7853. 10278. 20210.   .51  4.38  616.  3.28  -53.  328.   80.    183.   0.  33.  20.  7.69 115.7   6.5 -60.2   5.9 200.0 265.0    .0    .0  76.3  39.2  32.6
1914     341   349    77   106  1117.  1953.  7836.  7535. 17324.   .43  4.04  528.  3.28  -26.  185.   80.    195.   0.  19. 134.  6.31 109.8   6.5 -66.9   3.3 200.0 249.5    .0    .0  69.4  39.0  32.5
1915     341   347    74   109  1183.  2071.  7928.  8827. 18827.   .47  4.37  583.  3.23  -57.  330.   77.    200.   0.  33.  37.  6.80 114.9   6.5 -52.8   5.9 200.0 271.3    .0    .0  69.4  39.2  32.6
1916     341   350    78   117  1203.  2107.  7795.  9963. 19866.   .50  4.40  606.  3.28  -20.  223.   79.    189.  38.  22. 126.  7.40 111.1   6.5 -53.4   4.0 200.0 262.2   3.0    .0  75.8  39.0  32.5
1917     341   349    77   108  1090.  1912.  7389.  7732. 17033.   .45  3.97  499.  3.42  -23.  130.   79.    185.   0.  13. 170.  6.44 108.8   6.5 -72.4   2.3 200.0 241.7    .0    .0  70.5  39.0  32.5
1918     341   349    76   115  1142.  1988.  7086.  9536. 18609.   .51  4.10  568.  3.27  -15.  173.   83.    207.   0.  17. 149.  6.43 112.3   6.5 -70.2   3.1 200.0 248.8    .0    .0  74.8  39.1  32.6
1919     341   351    74   105  1044.  1818.  7082.  7290. 16190.   .45  3.80  501.  3.23  -18.  403.   82.    206. 156.  40.  98.  5.63 109.2   6.5 -69.2   7.3 200.0 228.8  21.9    .0  70.8  39.0  32.5
1920     341   348    76   111  1037.  1846.  7421.  7775. 17042.   .46  3.94  524.  3.25  -25.  368.   80.    175. 108.  37.  57.  6.68 109.3   6.5 -67.2   6.6 200.0 242.4  10.5    .0  70.3  39.0  32.5
1921     341   351    81   119  1208.  2130.  8203.  9415. 19748.   .48  4.60  579.  3.41  -52.  255.   73.    171.   0.  26.  67.  8.09 110.5   6.5 -47.9   4.6 200.0 270.6    .0    .0  73.0  39.0  32.5
1922     341   350    78   115  1138.  1987.  7286.  9169. 18441.   .50  4.12  553.  3.34  -26.  284.   76.    186.  42.  28.  75.  7.03 112.0   6.5 -67.0   5.1 200.0 249.8   3.9    .0  73.8  39.1  32.5
1923     341   352    78   109  1055.  1851.  7239.  7817. 16906.   .46  3.89  497.  3.40  -25.  392.   81.    187. 126.  39.  66.  6.30 109.7   6.5 -63.9   7.1 200.0 242.7  13.7    .0  69.6  39.0  32.5
1924     341   349    75   111  1072.  1872.  7091.  8376. 17339.   .48  3.82  519.  3.34  -40.  214.   85.    188.   0.  21. 120.  6.35 110.3   6.5 -83.3   3.9 200.0 234.7    .0    .0  73.9  39.0  32.5
1925     341   349    76   110  1100.  1910.  7715.  8115. 17740.   .46  3.98  542.  3.28  -17.  166.   75.    194.   0.  17. 136.  6.60 108.9   6.5 -68.7   3.0 200.0 246.8    .0    .0  71.9  39.0  32.5
1926     341   349    81   117  1258.  2197.  7853.  9269. 19318.   .48  4.58  585.  3.30  -41.  404.   72.    184.  85.  40.  18.  7.55 109.8   6.5 -48.6   7.3 200.0 262.8   8.7    .0  73.5  39.0  32.5
1927     341   350    75   111  1045.  1829.  7163.  8578. 17570.   .49  3.86  530.  3.31  -50.  203.   85.    186.   0.  20. 138.  6.48 109.6   6.5 -83.1   3.7 200.0 234.1    .0    .0  75.0  39.0  32.5
1928     341   350    78   117  1267.  2225.  7903.  9793. 19921.   .49  4.61  611.  3.26  -29.  171.   67.    195.  12.  17. 149.  7.60 108.7   6.5 -38.0   3.1 200.0 275.5   1.3    .0  72.3  38.9  32.5
1929     341   348    79   117  1147.  2003.  8125.  8695. 18822.   .46  4.22  559.  3.36  -40.  322.   80.    169.  31.  32.  30.  7.56 111.0   6.5 -53.6   5.8 200.0 264.1   2.9    .0  71.3  39.0  32.5
1930     341   348    74   109  1030.  1823.  7335.  8409. 17568.   .48  3.84  539.  3.26  -25.  323.   83.    190.  40.  32.  48.  6.44 107.4   6.5 -75.1   5.8 200.0 238.4   3.7    .0  73.7  38.9  32.4
1931     341   348    75   104  1131.  1983.  7108.  6968. 16059.   .43  4.18  476.  3.37  -29.  233.   71.    209.  49.  23. 147.  5.75 107.7   6.5 -66.6   4.2 200.0 242.6   5.3    .0  66.2  38.9  32.4

 MEANS over  30 years  :
        341.  349.   78.  112.  1137.  1995.  7669.  8559. 18223.   .47  4.18  553.  3.30  -29.  277.   78.    189.  40.  28.  87.  6.85 110.3   6.5 -61.2   5.0 200.0 253.5   4.0    .0  71.9  39.0  32.5
 STANDARD DEVIATIONS  :
          0.    1.    3.    4.    73.   129.   439.   865.  1191.   .02   .27   40.   .06   14.   76.    5.     11.  42.   8.  46.   .64   2.0    .0  12.7   1.4    .0  13.8   5.0    .0   2.4    .1    .1
 VARIATION COEFFICIENTS (%)  : 
          .0    .4   3.2   3.8    6.4    6.5    5.7   10.1    6.5   4.9   6.6   7.3   2.0  46.6  27.5   7.0     6.0105.9 27.5 52.7   9.3   1.8    .2  20.8  27.5    .0   5.4 123.0    .0   3.4    .2    .2



*** RESULTS OF CROP GROWTH MODEL NWHEAT *** SUMMARY OF OUTPUT FOR WINTER WHEAT AND YIELD STATISTICS ***

Name of run: SLOW4, Station= UKLO , Soil=   1, Crop=   4, Organic M.=   1, Nsoil=   1, IRR=   0, Runof=  .10
 Sevil., UKLO scen.(normal), no Var. change,wat-lim. prod.,CO2 646ppm            


YEAR     SOW EMERG  ANTH  HALT   WRT   WLV    WST   WGR    TAGB     HI  LAIM PARAB  RUE   DWAV RAIN  ESOIL   TRANS DRAIN RUNOF IRR  WUE MINOM MINFM DNTOT NRAIN NGIFT NUPT  NLEACH NIMMO  NUE  DNFM  NBIOM
1902     341   352    78   117  1116.  1977.  7771.  9804. 19553.   .50  4.15  610.  3.21   70.  268.   75.    186.  51.  27.   0.  7.49 104.6   6.5 -49.8   4.8 200.0 259.2   4.2    .0  75.4  38.8  32.3
1903     341   348    79   108  1110.  1929.  7460.  7406. 16795.   .44  4.04  506.  3.32   29.  275.   74.    194.   9.  27.   0.  6.27 108.8   6.5 -69.3   4.9 200.0 246.8    .6    .0  68.0  39.0  32.5
1904     341   350    78   113  1194.  2109.  7677.  9056. 18842.   .48  4.42  589.  3.20    3.  377.   76.    201.  66.  38.   0.  6.81 111.4   6.5 -53.8   6.8 200.0 261.1   6.4    .0  72.2  39.0  32.5
1905     341   348    79   118  1053.  1859.  8133.  9159. 19150.   .48  3.98  575.  3.33  -18.  310.   83.    155.  23.  31.   0.  8.06 106.8   6.5 -59.2   5.6 200.0 255.4   1.8    .0  75.0  38.9  32.4
1906     341   349    83   115  1232.  2143.  8280.  8506. 18928.   .45  4.44  572.  3.31   15.  326.   68.    181.  60.  33.   0.  7.61 106.8   6.5 -46.8   5.9 200.0 264.7   3.9    .0  71.5  38.9  32.4
1907     341   349    78   113  1181.  2061.  8076.  8783. 18919.   .46  4.33  563.  3.36    1.  281.   73.    181.   0.  28.   0.  7.45 109.3   6.5 -46.1   5.1 200.0 271.6    .0    .0  69.7  39.0  32.5
1908     341   350    74   109   998.  1745.  6807.  7816. 16368.   .48  3.63  493.  3.32   27.  351.   71.    184.  88.  35.   0.  6.42 108.5   6.5 -83.1   6.3 200.0 227.1   8.8    .0  72.1  38.9  32.4
1909     341   348    80   110  1132.  2014.  8046.  7824. 17884.   .44  4.29  531.  3.37   67.  222.   67.    183.  17.  22.   0.  7.16 102.0   6.4 -48.7   4.0 200.0 259.0   1.2    .0  69.0  38.7  32.2
1910     341   352    78   112  1162.  2065.  7554.  7818. 17437.   .45  4.35  569.  3.06   78.  193.   67.    184.   0.  19.   0.  6.93 101.7   6.4 -48.6   3.5 200.0 259.5    .0    .0  67.2  38.7  32.2
1911     341   350    79   109  1117.  1952.  7842.  7430. 17225.   .43  4.04  527.  3.27   69.  280.   70.    193.  58.  28.   0.  6.55 103.0   6.5 -53.2   5.0 200.0 252.6   5.2    .0  68.2  38.7  32.3
1912     341   350    84   115  1274.  2251.  8691.  8421. 19362.   .43  4.70  618.  3.13   53.  326.   60.    200.  86.  33.   0.  7.43 100.4   6.4 -22.4   5.9 200.0 277.2   8.9    .0  69.9  38.6  32.2
1913     341   348    78   120  1185.  2080.  7853. 10278. 20210.   .51  4.38  616.  3.28  -33.  328.   80.    183.   0.  33.   0.  7.69 115.5   6.5 -60.0   5.9 200.0 265.0    .0    .0  76.3  39.2  32.6
1914     341   349    77   106  1074.  1885.  7753.  6885. 16522.   .42  3.92  520.  3.18   83.  185.   68.    181.   0.  19.   0.  6.62 100.3   6.4 -63.8   3.3 200.0 243.2    .0    .0  67.9  38.6  32.2
1915     341   347    74   109  1178.  2063.  7919.  8816. 18798.   .47  4.35  582.  3.23  -21.  330.   77.    199.   0.  33.   0.  6.81 112.4   6.5 -50.3   5.9 200.0 271.3    .0    .0  69.3  39.1  32.6
1916     341   350    78   117  1199.  2102.  7741.  9771. 19614.   .50  4.39  605.  3.24   81.  223.   65.    185.  32.  22.   0.  7.85 101.4   6.4 -46.0   4.0 200.0 260.5   2.4    .0  75.3  38.7  32.2
1917     341   349    77   108  1017.  1794.  7117.  4881. 13792.   .35  3.78  480.  2.87   90.  130.   72.    135.   0.  13.   0.  6.65  95.5   6.4 -74.4   2.3 200.0 227.0    .0    .0  60.8  38.4  32.0
1918     341   349    76   115  1142.  1988.  6623.  2302. 10913.   .21  4.09  527.  2.07   71.  173.   84.    142.   0.  17.   0.  4.83  95.1   6.4 -56.2   3.1 200.0 245.5    .0    .0  44.5  38.3  31.9
1919     341   351    74   105  1032.  1800.  7061.  7258. 16119.   .45  3.77  499.  3.23   61.  403.   82.    205. 138.  40.   0.  5.63 105.1   6.5 -67.3   7.3 200.0 229.1  19.5    .0  70.4  38.8  32.3
1920     341   348    76   111  1006.  1797.  7354.  7688. 16839.   .46  3.85  518.  3.25    2.  368.   65.    172.  96.  37.   0.  7.09 107.7   6.5 -71.0   6.6 200.0 238.8   8.8    .0  70.5  38.9  32.4
1921     341   351    81   119  1208.  2129.  8201.  9413. 19743.   .48  4.60  579.  3.41   14.  255.   73.    171.   0.  26.   0.  8.11 105.8   6.5 -40.8   4.6 200.0 272.8    .0    .0  72.4  38.8  32.4
1922     341   350    78   115  1138.  1987.  7285.  9168. 18440.   .50  4.12  553.  3.34   35.  284.   66.    186.  37.  28.   0.  7.29 110.0   6.5 -64.4   5.1 200.0 251.0   3.3    .0  73.5  39.0  32.5
1923     341   352    78   109  1055.  1851.  7239.  7816. 16906.   .46  3.89  497.  3.40   27.  392.   72.    187. 120.  39.   0.  6.52 106.9   6.5 -61.4   7.1 200.0 243.3  12.9    .0  69.5  38.9  32.4
1924     341   349    75   111   971.  1706.  6824.  6417. 14948.   .43  3.55  501.  2.99   56.  214.   85.    164.   0.  21.   0.  6.01 102.6   6.5 -83.9   3.9 200.0 226.7    .0    .0  65.9  38.7  32.3
1925     341   349    76   110  1100.  1910.  7707.  5224. 14840.   .35  3.98  535.  2.78   89.  166.   71.    167.   0.  17.   0.  6.23  95.8   6.4 -59.8   3.0 200.0 242.6    .0    .0  61.2  38.3  31.9
1926     341   349    81   117  1203.  2112.  7805.  9167. 19084.   .48  4.45  577.  3.30  -41.  404.   70.    180.  72.  40.   0.  7.64 108.8   6.5 -54.0   7.3 200.0 257.0   8.3    .0  74.3  38.9  32.5
1927     341   350    75   111   981.  1726.  6989.  7139. 15854.   .45  3.69  517.  3.07   55.  203.   72.    166.   0.  20.   0.  6.66  95.7   6.4 -76.9   3.7 200.0 226.6    .0    .0  70.0  38.4  32.0
1928     341   350    78   117  1229.  2172.  6966.  6567. 15706.   .42  4.47  596.  2.63   61.  171.   67.    149.   0.  17.   0.  7.29  90.6   6.3 -23.3   3.1 200.0 273.1    .0    .0  57.5  38.1  31.7
1929     341   348    79   117  1147.  2003.  8125.  8694. 18822.   .46  4.22  559.  3.36  -31.  322.   80.    169.  11.  32.   0.  7.57 109.2   6.5 -53.8   5.8 200.0 264.2    .8    .0  71.2  39.0  32.5
1930     341   348    74   109  1009.  1790.  7288.  8346. 17424.   .48  3.78  535.  3.26    4.  323.   83.    188.  24.  32.   0.  6.45 105.7   6.5 -77.5   5.8 200.0 236.0   2.0    .0  73.8  38.8  32.4
1931     341   348    75   104  1115.  1959.  7085.  5634. 14678.   .38  4.14  473.  3.10   82.  233.   66.    191.  35.  23.   0.  5.72  92.6   6.4 -58.0   4.2 200.0 237.9   3.6    .0  61.7  38.2  31.8

 MEANS over  30 years  :
        341.  349.   78.  112.  1119.  1965.  7576.  7783. 17324.   .44  4.13  547.  3.16   36.  277.   73.    179.  34.  28.   0.  6.89 104.0   6.5 -57.5   5.0 200.0 251.5   3.4    .0  68.8  38.7  32.3
 STANDARD DEVIATIONS  :
          0.    1.    3.    4.    82.   143.   500.  1665.  2076.   .06   .30   42.   .27   40.   76.    6.     17.  40.   8.   0.   .75   6.1    .0  14.5   1.4    .0  15.4   4.6    .0   6.4    .3    .2
 VARIATION COEFFICIENTS (%)  : 
          .0    .4   3.2   3.8    7.3    7.3    6.6   21.4   12.0  12.9   7.2   7.6   8.6 110.7  27.5   8.8     9.4116.5 27.5   .0  10.9   5.8    .7  25.3  27.5    .0   6.1 134.6    .0   9.3    .7    .7



*** RESULTS OF CROP GROWTH MODEL NWHEAT *** SUMMARY OF OUTPUT FOR WINTER WHEAT AND YIELD STATISTICS ***

Name of run: S3P1 , Station= 3140 , Soil=   1, Crop=   1, Organic M.=   1, Nsoil=   1, IRR=   1, Runof=  .10
 Sevil., UKTR scen.(normal) dec.31-40, no Var. change, pot. prod., CO2 353 ppm   


YEAR     SOW EMERG  ANTH  HALT   WRT   WLV    WST   WGR    TAGB     HI  LAIM PARAB  RUE   DWAV RAIN  ESOIL   TRANS DRAIN RUNOF IRR  WUE MINOM MINFM DNTOT NRAIN NGIFT NUPT  NLEACH NIMMO  NUE  DNFM  NBIOM
1902     341   357    94   142  1126.  1989.  8012.  9746. 19747.   .49  4.60  798.  2.47  -13.  282.  102.    245.  45.  28. 150.  5.70 111.5   6.5 -46.7   5.1 200.0 269.9   4.1    .0  73.2  39.0  32.5
1903     341   352    95   134  1062.  1874.  7044.  8430. 17348.   .49  4.34  695.  2.49  -20.  271.   94.    244.  15.  27. 130.  5.13 108.3   6.5 -63.6   4.9 200.0 252.3   1.2    .0  68.8  38.9  32.4
1904     341   356    95   134  1238.  2170.  7932.  8310. 18412.   .45  4.95  732.  2.51  -31.  387.   86.    260.  61.  39.  90.  5.31 109.9   6.5 -34.8   7.0 200.0 279.6   5.9    .0  65.8  39.0  32.5
1905     341   351    98   142  1265.  2262.  8578.  9693. 20533.   .47  5.29  794.  2.59  -22.  343.   84.    234.  48.  34.  78.  6.48 107.0   6.5 -16.5   6.2 200.0 296.0   4.0    .0  69.4  38.9  32.4
1906     341   355   100   139  1256.  2237.  7950.  8853. 19041.   .46  5.18  737.  2.59  -42.  387.   77.    246.  43.  39.  60.  5.89 105.5   6.5 -31.1   7.0 200.0 280.8   3.7    .0  67.8  38.8  32.4
1907     341   353    95   137  1268.  2240.  8322.  8993. 19556.   .46  5.16  751.  2.60  -34.  336.   81.    244.   0.  34.  57.  6.02 108.9   6.5 -25.1   6.1 200.0 293.1    .0    .0  66.7  39.0  32.5
1908     341   356    91   134  1023.  1789.  7224.  8462. 17475.   .48  4.07  672.  2.60  -18.  301.  107.    234.  63.  30. 150.  5.13 111.1   6.5 -69.9   5.4 200.0 244.8   6.1    .0  71.4  39.0  32.5
1909     341   352    96   135  1240.  2198.  7823.  8484. 18505.   .46  5.11  708.  2.61  -49.  361.   80.    253.  93.  36. 150.  5.55 107.1   6.5 -18.9   6.5 200.0 284.0  14.0    .0  65.1  38.9  32.4
1910     341   358    95   134  1225.  2154.  7855.  8183. 18192.   .45  4.92  696.  2.61  -71.  339.   82.    255.  33.  34. 135.  5.39 105.5   6.5 -40.6   6.1 200.0 270.7   3.6    .0  67.2  38.8  32.4
1911     341   354    95   128  1165.  2071.  7716.  7182. 16969.   .42  4.73  669.  2.54  -64.  293.   83.    257.  29.  29. 170.  4.99 104.0   6.5 -43.5   5.3 200.0 266.5   2.4    .0  63.7  38.8  32.3
1912     341   355    98   139  1123.  2015.  7283.  8848. 18146.   .49  4.64  740.  2.45  -24.  341.   91.    249.  83.  34. 140.  5.34 106.6   6.5 -50.6   6.1 200.0 257.0   8.9    .0  70.6  38.9  32.4
1913     341   352    95   143  1228.  2147.  7825. 10148. 20119.   .50  4.90  780.  2.58  -36.  387.   85.    242.  21.  39.  37.  6.15 112.2   6.5 -45.9   7.0 200.0 275.0   1.9    .0  73.2  39.1  32.5
1914     341   351    92   132  1196.  2097.  8013.  8494. 18603.   .46  4.80  743.  2.50  -33.  234.   85.    262.   0.  23. 170.  5.36 108.1   6.5 -36.1   4.2 200.0 279.5    .0    .0  66.6  38.9  32.4
1915     341   350    90   134  1224.  2150.  7841.  8991. 18981.   .47  4.93  773.  2.46  -27.  362.   88.    263.  15.  36.  66.  5.41 113.9   6.5 -41.5   6.5 200.0 280.5   1.8    .0  67.7  39.1  32.6
1916     341   355    97   139  1236.  2140.  8307.  9319. 19766.   .47  4.86  787.  2.51  -23.  209.   88.    249.   9.  21. 180.  5.87 106.5   6.5 -26.6   3.8 200.0 286.5    .7    .0  69.0  38.9  32.4
1917     341   353    95   132  1136.  1999.  7760.  7672. 17431.   .44  4.60  659.  2.64  -20.  186.   85.    242.   0.  19. 179.  5.34 106.0   6.5 -46.8   3.4 200.0 266.0    .0    .0  65.5  38.8  32.4
1918     341   354    93   138  1046.  1833.  7292.  8727. 17851.   .49  4.12  711.  2.51  -19.  190.  107.    242.   0.  19. 198.  5.11 107.7   6.5 -62.4   3.4 200.0 253.0    .0    .0  70.6  38.9  32.4
1919     341   356    90   129  1050.  1840.  7123.  7780. 16744.   .46  4.22  676.  2.48  -17.  331.   98.    258. 104.  33. 179.  4.70 107.8   6.5 -59.4   6.0 200.0 245.2  13.3    .0  68.3  38.9  32.4
1920     341   350    92   135  1139.  2001.  7560.  9295. 18856.   .49  4.70  723.  2.61  -79.  479.   80.    241. 128.  48.  97.  5.87 108.4   6.5 -38.7   8.6 200.0 265.9  16.4    .0  70.9  38.9  32.4
1921     341   355   100   139  1141.  2035.  7807.  8270. 18112.   .46  4.70  678.  2.67  -50.  333.   86.    216.   4.  33.  56.  6.00 104.2   6.5 -45.5   6.0 200.0 267.9    .3    .0  67.6  38.8  32.3
1922     341   356    95   134  1121.  1976.  7809.  8162. 17947.   .45  4.54  698.  2.57  -22.  276.   87.    246.  44.  28. 150.  5.39 106.8   6.5 -48.5   5.0 200.0 262.8   4.0    .0  68.3  38.9  32.4
1923     341   358    93   132  1164.  2063.  7446.  8724. 18233.   .48  4.80  695.  2.62  -62.  439.   88.    266. 106.  44. 128.  5.14 109.6   6.5 -44.2   7.9 200.0 264.2  12.8    .0  69.0  39.0  32.5
1924     341   354    93   134  1098.  1900.  7698.  7916. 17514.   .45  4.30  693.  2.53  -25.  256.  101.    242.   0.  26. 138.  5.11 107.4   6.5 -61.3   4.6 200.0 254.7    .0    .0  68.8  38.9  32.4
1925     341   354    92   135  1110.  1970.  7600.  8478. 18048.   .47  4.51  718.  2.51  -26.  173.   95.    248.   0.  17. 213.  5.27 108.8   6.5 -53.7   3.1 200.0 262.2    .0    .0  68.8  38.9  32.5
1926     341   355   101   133  1201.  2093.  8185.  6725. 17003.   .40  4.67  674.  2.52  -49.  451.   85.    237. 101.  45.  65.  5.29 103.1   6.5 -37.7   8.1 200.0 265.7  10.7    .0  64.0  38.7  32.3
1927     341   353    92   134  1060.  1864.  7623.  7888. 17375.   .45  4.28  695.  2.50  -20.  243.   92.    240.   5.  24. 138.  5.23 106.5   6.5 -61.5   4.4 200.0 252.9    .7    .0  68.7  38.9  32.4
1928     341   357    96   139  1238.  2181.  7858.  9474. 19513.   .49  5.00  766.  2.55  -40.  222.   87.    253.  20.  22. 199.  5.75 106.6   6.5 -40.4   4.0 200.0 271.6   2.0    .0  71.8  38.9  32.4
1929     341   351    98   135  1219.  2160.  8372.  7582. 18114.   .42  4.99  697.  2.60  -81.  508.   83.    233. 138.  51.  78.  5.74 105.1   6.5 -20.8   9.1 200.0 277.0  19.6    .0  65.4  38.8  32.3
1930     341   351    92   130  1145.  1995.  7803.  7731. 17529.   .44  4.58  703.  2.49  -18.  322.   90.    252.  27.  32.  97.  5.13 105.7   6.5 -52.2   5.8 200.0 260.4   2.4    .0  67.3  38.8  32.4
1931     341   350    89   127  1057.  1865.  6684.  7002. 15550.   .45  4.19  593.  2.62  -46.  244.   89.    248.   6.  24. 170.  4.61 105.3   6.5 -78.2   4.4 200.0 234.9    .5    .0  66.2  38.8  32.4

 MEANS over  30 years  :
        341.  354.   95.  135.  1160.  2044.  7745.  8452. 18240.   .46  4.69  715.  2.55  -36.  316.   89.    247.  41.  32. 128.  5.45 107.5   6.5 -44.8   5.7 200.0 267.3   4.7    .0  68.2  38.9  32.4
 STANDARD DEVIATIONS  :
          0.    2.    3.    4.    73.   133.   411.   806.  1085.   .02   .33   45.   .06   19.   85.    8.     10.  42.   9.  49.   .42   2.4    .0  14.9   1.5    .0  14.2   5.5    .0   2.4    .1    .1
 VARIATION COEFFICIENTS (%)  : 
          .0    .7   3.2   2.9    6.3    6.5    5.3    9.5    5.9   5.1   6.9   6.3   2.3  52.9  27.0   8.5     4.2100.5 27.0 38.1   7.7   2.3    .2  33.2  27.0    .0   5.3 116.1    .0   3.5    .2    .2



*** RESULTS OF CROP GROWTH MODEL NWHEAT *** SUMMARY OF OUTPUT FOR WINTER WHEAT AND YIELD STATISTICS ***

Name of run: S3W1 , Station= 3140 , Soil=   1, Crop=   1, Organic M.=   1, Nsoil=   1, IRR=   0, Runof=  .10
 Sevil., UKTR scen.(normal) dec.31-40, no Var. change,wat-lim. prod.,CO2 353ppm  


YEAR     SOW EMERG  ANTH  HALT   WRT   WLV    WST   WGR    TAGB     HI  LAIM PARAB  RUE   DWAV RAIN  ESOIL   TRANS DRAIN RUNOF IRR  WUE MINOM MINFM DNTOT NRAIN NGIFT NUPT  NLEACH NIMMO  NUE  DNFM  NBIOM
1902     341   357    94   142  1126.  1989.  8004.  7908. 17901.   .44  4.60  790.  2.27   85.  282.   84.    209.  45.  28.   0.  6.10  98.5   6.4 -36.2   5.1 200.0 267.3   4.1    .0  67.0  38.5  32.1
1903     341   352    95   134  1062.  1874.  7023.  6996. 15893.   .44  4.34  692.  2.30   77.  271.   83.    223.  15.  27.   0.  5.20 100.7   6.4 -59.1   4.9 200.0 249.2   1.2    .0  63.8  38.6  32.2
1904     341   356    95   134  1238.  2170.  7931.  8308. 18409.   .45  4.95  732.  2.51   54.  387.   81.    260.  61.  39.   0.  5.39 107.2   6.5 -27.4   7.0 200.0 284.2   5.9    .0  64.8  38.9  32.4
1905     341   351    98   142  1253.  2244.  8560.  9668. 20472.   .47  5.25  792.  2.59   19.  343.   83.    232.  12.  34.   0.  6.49 104.5   6.5 -17.2   6.2 200.0 295.8    .9    .0  69.2  38.8  32.3
1906     341   355   100   139  1256.  2237.  7949.  8852. 19038.   .46  5.18  737.  2.58   17.  387.   77.    246.  43.  39.   0.  5.91 103.5   6.5 -26.7   7.0 200.0 283.1   3.7    .0  67.2  38.7  32.3
1907     341   353    95   137  1254.  2220.  8303.  8965. 19488.   .46  5.12  748.  2.60   21.  336.   80.    243.   0.  34.   0.  6.03 107.3   6.5 -23.0   6.1 200.0 293.6    .0    .0  66.4  38.9  32.4
1908     341   356    91   134  1023.  1789.  7225.  7564. 16578.   .46  4.07  670.  2.48   88.  301.   82.    214.  63.  30.   0.  5.59 101.1   6.4 -64.2   5.4 200.0 240.6   6.1    .0  68.9  38.6  32.2
1909     341   352    96   135  1231.  2185.  7797.  5858. 15840.   .37  5.08  695.  2.28  -17.  361.   84.    216.   9.  36.   0.  5.29  96.8   6.4 -23.0   6.5 200.0 282.9    .7    .0  56.0  38.4  32.0
1910     341   358    95   134  1212.  2135.  7822.  6116. 16073.   .38  4.89  693.  2.32    3.  339.   83.    224.   2.  34.   0.  5.24  95.3   6.4 -32.1   6.1 200.0 272.4    .1    .0  59.0  38.3  32.0
1911     341   354    95   128  1165.  2071.  7716.  3994. 13781.   .29  4.73  655.  2.10   52.  293.   82.    204.  29.  29.   0.  4.82  92.7   6.4 -34.2   5.3 200.0 264.4   2.4    .0  52.1  38.2  31.8
1912     341   355    98   139  1123.  2015.  7260.  7841. 17116.   .46  4.64  740.  2.31   80.  341.   75.    229.  83.  34.   0.  5.63  96.8   6.4 -36.4   6.1 200.0 261.2   8.9    .0  65.5  38.4  32.0
1913     341   352    95   143  1221.  2136.  7815. 10137. 20088.   .50  4.88  779.  2.58  -23.  387.   84.    241.   0.  39.   0.  6.17 111.5   6.5 -47.8   7.0 200.0 274.4    .0    .0  73.2  39.0  32.5
1914     341   351    92   132  1194.  2093.  7960.  3609. 13662.   .26  4.80  714.  1.91   67.  234.   90.    187.   0.  23.   0.  4.93  96.0   6.4 -23.6   4.2 200.0 279.8    .0    .0  48.8  38.4  32.0
1915     341   350    90   134  1222.  2146.  7836.  8981. 18963.   .47  4.92  772.  2.46   24.  362.   87.    263.   0.  36.   0.  5.42 111.5   6.5 -39.1   6.5 200.0 282.1    .0    .0  67.2  39.0  32.5
1916     341   355    97   139  1236.  2140.  8299.  5762. 16202.   .36  4.86  766.  2.12   86.  209.   77.    188.   9.  21.   0.  6.11  92.4   6.4 -17.5   3.8 200.0 281.5    .7    .0  57.6  38.2  31.8
1917     341   353    95   132  1104.  1948.  7626.  2452. 12026.   .20  4.49  627.  1.92   71.  186.   88.    150.   0.  19.   0.  5.05  92.0   6.4 -34.8   3.4 200.0 263.9    .0    .0  45.6  38.1  31.8
1918     341   354    93   138  1037.  1820.  6319.  3820. 11959.   .32  4.01  675.  1.77   90.  190.   87.    173.   0.  19.   0.  4.58  90.6   6.3 -61.6   3.4 200.0 236.6    .0    .0  50.5  38.0  31.7
1919     341   356    90   129  1045.  1832.  7113.  4934. 13879.   .36  4.20  652.  2.13   89.  331.   80.    211.  96.  33.   0.  4.77  96.3   6.4 -57.5   6.0 200.0 236.9  12.0    .0  58.6  38.4  32.0
1920     341   350    92   135  1130.  1988.  7545.  9271. 18804.   .49  4.67  721.  2.61  -55.  479.   75.    240.  60.  48.   0.  5.95 102.9   6.5 -44.2   8.6 200.0 265.4   5.9    .0  70.9  38.7  32.3
1921     341   355   100   139  1141.  2035.  7806.  8269. 18111.   .46  4.70  678.  2.67    0.  333.   84.    216.   0.  33.   0.  6.04 100.2   6.4 -40.4   6.0 200.0 269.3    .0    .0  67.3  38.6  32.2
1922     341   356    95   134  1121.  1976.  7809.  7060. 16844.   .42  4.54  695.  2.42   87.  276.   76.    215.  44.  28.   0.  5.78  99.5   6.4 -44.8   5.0 200.0 259.3   4.0    .0  65.0  38.5  32.1
1923     341   358    93   132  1164.  2062.  7442.  8078. 17582.   .46  4.80  695.  2.53   30.  439.   82.    256.  87.  44.   0.  5.20 103.6   6.5 -38.2   7.9 200.0 267.5   9.2    .0  65.7  38.7  32.3
1924     341   354    93   134  1005.  1750.  7359.  5724. 14833.   .39  4.01  672.  2.21   74.  256.  100.    204.   0.  26.   0.  4.87  99.0   6.4 -57.5   4.6 200.0 250.0    .0    .0  59.3  38.5  32.1
1925     341   354    92   135  1109.  1967.  7500.  1340. 10807.   .12  4.50  667.  1.62   88.  173.   94.    150.   0.  17.   0.  4.43  90.1   6.3 -59.1   3.1 200.0 238.1    .0    .0  45.4  38.0  31.7
1926     341   355   101   133  1167.  2038.  8120.  6667. 16824.   .40  4.57  667.  2.52  -21.  451.   83.    233.  69.  45.   0.  5.32 101.0   6.4 -42.9   8.1 200.0 262.0   7.3    .0  64.2  38.6  32.2
1927     341   353    92   134   996.  1759.  7454.  6143. 15356.   .40  4.06  679.  2.26   76.  243.   85.    210.   0.  24.   0.  5.20  94.8   6.4 -52.1   4.4 200.0 251.3    .0    .0  61.1  38.3  31.9
1928     341   357    96   139  1133.  2020.  5763.  8237. 16020.   .51  4.45  708.  2.26   61.  222.   90.    171.   0.  22.   0.  6.13  85.1   6.3 -52.9   4.0 200.0 239.4    .0    .0  66.9  37.7  31.4
1929     341   351    98   135  1213.  2150.  8361.  7571. 18083.   .42  4.97  696.  2.60  -81.  508.   81.    232.  62.  51.   0.  5.76 102.3   6.4 -31.1   9.1 200.0 276.6   6.9    .0  65.4  38.7  32.2
1930     341   351    92   130  1140.  1987.  7790.  7717. 17494.   .44  4.56  702.  2.49   61.  322.   82.    251.  17.  32.   0.  5.25 101.0   6.4 -44.6   5.8 200.0 264.1   1.4    .0  66.2  38.6  32.2
1931     341   350    89   127  1051.  1855.  6664.  2945. 11464.   .26  4.18  574.  2.00   59.  244.   92.    186.   0.  24.   0.  4.12  88.5   6.3 -63.3   4.4 200.0 233.3    .0    .0  49.1  37.9  31.6

 MEANS over  30 years  :
        341.  354.   95.  135.  1146.  2021.  7606.  6693. 16320.   .40  4.63  703.  2.31   42.  316.   84.    216.  27.  32.   0.  5.43  98.8   6.4 -41.1   5.7 200.0 264.2   2.7    .0  61.6  38.5  32.1
 STANDARD DEVIATIONS  :
          0.    2.    3.    4.    78.   142.   590.  2231.  2543.   .09   .35   48.   .27   46.   85.    6.     30.  31.   9.   0.   .57   6.3    .1  13.9   1.5    .0  17.5   3.4    .0   7.6    .3    .3
 VARIATION COEFFICIENTS (%)  : 
          .0    .7   3.2   2.9    6.8    7.0    7.8   33.3   15.6  23.0   7.5   6.9  11.6 109.4  27.0   6.6    13.8116.4 27.0   .0  10.5   6.4    .8  33.8  27.0    .0   6.6 126.2    .0  12.3    .8    .8



*** RESULTS OF CROP GROWTH MODEL NWHEAT *** SUMMARY OF OUTPUT FOR WINTER WHEAT AND YIELD STATISTICS ***

Name of run: S3P2 , Station= 3140 , Soil=   1, Crop=   2, Organic M.=   1, Nsoil=   1, IRR=   1, Runof=  .10
 Sevil., UKTR scen.(normal) dec.31-40, no Var. change, pot. prod., CO2 454 ppm   


YEAR     SOW EMERG  ANTH  HALT   WRT   WLV    WST   WGR    TAGB     HI  LAIM PARAB  RUE   DWAV RAIN  ESOIL   TRANS DRAIN RUNOF IRR  WUE MINOM MINFM DNTOT NRAIN NGIFT NUPT  NLEACH NIMMO  NUE  DNFM  NBIOM
1902     341   357    94   142  1209.  2142.  8767. 10982. 21890.   .50  4.81  805.  2.72  -18.  282.   98.    242.  46.  28. 150.  6.44 111.3   6.5 -27.2   5.1 200.0 288.7   4.2    .0  75.8  39.0  32.5
1903     341   352    95   134  1148.  2030.  7690.  9608. 19329.   .50  4.57  705.  2.74  -25.  271.   90.    243.  16.  27. 130.  5.81 108.4   6.5 -45.2   4.9 200.0 270.4   1.2    .0  71.5  38.9  32.4
1904     341   356    95   134  1336.  2350.  8689.  9457. 20496.   .46  5.21  738.  2.78  -36.  387.   82.    259.  61.  39.  90.  6.01 110.1   6.5 -15.1   7.0 200.0 299.0   5.9    .0  68.5  39.0  32.5
1905     341   351    98   142  1352.  2426.  9253. 10833. 22512.   .48  5.51  800.  2.82  -23.  343.   81.    231.  42.  34.  68.  7.21 107.0   6.5    .7   6.2 200.0 313.7   3.2    .0  71.8  38.9  32.4
1906     341   355   100   139  1340.  2394.  8651.  9969. 21014.   .47  5.39  741.  2.83  -46.  387.   75.    243.  45.  39.  60.  6.60 105.7   6.5 -12.1   7.0 200.0 299.5   3.7    .0  70.2  38.8  32.4
1907     341   353    95   137  1365.  2418.  9050. 10162. 21630.   .47  5.41  757.  2.86  -38.  336.   79.    242.   0.  34.  57.  6.74 109.1   6.5  -5.4   6.1 200.0 312.6    .0    .0  69.2  39.0  32.5
1908     341   356    91   134  1116.  1958.  8000.  9675. 19632.   .49  4.33  683.  2.87  -23.  301.  101.    233.  64.  30. 150.  5.87 111.2   6.5 -49.5   5.4 200.0 264.8   6.3    .0  74.1  39.0  32.5
1909     341   352    96   135  1321.  2348.  8521.  9518. 20387.   .47  5.29  712.  2.86  -50.  361.   78.    250.  97.  36. 150.  6.21 107.2   6.5  -2.8   6.5 200.0 302.2  11.7    .0  67.5  38.9  32.4
1910     341   358    95   134  1320.  2331.  8590.  9246. 20166.   .46  5.17  702.  2.87  -71.  339.   79.    253.  37.  34. 135.  6.07 105.6   6.5 -20.8   6.1 200.0 290.4   3.5    .0  69.4  38.8  32.4
1911     341   354    95   128  1253.  2232.  8415.  8178. 18825.   .43  4.95  674.  2.79  -68.  293.   80.    255.  31.  29. 170.  5.62 104.0   6.5 -25.2   5.3 200.0 284.3   2.6    .0  66.2  38.8  32.3
1912     341   355    98   139  1193.  2146.  7980.  9846. 19972.   .49  4.81  745.  2.68  -29.  341.   89.    246.  83.  34. 140.  5.97 106.7   6.5 -34.0   6.1 200.0 273.4   9.0    .0  73.1  38.9  32.4
1913     341   352    95   143  1315.  2304.  8526. 11268. 22098.   .51  5.10  786.  2.81  -37.  387.   83.    239.  16.  39.  27.  6.85 112.3   6.5 -28.5   7.0 200.0 292.9   1.2    .0  75.4  39.1  32.6
1914     341   351    92   132  1288.  2261.  8765.  9640. 20666.   .47  5.04  750.  2.76  -29.  234.   82.    260.   0.  23. 160.  6.05 108.3   6.5 -16.5   4.2 200.0 299.1    .0    .0  69.1  38.9  32.4
1915     341   350    90   134  1313.  2307.  8528. 10171. 21007.   .48  5.13  778.  2.70  -29.  362.   85.    260.  18.  36.  66.  6.08 114.0   6.5 -22.6   6.5 200.0 299.3   1.9    .0  70.2  39.1  32.6
1916     341   355    97   139  1323.  2299.  9040. 10560. 21899.   .48  5.07  793.  2.76  -28.  209.   85.    246.   9.  21. 180.  6.62 106.7   6.5  -8.1   3.8 200.0 304.9    .7    .0  71.8  38.9  32.4
1917     341   353    95   132  1227.  2166.  8484.  8773. 19423.   .45  4.84  667.  2.91  -24.  186.   82.    240.   0.  19. 179.  6.03 106.3   6.5 -27.6   3.4 200.0 285.2    .0    .0  68.1  38.9  32.4
1918     341   354    93   138  1137.  2000.  8093.  9937. 20031.   .50  4.38  721.  2.78  -26.  190.  101.    242.   0.  19. 197.  5.85 107.4   6.5 -41.0   3.4 200.0 273.8    .0    .0  73.1  38.9  32.4
1919     341   356    90   129  1135.  1998.  7840.  8813. 18650.   .47  4.44  683.  2.73  -12.  331.   94.    256. 105.  33. 169.  5.32 107.6   6.5 -41.1   6.0 200.0 262.9  13.3    .0  70.9  38.9  32.4
1920     341   350    92   135  1220.  2147.  8239. 10467. 20853.   .50  4.90  730.  2.86  -80.  479.   77.    239. 133.  48.  97.  6.59 108.5   6.5 -20.7   8.6 200.0 284.8  15.3    .0  73.2  38.9  32.4
1921     341   355   100   139  1222.  2184.  8438.  9284. 19906.   .47  4.90  683.  2.91  -51.  333.   84.    213.   7.  33.  56.  6.70 104.4   6.5 -28.1   6.0 200.0 285.0    .5    .0  69.8  38.8  32.3
1922     341   356    95   134  1212.  2143.  8533.  9218. 19894.   .46  4.79  706.  2.82  -27.  276.   83.    244.  44.  28. 150.  6.07 107.2   6.5 -30.0   5.0 200.0 281.4   4.1    .0  70.7  38.9  32.4
1923     341   358    93   132  1264.  2241.  8211.  9897. 20349.   .49  5.06  703.  2.90  -62.  439.   84.    265. 111.  44. 127.  5.82 109.6   6.5 -24.0   7.9 200.0 283.9  12.8    .0  71.7  39.0  32.5
1924     341   354    93   134  1192.  2071.  8526.  9067. 19664.   .46  4.56  703.  2.80  -23.  256.   94.    241.   0.  26. 128.  5.87 107.3   6.5 -40.0   4.6 200.0 275.4    .0    .0  71.4  38.9  32.4
1925     341   354    92   135  1196.  2127.  8312.  9565. 20005.   .48  4.73  726.  2.76  -21.  173.   91.    246.   0.  17. 203.  5.93 108.9   6.5 -35.2   3.1 200.0 280.4    .0    .0  71.3  38.9  32.5
1926     341   355   101   133  1282.  2237.  8874.  7747. 18857.   .41  4.85  678.  2.78  -50.  451.   82.    234. 105.  45.  65.  5.96 103.2   6.5 -21.5   8.1 200.0 283.1   9.2    .0  66.6  38.7  32.3
1927     341   353    92   134  1138.  2006.  8393.  9016. 19416.   .46  4.47  701.  2.77  -21.  243.   89.    238.   9.  24. 138.  5.94 106.7   6.5 -42.0   4.4 200.0 271.8   1.1    .0  71.4  38.9  32.4
1928     341   357    96   139  1336.  2361.  8549. 10723. 21633.   .50  5.25  773.  2.80  -42.  222.   83.    251.  22.  22. 199.  6.47 106.7   6.5 -21.5   4.0 200.0 290.5   1.7    .0  74.5  38.9  32.4
1929     341   351    98   135  1294.  2299.  9011.  8556. 19866.   .43  5.15  700.  2.84  -81.  508.   81.    229. 133.  51.  68.  6.40 105.0   6.5  -8.1   9.1 200.0 293.9  14.9    .0  67.6  38.8  32.3
1930     341   351    92   130  1242.  2168.  8552.  8790. 19510.   .45  4.83  711.  2.74  -23.  322.   86.    251.  27.  32.  97.  5.80 105.4   6.5 -31.6   5.8 200.0 280.3   2.4    .0  69.6  38.8  32.4
1931     341   350    89   127  1137.  2012.  7366.  7942. 17321.   .46  4.40  599.  2.89  -51.  244.   86.    246.   6.  24. 170.  5.21 105.4   6.5 -58.4   4.4 200.0 254.4    .5    .0  68.1  38.8  32.4

 MEANS over  30 years  :
        341.  354.   95.  135.  1247.  2204.  8463.  9564. 20230.   .47  4.91  722.  2.80  -38.  316.   86.    245.  42.  32. 126.  6.14 107.6   6.5 -26.1   5.7 200.0 286.1   4.4    .0  70.7  38.9  32.4
 STANDARD DEVIATIONS  :
          0.    2.    3.    4.    75.   135.   409.   865.  1136.   .02   .32   45.   .06   19.   85.    7.     11.  42.   9.  49.   .44   2.4    .0  14.0   1.5    .0  14.0   4.8    .0   2.5    .1    .1
 VARIATION COEFFICIENTS (%)  : 
          .0    .7   3.2   2.9    6.0    6.1    4.8    9.0    5.6   4.7   6.5   6.2   2.2  48.8  27.0   7.8     4.3 99.2 27.0 39.0   7.2   2.3    .2  53.8  27.0    .0   4.9 110.4    .0   3.5    .2    .2



*** RESULTS OF CROP GROWTH MODEL NWHEAT *** SUMMARY OF OUTPUT FOR WINTER WHEAT AND YIELD STATISTICS ***

Name of run: S3W2 , Station= 3140 , Soil=   1, Crop=   2, Organic M.=   1, Nsoil=   1, IRR=   0, Runof=  .10
 Sevil., UKTR scen.(normal) dec.31-40, no Var. change,wat-lim. prod.,CO2 454ppm  


YEAR     SOW EMERG  ANTH  HALT   WRT   WLV    WST   WGR    TAGB     HI  LAIM PARAB  RUE   DWAV RAIN  ESOIL   TRANS DRAIN RUNOF IRR  WUE MINOM MINFM DNTOT NRAIN NGIFT NUPT  NLEACH NIMMO  NUE  DNFM  NBIOM
1902     341   357    94   142  1209.  2142.  8752.  9062. 19956.   .45  4.81  799.  2.50   85.  282.   82.    210.  46.  28.   0.  6.83  98.9   6.4 -16.9   5.1 200.0 286.7   4.2    .0  69.6  38.5  32.1
1903     341   352    95   134  1148.  2030.  7675.  8165. 17870.   .46  4.57  702.  2.55   76.  271.   80.    224.  16.  27.   0.  5.87 101.2   6.4 -40.0   4.9 200.0 268.5   1.2    .0  66.6  38.6  32.2
1904     341   356    95   134  1336.  2350.  8689.  9455. 20494.   .46  5.21  738.  2.78   50.  387.   78.    259.  61.  39.   0.  6.08 107.4   6.5  -8.9   7.0 200.0 302.5   5.9    .0  67.8  38.9  32.4
1905     341   351    98   142  1339.  2407.  9235. 10811. 22454.   .48  5.47  797.  2.82   15.  343.   81.    230.  13.  34.   0.  7.23 104.9   6.5    .1   6.2 200.0 313.1   1.0    .0  71.7  38.8  32.3
1906     341   355   100   139  1340.  2394.  8650.  9968. 21012.   .47  5.39  741.  2.83   14.  387.   74.    243.  45.  39.   0.  6.62 103.6   6.5  -8.3   7.0 200.0 301.3   3.7    .0  69.7  38.7  32.3
1907     341   353    95   137  1352.  2397.  9031. 10138. 21566.   .47  5.37  755.  2.86   16.  336.   78.    241.   0.  34.   0.  6.76 107.5   6.5  -4.0   6.1 200.0 312.4    .0    .0  69.0  38.9  32.4
1908     341   356    91   134  1116.  1958.  8000.  8668. 18626.   .47  4.33  681.  2.73   88.  301.   81.    215.  64.  30.   0.  6.31 101.4   6.4 -43.2   5.4 200.0 261.3   6.3    .0  71.3  38.6  32.2
1909     341   352    96   135  1312.  2333.  8490.  6799. 17622.   .39  5.26  700.  2.52  -18.  361.   81.    216.   9.  36.   0.  5.92  97.2   6.4  -4.8   6.5 200.0 301.0    .7    .0  58.5  38.4  32.0
1910     341   358    95   134  1306.  2310.  8549.  7232. 18091.   .40  5.14  700.  2.59    2.  339.   79.    226.   2.  34.   0.  5.92  95.8   6.4 -13.2   6.1 200.0 291.5    .1    .0  62.1  38.4  32.0
1911     341   354    95   128  1253.  2232.  8414.  4709. 15356.   .31  4.95  662.  2.32   52.  293.   80.    204.  30.  29.   0.  5.39  93.1   6.4 -15.9   5.3 200.0 282.6   2.5    .0  54.3  38.2  31.8
1912     341   355    98   139  1193.  2146.  7946.  8958. 19050.   .47  4.81  745.  2.56   80.  341.   74.    229.  83.  34.   0.  6.28  97.1   6.4 -20.8   6.1 200.0 276.9   9.0    .0  68.8  38.4  32.0
1913     341   352    95   143  1308.  2292.  8517. 11256. 22065.   .51  5.08  785.  2.81  -27.  387.   82.    239.   0.  39.   0.  6.87 111.7   6.5 -29.8   7.0 200.0 292.2    .0    .0  75.5  39.0  32.5
1914     341   351    92   132  1286.  2258.  8686.  4324. 15267.   .28  5.03  722.  2.11   66.  234.   88.    188.   0.  23.   0.  5.53  96.4   6.4  -4.4   4.2 200.0 299.2    .0    .0  51.0  38.4  32.0
1915     341   350    90   134  1311.  2305.  8525. 10165. 20995.   .48  5.13  778.  2.70   19.  362.   84.    260.   0.  36.   0.  6.09 111.7   6.5 -20.8   6.5 200.0 300.5    .0    .0  69.9  39.0  32.5
1916     341   355    97   139  1323.  2299.  9018.  6678. 17995.   .37  5.07  773.  2.33   86.  209.   76.    188.   9.  21.   0.  6.81  92.8   6.4   2.1   3.8 200.0 301.0    .7    .0  59.8  38.2  31.8
1917     341   353    95   132  1195.  2115.  8367.  3132. 13614.   .23  4.74  638.  2.13   71.  186.   85.    154.   0.  19.   0.  5.71  92.5   6.4 -15.2   3.4 200.0 283.7    .0    .0  48.0  38.2  31.8
1918     341   354    93   138  1130.  1990.  7172.  4552. 13714.   .33  4.28  693.  1.98   90.  190.   85.    176.   0.  19.   0.  5.26  91.0   6.3 -39.1   3.4 200.0 259.1    .0    .0  52.9  38.1  31.7
1919     341   356    90   129  1130.  1991.  7831.  5732. 15553.   .37  4.43  664.  2.34   88.  331.   78.    212.  96.  33.   0.  5.36  96.8   6.4 -38.6   6.0 200.0 256.0  12.1    .0  60.8  38.4  32.0
1920     341   350    92   135  1211.  2135.  8227. 10447. 20808.   .50  4.87  728.  2.86  -58.  479.   73.    238.  61.  48.   0.  6.67 103.1   6.5 -25.2   8.6 200.0 284.2   6.0    .0  73.2  38.7  32.3
1921     341   355   100   139  1222.  2184.  8438.  9284. 19906.   .47  4.90  683.  2.91   -4.  333.   82.    213.   0.  33.   0.  6.74 100.4   6.4 -23.4   6.0 200.0 286.2    .0    .0  69.6  38.6  32.2
1922     341   356    95   134  1212.  2143.  8532.  8073. 18749.   .43  4.79  704.  2.66   86.  276.   74.    217.  44.  28.   0.  6.44 100.0   6.4 -25.6   5.0 200.0 278.6   4.1    .0  67.3  38.6  32.1
1923     341   358    93   132  1263.  2240.  8194.  9261. 19695.   .47  5.06  702.  2.80   29.  439.   80.    256.  89.  44.   0.  5.87 103.8   6.5 -18.9   7.9 200.0 286.7   9.2    .0  68.7  38.8  32.3
1924     341   354    93   134  1095.  1916.  8196.  6705. 16816.   .40  4.27  683.  2.46   71.  256.   96.    205.   0.  26.   0.  5.59 100.2   6.4 -39.4   4.6 200.0 269.1    .0    .0  62.5  38.6  32.2
1925     341   354    92   135  1194.  2124.  8243.  1621. 11988.   .14  4.72  677.  1.77   88.  173.   92.    151.   0.  17.   0.  4.92  90.5   6.3 -41.4   3.1 200.0 255.9    .0    .0  46.8  38.0  31.7
1926     341   355   101   133  1246.  2179.  8807.  7689. 18675.   .41  4.74  672.  2.78  -22.  451.   81.    231.  72.  45.   0.  6.00 101.1   6.4 -26.5   8.1 200.0 279.2   6.3    .0  66.9  38.6  32.2
1927     341   353    92   134  1071.  1896.  8201.  7307. 17404.   .42  4.25  686.  2.54   75.  243.   83.    211.   0.  24.   0.  5.91  95.2   6.4 -35.0   4.4 200.0 268.5    .0    .0  64.8  38.3  31.9
1928     341   357    96   139  1230.  2201.  6948.  8945. 18095.   .49  4.73  722.  2.51   61.  222.   88.    173.   0.  22.   0.  6.94  85.4   6.3 -29.9   4.0 200.0 262.3    .0    .0  69.0  37.7  31.4
1929     341   351    98   135  1289.  2291.  9004.  8549. 19844.   .43  5.13  699.  2.84  -81.  508.   80.    229.  67.  51.   0.  6.42 102.5   6.4 -15.0   9.1 200.0 293.5   6.0    .0  67.6  38.7  32.2
1930     341   351    92   130  1236.  2159.  8540.  8778. 19477.   .45  4.81  710.  2.74   57.  322.   79.    250.  18.  32.   0.  5.92 101.3   6.4 -25.7   5.8 200.0 283.0   1.5    .0  68.8  38.6  32.2
1931     341   350    89   127  1130.  2002.  7336.  3518. 12856.   .27  4.38  581.  2.21   58.  244.   90.    187.   0.  24.   0.  4.64  88.8   6.3 -43.7   4.4 200.0 253.0    .0    .0  50.8  37.9  31.6

 MEANS over  30 years  :
        341.  354.   95.  135.  1233.  2181.  8340.  7666. 18187.   .41  4.86  711.  2.55   40.  316.   82.    216.  28.  32.   0.  6.10  99.1   6.4 -22.4   5.7 200.0 283.0   2.7    .0  64.1  38.5  32.1
 STANDARD DEVIATIONS  :
          0.    2.    3.    4.    80.   144.   532.  2421.  2715.   .09   .34   48.   .29   47.   85.    5.     28.  32.   9.   0.   .62   6.3    .1  13.5   1.5    .0  16.9   3.4    .0   7.8    .3    .3
 VARIATION COEFFICIENTS (%)  : 
          .0    .7   3.2   2.9    6.5    6.6    6.4   31.6   14.9  21.4   7.0   6.7  11.2 116.0  27.0   6.4    13.2115.8 27.0   .0  10.2   6.3    .8  60.1  27.0    .0   6.0 125.6    .0  12.1    .8    .8
